-- phpMyAdmin SQL Dump
-- version 4.9.2
-- https://www.phpmyadmin.net/
--
-- Host: 127.0.0.1:3308
-- Generation Time: Mar 03, 2021 at 05:07 PM
-- Server version: 8.0.18
-- PHP Version: 7.3.12

SET SQL_MODE = "NO_AUTO_VALUE_ON_ZERO";
SET AUTOCOMMIT = 0;
START TRANSACTION;
SET time_zone = "+00:00";


/*!40101 SET @OLD_CHARACTER_SET_CLIENT=@@CHARACTER_SET_CLIENT */;
/*!40101 SET @OLD_CHARACTER_SET_RESULTS=@@CHARACTER_SET_RESULTS */;
/*!40101 SET @OLD_COLLATION_CONNECTION=@@COLLATION_CONNECTION */;
/*!40101 SET NAMES utf8mb4 */;

--
-- Database: `grilmsystem`
--

-- --------------------------------------------------------

--
-- Table structure for table `compound`
--

DROP TABLE IF EXISTS `compound`;
CREATE TABLE IF NOT EXISTS `compound` (
  `id` int(11) NOT NULL AUTO_INCREMENT,
  `created_at` datetime(6) NOT NULL,
  `created_by` varchar(255) NOT NULL,
  `updated_at` datetime(6) NOT NULL,
  `updated_by` varchar(255) NOT NULL,
  `code` varchar(255) DEFAULT NULL,
  `live_dead` varchar(255) DEFAULT NULL,
  `name` varchar(255) DEFAULT NULL,
  `price` decimal(10,2) NOT NULL,
  PRIMARY KEY (`id`)
) ENGINE=InnoDB AUTO_INCREMENT=5 DEFAULT CHARSET=utf8mb4 COLLATE=utf8mb4_0900_ai_ci;

--
-- Dumping data for table `compound`
--

INSERT INTO `compound` (`id`, `created_at`, `created_by`, `updated_at`, `updated_by`, `code`, `live_dead`, `name`, `price`) VALUES
(1, '2021-03-02 21:13:48.881997', 'anonymousUser', '2021-03-02 21:13:48.881997', 'anonymousUser', 'AGT9987', 'ACTIVE', 'Agricultural Tyre Compound', '500000.00'),
(2, '2021-03-02 21:15:46.890278', 'anonymousUser', '2021-03-02 21:15:46.890278', 'anonymousUser', 'AGT9988', 'ACTIVE', 'Agricultural Tyre Compound', '500000.00'),
(3, '2021-03-02 21:17:52.629058', 'anonymousUser', '2021-03-02 21:17:52.629058', 'anonymousUser', 'H3495837', 'ACTIVE', 'H tyre compound', '12000.00'),
(4, '2021-03-02 21:25:04.534000', 'anonymousUser', '2021-03-02 21:25:04.534000', 'anonymousUser', 'GKRSDS666', 'ACTIVE', 'G Tyre compound', '900000.00');

-- --------------------------------------------------------

--
-- Table structure for table `customer`
--

DROP TABLE IF EXISTS `customer`;
CREATE TABLE IF NOT EXISTS `customer` (
  `id` int(11) NOT NULL AUTO_INCREMENT,
  `created_at` datetime(6) NOT NULL,
  `created_by` varchar(255) NOT NULL,
  `updated_at` datetime(6) NOT NULL,
  `updated_by` varchar(255) NOT NULL,
  `address` varchar(255) CHARACTER SET utf8 COLLATE utf8_bin DEFAULT NULL,
  `code` varchar(255) DEFAULT NULL,
  `company_name` varchar(255) DEFAULT NULL,
  `customer_type` varchar(255) DEFAULT NULL,
  `email` varchar(255) DEFAULT NULL,
  `live_dead` varchar(255) DEFAULT NULL,
  `mobile` varchar(10) DEFAULT NULL,
  `name` varchar(255) DEFAULT NULL,
  `nic` varchar(12) DEFAULT NULL,
  `title` varchar(255) DEFAULT NULL,
  PRIMARY KEY (`id`),
  UNIQUE KEY `UK_rm1bp9bhtiih5foj17t8l500j` (`code`),
  UNIQUE KEY `UK_dwk6cx0afu8bs9o4t536v1j5v` (`email`),
  UNIQUE KEY `UK_4h6a5iro7ibjn1v8g2n7pktiw` (`mobile`),
  UNIQUE KEY `UK_9st6x9trhf0s27g0vgpcaeu3m` (`nic`)
) ENGINE=InnoDB AUTO_INCREMENT=4 DEFAULT CHARSET=utf8mb4 COLLATE=utf8mb4_0900_ai_ci;

--
-- Dumping data for table `customer`
--

INSERT INTO `customer` (`id`, `created_at`, `created_by`, `updated_at`, `updated_by`, `address`, `code`, `company_name`, `customer_type`, `email`, `live_dead`, `mobile`, `name`, `nic`, `title`) VALUES
(1, '2021-03-02 20:44:35.082243', 'admin', '2021-03-02 20:44:35.082243', 'admin', 'No345, Gangodawila', 'GRIS210000', 'GRI', 'INTERNAL', 'gihan@gritires.com', NULL, '0763456465', 'Gihan Samaranayake', '977383452V', 'MR'),
(3, '2021-03-02 20:53:51.156630', 'admin', '2021-03-02 20:53:51.156630', 'admin', '909 sapumal uyana', 'GRIS210001', 'DSI', 'EXTERNAL', 'dilshan@dsi.lk', NULL, '0775689785', 'Dilshan Darshana', '923454322V', 'MR');

-- --------------------------------------------------------

--
-- Table structure for table `discount_ratio`
--

DROP TABLE IF EXISTS `discount_ratio`;
CREATE TABLE IF NOT EXISTS `discount_ratio` (
  `id` int(11) NOT NULL AUTO_INCREMENT,
  `amount` int(11) NOT NULL,
  `discount_ratio_status` int(11) DEFAULT NULL,
  `live_dead` varchar(255) DEFAULT NULL,
  `name` varchar(255) DEFAULT NULL,
  PRIMARY KEY (`id`)
) ENGINE=InnoDB AUTO_INCREMENT=4 DEFAULT CHARSET=utf8mb4 COLLATE=utf8mb4_0900_ai_ci;

--
-- Dumping data for table `discount_ratio`
--

INSERT INTO `discount_ratio` (`id`, `amount`, `discount_ratio_status`, `live_dead`, `name`) VALUES
(1, 50, 0, 'ACTIVE', 'Half Price'),
(2, 100, 0, 'ACTIVE', 'Full Discount'),
(3, 25, 0, 'ACTIVE', 'q discount');

-- --------------------------------------------------------

--
-- Table structure for table `employee`
--

DROP TABLE IF EXISTS `employee`;
CREATE TABLE IF NOT EXISTS `employee` (
  `id` int(11) NOT NULL AUTO_INCREMENT,
  `created_at` datetime(6) NOT NULL,
  `created_by` varchar(255) NOT NULL,
  `updated_at` datetime(6) NOT NULL,
  `updated_by` varchar(255) NOT NULL,
  `address` varchar(255) CHARACTER SET utf8 COLLATE utf8_bin DEFAULT NULL,
  `calling_name` varchar(255) DEFAULT NULL,
  `civil_status` varchar(255) DEFAULT NULL,
  `code` varchar(255) DEFAULT NULL,
  `date_of_assignment` date DEFAULT NULL,
  `date_of_birth` date DEFAULT NULL,
  `designation` varchar(255) DEFAULT NULL,
  `employee_status` varchar(255) DEFAULT NULL,
  `gender` varchar(255) DEFAULT NULL,
  `land` varchar(10) DEFAULT NULL,
  `live_dead` varchar(255) DEFAULT NULL,
  `mobile_one` varchar(10) DEFAULT NULL,
  `mobile_two` varchar(10) DEFAULT NULL,
  `name` varchar(255) DEFAULT NULL,
  `nic` varchar(12) DEFAULT NULL,
  `office_email` varchar(255) DEFAULT NULL,
  `title` varchar(255) DEFAULT NULL,
  PRIMARY KEY (`id`),
  UNIQUE KEY `UK_nbyivu8qgmx0r7wtbplf01gf8` (`code`),
  UNIQUE KEY `UK_dihajhqd7lkqn3lhsawly3t9r` (`nic`),
  UNIQUE KEY `UK_ldqrk7j96ef2tqxsonr4dqf0r` (`office_email`)
) ENGINE=InnoDB AUTO_INCREMENT=6 DEFAULT CHARSET=utf8mb4 COLLATE=utf8mb4_0900_ai_ci;

--
-- Dumping data for table `employee`
--

INSERT INTO `employee` (`id`, `created_at`, `created_by`, `updated_at`, `updated_by`, `address`, `calling_name`, `civil_status`, `code`, `date_of_assignment`, `date_of_birth`, `designation`, `employee_status`, `gender`, `land`, `live_dead`, `mobile_one`, `mobile_two`, `name`, `nic`, `office_email`, `title`) VALUES
(1, '2021-03-02 20:18:59.353634', 'anonymousUser', '2021-03-02 20:18:59.353634', 'anonymousUser', NULL, 'Admin', 'UNMARRIED', '11111111', '2021-03-02', '2003-03-02', 'LA', 'WORKING', 'MALE', NULL, 'ACTIVE', '0750000000', NULL, '908670000V', NULL, NULL, 'MR'),
(2, '2021-03-02 20:22:36.263074', 'admin', '2021-03-02 20:22:36.263074', 'admin', 'No,453, Godagamuwa, Gampaha', 'Chaminda', 'MARRIED', 'JNSE210000', '2021-03-02', '1989-06-14', 'SQA', 'WORKING', 'MALE', '0332244539', 'ACTIVE', '0756383434', '0765345345', 'Chaminda Rathnayake', '934878933V', 'chaminda@gritires.com', 'MR'),
(3, '2021-03-02 20:25:07.529169', 'admin', '2021-03-02 20:25:07.529169', 'admin', '34A, Kadana', 'SarithaG', 'UNMARRIED', 'JNSE210001', '2021-03-01', '1992-10-13', 'QA', 'LEAVE', 'FEMALE', '0332245645', 'ACTIVE', '0775345345', '0752342342', 'Saritha Gunasekara', '924244445V', 'saritha@gritires.com', 'MRS'),
(5, '2021-03-02 20:42:35.126167', 'admin', '2021-03-02 20:42:35.126167', 'admin', '345345 Nugegoda', 'GihanS', 'UNMARRIED', 'JNSE210002', '2021-03-01', '1997-11-29', 'TA', 'WORKING', 'MALE', '0335657899', 'ACTIVE', '0754587985', '0775795498', 'Gihan Samaranayake', '978342343V', 'gihan@gritires.com', 'MR');

-- --------------------------------------------------------

--
-- Table structure for table `employee_files`
--

DROP TABLE IF EXISTS `employee_files`;
CREATE TABLE IF NOT EXISTS `employee_files` (
  `id` int(11) NOT NULL AUTO_INCREMENT,
  `created_at` datetime(6) NOT NULL,
  `created_by` varchar(255) NOT NULL,
  `updated_at` datetime(6) NOT NULL,
  `updated_by` varchar(255) NOT NULL,
  `mime_type` varchar(255) DEFAULT NULL,
  `name` varchar(255) DEFAULT NULL,
  `new_id` varchar(255) DEFAULT NULL,
  `new_name` varchar(255) DEFAULT NULL,
  `pic` longblob,
  `employee_id` int(11) DEFAULT NULL,
  PRIMARY KEY (`id`),
  UNIQUE KEY `UK_5eob6je5op1e4m7v20v5i01p2` (`new_id`),
  KEY `FKolualpa5dydj5r06txltc1y6d` (`employee_id`)
) ENGINE=InnoDB AUTO_INCREMENT=4 DEFAULT CHARSET=utf8mb4 COLLATE=utf8mb4_0900_ai_ci;

--
-- Dumping data for table `employee_files`
--

INSERT INTO `employee_files` (`id`, `created_at`, `created_by`, `updated_at`, `updated_by`, `mime_type`, `name`, `new_id`, `new_name`, `pic`, `employee_id`) VALUES
(1, '2021-03-02 20:22:36.331161', 'admin', '2021-03-02 20:22:36.331161', 'admin', 'image/png', 'maleuser.png', '58a9e0db-3806-4347-8743-a7f75062c6bcemployee', '934878933V-2021-03-02T20:22:36.324143900', 0x89504e470d0a1a0a0000000d49484452000000e1000000e10803000000096d224800000132504c54454f92fffffffff9d2a0252546306bfff6bd8e4f93ff5196ff24213f4b90ff314983f8cc9bf3b18d478efffcd5a22d69ffccad8a428cfff9fbffccdeffeff5ffdfebfff5f9ff000e40212245accaff2967ff4282ff5e9bff97bcff7aabffd6e4ffa2c4ff326efffdf2e886b4ff68a2ff1b1e433b79ffb7d3ffe9f0ffb5ceff8eb9ff74a8ffc2d8ffd2c1be1e63ffddbb946e99f0e3b899abb4d1407fff3773ff678fff4a86eb2a3460231d3821162e4b88ee4170c5eac69a2c2b4a443e52bda18565585e9e8779ab917bf5ba92e9ccaaf7c9a32c3b6b3653943b60ab7d6c6800003a60505aa98574c79a7e8d8295a5a7cb92a2dad2b4a9564d59c3b0b2fdbf8686736c11174289a0e0bdbac897acda86a7e0dbc7b3c4bdc18ba9ff9cb4fff9d7bf789bff3f6abc7ba2eb9dafd5feebdafadcb6e9988595000011e549444154789cd59dfb63dab616c74d1e769d14880133de8f0109248cb40da4bd0979774dd2dcdd6e5943d76da4e963ffffbf70251b83b12559d69143f7fda90d46e8e3a3a37324cb92128b56a9542adb4e6fe5cbdb959d6649d31445d1b45273a7b25dce6fa5cd2cfa3ce21a2891959ccdb4cd74beb153320c238ea42b6ee9713d1e479f94761af9b4d9ce6423ab47348459b3daad554aba11d7e7c1fcd2f5b8a1972ab56ed58c8632024233dd29ef68c86e016c6e217b6a3be54eda945f1dd98466a78c6c170fb21cd19a7164cb724736a4544233df686a81ed9249a96bcd465e2aa43cc26ca7525241780ea45aaa74e4f9a42cc26ac3904037a3341a5549359341986a6f350d79781348a3b9d596112be184d96aad249dcf662cd5aaf0d60a25cca4cb5a98b0104e71ad9cce2c9430db6d44c8673336ba303b8208bb8d5214cd735e7aa9d15d1061b5a245cf67316a1540c72a4c98d996181d0219f56d61771424cc7422f63fafe25a47905188309bde795c3e8b71272dd4e588109ab54772c079e95a4d24610d4f98da6a3ebe016dc59b5be1cd189ad0dc7e640f9c43d4b6439b312c61b7b988063a93de0c1b1cc311666bca620111a25a0ed75243119a4d63c17c584633544b0d41984aab8bf340b7e26a3ac4b08a9f30935f74039d49cff3877f6e42737bd15873e2ef537909ab95453379c49d8c7312a6171c24fcd29b699984dd85a4696ce91a5f64e422ec7c0f41c22fa323893095ff3e0111629e236a0413a23ce6fb552d38bf0924ccd6d4456330a40623061166173316e4151a3306210610a6be6b0b2a3811af05f86200e17794a9d1a4e72184df6998985740d0601276ff0d80089119fa5984696dd175e794c64ae01884d5ef2e17a5496f32d2703aa159f9b70022c40a7d304525cc481c0faaaae696aa924210be483c34d167fd6984a9bc38d07cc511d2c1e1d5e5da1bacb5b5cbababc37dc521552d34eb0ea887975707e288d41495469896d14471dd0f3eafbd5c5e5e7e32d5b2a5376b979f0ff7f7f1350707fb8757f8a2272f0fc509755a6f43213425a43216de9b57af264cf342a8af5ebdfa8f2df42f8bfcd515e4e728ae4826ccc227ee55e5e0f072998c47d3934b40338d37c9192a99b00c0df5c87c876bcba1f030e1da3ea0ed18657ec22eb48daaaa001f94505189b90d89d004867a55dbbf14e00313eac4c9700261761b087870f552840f4ca8e8db045724106e81d25155dd7f2384b70cec69b0b42d1e42583aaaaa9f9f8819d022047600a404d547982d4302857a70f94a940f117e86767171ffa3371f611ad49bedaf01009721398d53035f6ae325cc005659a018f146b8856213ae01dd50c12b36bc29b897300f00540e05fb50970de188de691b0f6106d28f420111e26705de4e334cc26d80090f85a2bc4797602bc6b7598455f140a11e4ae043c38b97605fd4ab0c42f1890b755f0a201e24ee035baa5ea1137685bd50dd07fbe00cf1108838ff60d14d986d889a503d5893052801516f642984dd9228a072258d4f0662a94b26cc889bf0f0a54c420b1122bd9121120a4f71a35c4d5e1bb5119761c328f724f88c1090725f49060423ba13f0196155dc84d2fa5117222c2e6a553f61aa266e42c878828ab806c96ee2b3e7a653c2b67047ba2fb79b990a3279aa94da3ec22de109c4484c6875a8806180b1e523149dbb5095884c081b2eea4d2f6155d484ea613426c4fa2c0c888c58f5100a477b4d762c9ce9c91b40c8d01bf38459e18e548b8a6f19f8a4c6c8ce1176c413b6c84c88f41262c4ad3942e181a176192521c488ce30d12634458361946e88f51210f64ba68b302f5a4e74b1c2d62bc00caa9a77118a8f9ba24a68267ab2261ef527bda94528fe384d3d8c1410497c2c3c79d866118a3f6dd2a40eee097a0268a6f693288bb02c3cc5268df0289723135e029a69d9216c8b4f226a9772005b77d764c4276f008495f684302d1c2b6485c3dcf1eef09c8c08190997d21342e184465a381cdd0d134b27c72d1221641551c726843c139543983b3e492c2d2d6d9c8e081f7e166fa6d6740d223477166dc3d6dd125662783df2b7d42b8023ee9816a1f014942cc2dced6ec2465c3a3ff221023a536b424a81ad759641983b3ab70131e3c9adc71921e1c25a1fadc4b2e2936c72085bd74b3325764f5b73660411c66b594498a92c96b0753b4cb8118777476e33423253255ec92042e169443984b9a30d37a0e58ceeb00122c4938a4acc842c100213e67227f380581b37334418a16e22c23464a5a543d8226795c180ad731f1fd2f0741a366084461a1102d6974c095b77c74288b9a31312e0522271e7e47030c2782da6a48447bf2ec21f76c9295710e031a1893a61635220b09536524a0a90d1cc0837fc812c58ad1b2a2042dc386d4920dc4184a0b59633c2c42e65fc4335e0e87a970e88117f80132a5a4ac9809674cf0851203b0bd35247c7e74316a0244223a398b2085120db382564ce6403b6ae37969880b2084d05142ce608918627c73f7030e6b0019978f208d3ca16e8cd0a0f21d2d9518bed8fb95cebe86c3d884f16617c4b81e4dd244294749d1e5333805c2b77747b16d03ea512d614f1793632a1e58f6718d24b898cd73ababd3ee1e29345a8979586641b5a954b0c4fceee10e568d442a088acd51ab58e8e4fcfce77137c7cd26cd85060ef5192092dc8a5dd9393f3b3ebebd39bdbd3d3ebbbb3f3930d84c7cb27cd86150594d2d0092d48c433dcb535b4ff1b429208779426e4fb4c42176838369984880f32feb50891978dde32084595d8788bbc3807252c29b0ef6b6bada39bff3e5fe5886fa1b57ef1cb7f6f8e5a40420d4c78f3cb2a522484b8e05f6ec08420e9a5ffadae5209f91c907ad5ba5df4ff1e61275fbab4771754421413cfcfcf990324ebb25d74d50969983121bc78b7c8ad1d7e7dbe4a25dcbd3e6e8d8e4ec9d314339d9c1e8d5ac7d7bb54c2d5e7bfc22a09b841fab3df56698489e12dceda722dfa448575d9c9b17dd9addf8a0ee1ea6fcf00ed14d6d3fcba4a255cba9b3c476a9d321a2a9ee1b62f1bdd516db8ba0a31a2068987a5df1984ce2396dc326b32e664d9b9ec8841f83ba492809c467ff69c41f8d619528c5884e7d327866f1984cf01cdb409c84bf567ab0cc269d55b4c1b4e67765a0cc255714294978a8f2df467ef1984cec47cee9895b36e3833c9ad1b06e17b006105303e64dbf0643229d5ba63cdc80cefec1b911bf9a38a141ba2f1a1f8189fed87c3b3510bd79cd5955a9d29be13add199ff3e48f14334c607ccd330fb5264c59bd1db6342cdbd77e2f8ede896941748e94be335d05cdbc7f72c42ce8121f5b229e1fb8fe2558c6f41e64b59398d0449c9698c346ccefbd78b4720bc80a43486097b6ea1bd7b0442d0d8c2c8c09e3de9a5779113be038d0f35e8f3435dfbf0dbfb0809dffff601b4bba8f5fc10f40c18a9f4e1f7e7ef23217cfffcf70fb08932eb19700cf6e06252d04f11ccb5fd2461f6023fc787adc5700a8a8450c2adb7d66298120afa6e09adf534a035515112fe2d81d05a13055ad73691feb77cc2a5bfe17e68af6b03ad4d7408ff900fb8f48704426b6da28cbd74f5171110be8013daeb4b6355b823ea1f03171e589ae4615cd70e3fc2094bf61a61c0eb1653c22fafb91c310461e2f51778b5f00b17c0b5fa8e4a7c844bfc264cbc86372d67ad3ee47d0b47fa5f9c9de93a6f0a9bf84b42ad3af07766a665c9ef4c2574a5d377666438e29fd209ff94e386d077d7a6d2a413c29fa9cdde5d03ee76694976de26232b75bd7f08dd9255c1cd5432a18446ea7a8754fc3d605779d4d5a2eb174f2f881fa0bfd33ad6c450428d5cef018bbfcbed2aef058d70f5e9d3a7249275f4775a6c4c4848d9e6dee5167f1f7f46f88c16f43109c158c8b464720cf81af2d877a2b9f7f1019bed4da5318de843b400e92694d093ceeda92025ada1e6a6168c07d1fe1b0d50424eeadd17437c6f939954aa11713bc58ccee7098befe953cae5c8841236bdf7ec6d22a5377d464f4e2f268cd890eb133e9a05514a2ac10bbdfbd388ef31e42ef4237d84b1fad42bea1023f15ac2c8d0bfc790f03e517362e4df13c339a24642a43f24b451ff3e5180bdbedcc5b272b7f55507f282398492d146497b7dc998540c1aebaf3b625c23a51f25eed706d873cf25fd03343d9590902ae43df7402fadcfa47f84212664f432e47d13a54cd7607d1559d4edf025be4aa90379ef4b6947747d64bf93c6025cfa2ae7a83ef2fea5803d68e7a532c2221bf03560d1855bb43d68c5f711f6fec09fbc336ff3807f49e96414fa3ec280bda03dd2bf083ca949fc2d254c28acbda001fb797b7fa3f482f3fdad29dfd20b692bd6e9fb794b1926dad2d52f7f8579c729f1d31755da6f33f66487ecabeffb9dd257ee3e3531fc2af13c57e6befa90b311fcbfa47efd870bf09f1732cfab659f8d003bdfc22555891bc57e33fb2d98f19f6fd966bf68c4e1275b4c7e9a7dbe056c0f89e98f284671b39eece107233fb219fff986aee9f492f5cda2218531e88c12d039330e5fbcb8d74f2657927d6bb2ebc79f698309f4f79f7fc497989be8ea647faf187f847366606705d97cc87cc9959595c2a06d135a0bdfe6064dd6fff09f6dc2f6a080ae4f6243421983cf0a829ef7a4ecf5eb180fa937cecc0829b20933e39efd9564bdbf076aab3ce73d41ceec52d5627d65c28708cb294ec254b9e77c29b9522f8aefcaca756617e44954b19f9cf22142fbac650e42d4d5ccbe861cb2285a01be73d784cfce3336575c7cc284d88e9b629346bc67e7093d6c431d4c7d8e0f4088fd51a4cbe13eff50e40c4bd5d84c7a00577a356ec29a871035d54d237c25b8cfb00c7d0ea9aa230f5cf1aa776fb7994f0cc24fd615d97b2f2162ec17f5708c61ce210d7996ac1af778a0ad821d2d62df1884dfac2b32e382ffebc81b43b5d47067c9863a0f5835fafefae12a0e6cb76034d349233507841b84d40fd352c39d071ce64c67d5f07631535f9a04277a33b51b69ac4a6a02b8843a3f62d8339d439ccb5df475318e7a13c7a01a7162c258d9ef86ce4de20e8da1cfe5e63e5bbd48e3c3cd34c336e2c484194a23b5cae0440c7fb63a720e9e290d7d8f5a37a482d37d93112780b12ea19f99698fa71a158a1332097912540448bffd7874e194456aa7af9d0f074c420e44523aca43c83109eecb633c9aa435c815fd56fc3471425f42e311ca6f82aaa1d17a9920c2c0f5d145a60571ed36a7eee18d8adf9c0f329b4185ac04201ac45c868b30d66121aa4640d570ed1e6685b9cdf869f6e787e052569841c3e8f82bce4d18cbd37d4035822c68ddff7b57693f7efa196bda3eb1eeb94a6120eade89997084a91aad68550ff0c149e5fa655aa0b2ca2f13125a4229755a8eaaab3556f9c184b16c8dd6dd04b9cf0c919c2f5aa5f3016287a6d442abd14be7234488e4bbc70c84f3f77fdca694dd1e73b5034b7be4961408184c881049251b75deaae1dc86dc1774061c3ee8889ca206037210a214d5d7a3e2f1520815fa637f48ae8efb057ec015d258caa026a3e1084941632f4cddacd9a587f949a2ad873e3563a794e16ba70161220c61ac3bffe8440dca65082af47a83fb4eb59d69573bf7835e8f9da99108ebc53923ea1a33d087248ca5e772d438673feaa962b2e728a4f926dfdf744f3ce84d56aa169e3056adb84a2f0ad44f86dcd95b85916c0b11c6ccd97831ce19c4642bd99f19719b3e5c12258c659c0c4e650c7a2346743c51cf5307bc00c258aaab5af7500ddfcdc822ac5b8471b5cb11250408f164b8b148134e8c6810a7b6e510a23c52d5d50579a145d847bfcfc873e18428323617d591da2a36f9a2a03861cc1cd743076b692ad4c7a15aa810612c9b2fb22756a253af980fd742c50871cebc10332203f2467928612cdb29f61ebbbb49f68a9df006142544e1bf5c7f54c664af5ee60ff23208d1f8fc21d4e80e085878a0cd13444788c61b83b0433c41bc647fc0398e904c8846c60ffde8bb9c42ff816ba41b09612c8319a3b46312f3093aa01442e48edd713fb23e27d9eb8fbbc20e288910d9317dbf190963b2b7799f86d94f0e210a8f666daf27b9b1260bbdbd9a2914003d924188957e408c92ba56544ea1f700e83ee7248b108fac06fd3a1c129550ef0f428e905892478854bd7f28d60b004864bc7af1e15e24fda44a2a2152b53c1e6c16849c3259286c0ec665a97831f9844866b7361ef47b6130115caf3f18d7baa1477fc18a80102963a63bc896bd5e70178b3a955e0fd9ae9336e19181a46808b1b26db3da418ed9c793dc8502ee696d0fc58bdc91c315305aaf8fdcae5335dbf27a16afa223b4954aa5b2a8d9de8f1f06c5bd3e5e0057eff7f7f68a8387f13d6a9459f479c435f83f7503777b85332ba50000000049454e44ae426082, 2);
INSERT INTO `employee_files` (`id`, `created_at`, `created_by`, `updated_at`, `updated_by`, `mime_type`, `name`, `new_id`, `new_name`, `pic`, `employee_id`) VALUES
(2, '2021-03-02 20:25:07.671826', 'admin', '2021-03-02 20:25:07.671826', 'admin', 'image/png', 'femaleuser.png', '4305576a-ab0e-4e93-aaa7-b967363e1a39employee', '924244445V-2021-03-02T20:25:07.670789700', 0x89504e470d0a1a0a0000000d4948445200000200000002000806000000f478d4fa00000006624b474400ff00ff00ffa0bda7930000000970485973000030f3000030f301cafa8faf00005cdd4944415478daeddd77785455fe06f0f7ce4c26bde726a1f74b2f0a88140be862af6bd9b1b22beacfb682b2a2ae6b597bc7defbbaa3bb7645141bba0a52a58436101248cfa4f74cbbbf3f66c000299364e6ce2defe779784088c9dcf7de3be73be79c7b8e20cb328848ddec0e672c80f42e7ec5038806600dfc1ecc9f01a015802bf07b307f6e0450d9d92f9b2436f3ac11a99bc002802872ec0e6714808100860018dce6f76c1cdcb8c76aecd09a717051500a201f405e9bdf0b6c92e8e2554014192c0088c2c8ee709a000cc0c18d7bdbdffb013019341e1f80621c5c14b4fd7d9f4d127dbc8a88c28305005188d81dce740013008c0ffc3e01c05800714ca7479a016c05b039f06b0b80cd3649ac603444bdc70280a89bec0ea715c0681cded8f7613a8a28419b8220f06b3b871388ba8705005117ec0ee730003301cc02301dc028001626a32a1e003b00ac02f033805f6c9298cb58883ac60280a80dbbc3690170047e6ff067c23f218fb4a714c02f081404007eb349a287b110f9b1002043b33b9c49f07faadfdfe04f03c7ecf5aa09c06afc5e10acb249621d6321a3620140861298957f148053009c0c600a8c3b0bdfe87c00d601f80ac032006bf8d40119090b00d23dbbc3990de024f81bfcb900d2980ab5a30ac072f80b82af6d9258ca4848cf580090ee04c6f167c0dfe09f0c60120081c95037c80036c25f0c7c056025e70f90deb000205db03b9cc900ce0670268013012431150aa13a00df02f80cc0273649ac6524a4752c0048b3ec0e6722fc0dfe85f077f15b990a29c005e06b00ef03f8cc2689f58c84b4880500698adde18c07703afc8dfe290062980a45500bfc1308df07f0854d121b190969050b0052bdc04e78a7c2dfe89f063ea647ead4046029fcc5c097dc1191d48e0500a952e071bdb9002e0370068004a6421ad200e073006f0358cec70b498d580090aad81dcefe00fe02e00af8b7c925d2ba7d005e03f0ba4d120b1907a9050b008a38bbc36986bf6bff4af8c7f5cd4c8574c80bff7c8157002cb549a297915024b100a088b13b9c43e0ffa4ff67007d9908194831803700bc6693c43cc64191c0028014657738a3009c05e02af89fd7e7023d646432fceb0bbc0ce0539b24ba19092985050029c2ee706600b816c07500329908d161ca013c07e0799b2456300e0a371600145676877338809b00cc0310cb4488bad40ce02d004fd8247117e3a07061014061617738670058047f773f77db23ea3e1ffc4b0f3f6e93c49f1907851a0b000a99c0b3fb67c3dff04f67224421b31ac063003ee6d303142a2c00a8d7ec0e671cfc5dfc0b010c672244619307e049f8d714e0b2c3d42b2c00a8c7ec0e670280bfc23fc69fce448814530d600980253649ac631cd4132c00a8db029ff8af05b018400613218a982a008f0078963d02d45d2c0028687687331ac0d5006e0390cd448854a31cc043005eb049620be3a060b000a02ed91d4e2bfc2bf6fd1d403f2642a45ac500ee07f0aa4d125d8c833ac302803a6477382d002e07f00f008398089166ec03702f80376d92e8611cd41e16007498c0e37c1703b80bc0302642a459b900ee01f02eb724a643b100a083d81dcee3e19f5d3c916910e9c626000b6c92b88251d07e2c0008c0819df91e03702ed320d2ad8f002ce20e8404b00030bcc0b3fcb7c3ff2c7f341321d2bd56004f0078c026890d8cc3b858001894dde114e09fe0f720f8481f911195c2ff48ef5b3649644360402c000cc8ee70ce847f9c7f0ad32032bc75f0cf0ff88551180b0b0003b13b9c03013c0ce04f4c83880ef11e80c53649dcc7288c81058001d81d4e33fc1bf5dc03208e891051079ae07ffcf749ee3aa87f2c0074ceee704e02f02a80c94c838882b41ec07c9b246e6414fac50240a7ec0e670c80bb01dc0cc0c24488a89b3c001e077037f717d02716003a1458cce7650023980611f5d22e0057711121fd6101a02376873305c0a3f06fdc233011220a1119c06b00fe6693c41ac6a10f2c0074c2ee709e0be059007d98061185490980eb6d92f811a3d03e16001a677738b3013c0fe01ca641440af918c0b536492c6514dac50240c3ec0ee799f077cb65300d22525805802b6c92f819a3d02616001a647738e3e05fcbfb6aa6414411f612809b6c92d8c428b4850580c6d81dce2301fc1bc048a641442ab113c0453649dcc028b483058046d81d4e13804500ee0310c544884865dc00ee00f0984d127d8c43fd58006880dde1ec0fe06d00b3990611a9dc0f002eb3496221a3503713235037bbc3793e80cd60e34f44da301bc0e6c07b17a9187b0054caee7026007806c03ca641441af526801b6c92d8c028d48705800ad91dce91f03f673b9a691091c66d07708e4d1277320a75e11080cad81dceb301ac011b7f22d287d100d604dedb4845d803a0128159fef701b8155cc79f88f44706f010803bf894803ab0005001bbc3990effb3fd73990611e9dc72f8d70ca8641491c50220c2020bfb7c046010d3202283d80be05c2e1c14599c0310417687731e805fc0c69f888c6510805f02ef811421ec018800bbc36905b004c0354c83880cee05000b6c92e86214ca6201a030bbc39905ff237ed399061111006015fc8f0a96310ae5b0005090dde11c0de04b0083990611d141f2019c6a93c4ed8c42199c03a010bbc3391bc04ab0f127226acf60002b03ef95a40016000ab03b9c9701f81a400ad32022ea500a80af03ef9914662c00c2ccee70de0de02d700b5f22a2604401782bf0de4961c43900611298e9ff2a804b990611518fbc03603e9f10080f16006160773853e09fe97f3cd32022ea9515f03f2150c328428b054088d91dce210096829bf9101185ca7600a7d924318f51840ee7008490dde19c0ce057b0f127220aa5d1007e0dbcc75288b0000811bbc3390bc0f7003299061151c86502f83ef05e4b21c0022004ec0ee71fe07fcc2f89691011854d12fc8f09fe8151f41e0b805eb23b9c6701f81c401cd320220abb38009f07de7ba9175800f482dde1b401f8004034d32022524c34800f02efc1d4432c007ac8ee70ce07f02f0016a64144a4380b807f05de8ba9075800f480dde15c00e065e64744145126002f07de93a907e15137d81dce3b003c0940601a44441127007832f0de4cdd098e0b0105cfee703e0ce016264144a44a8fd824713163080e7b0082c4c69f8848f56e09bc57531058000421d0b5c4c69f8848fd6ee17040703804d085c0e4922799041191a62cb449e212c6d03116009d083c5ef23238e18f88486b640057d924f15546d13e16001d082c30f12f7098848848ab7c002eb149a29d511c8e05403b024b4c7e002ef24344a4751e00e7d924f153467130160087086c32f139b8bc2f11915eb40238c32689df308adfb1006823b0cde4d7e0c63e44447ad304e0249b24fecc28fc580004d81dcec900be07b7f42522d2ab3a00736c92b89e51b0000000d81dce21007e0590c94b828848d7ca011c6d93c43ca30761f819ee76873305c052b0f1272232824c004b03effd8666e802c0ee705a017c0c6034ef092222c3180de0e3401b605846ef017815c0f1bc1788880ce778f8db00c3326c01607738ef067029ef012222c3ba34d0161892212701da1dcecb00bcc56b9f8888005c6e93c4b78d76d0862b00ec0ee76cf89ff58fe2354f444400dcf0af11f083910eda500580dde11c0d602580145eef4444d4460d80193649dc6e9403364c01607738b3e07fd67f30af7322226a473efc6b049419e1600d3109b0cde37e83797d1311510706c3408f071ae5298027014ce7b54d44445d980e6089110e54f743009cf14f44443df0679b24bea9e703d4750160773827c13fe92f96d732111175430b80993649dca0d703d46d016077385301ac073084d7311111f5c05e00936d9258a9c783d3e51c00bbc36902f02ed8f8131151cf0d02f0ef409ba23b7a9d047817805378ed1211512fcd05709f1e0f4c7743007687f334009f031078dd12115108c800ceb549e2277a3a285d1500768773188075e04a7f4444145a75008eb249e24ebd1c906e8600ec0e672c808fc0c69f8888422f09fe458212f472407a9a03f0048009bc468988284c460378462f07a38b2100bbc37926804f796d121191022eb049e27fb57e109a2f00ec0e671f009b0164f09a242222055403986093c4422d1f84a68700ec0ea700ff32bf6cfc89884829a900ded6fafa005a9f03b010c01f782d121191c2660358a4e503d0ec1080dde19c08600d00436cdb484444aae30670b456f70bd064011078e46f3dfc333289888822652780236d92d8a4b517aed52180c7c1c69f8888226f24fc8fa16b8ee67a00ec0ee719003ee3354744442a72964d1235d53669aa00b03b9cd9f03ff227f25a23222215a90030de2689a55a79c1168d05fc3cd8f813a992bbb909ee867ab81a1be06aa887bbb11ead0d75f0b5b6c29a988ce8a4645893531093948ce8a414982c510c8df42403fe36ea5cadbc60cdf400d81dce73017cc86b8c28323c4d8d28dfb619e539bfa162fb2634d754fb1bfa8606b89a1a207bbdddfa7ef1597d90366c2452878e08fc2e21a9df40c0a4d75dcac920fe6893c48fb4f042355100d81dce1400db00f4e1b5454623cb325aaaabd0585e8cc6b212349495c0d5d800d9e783ecf5c0e7f542f6fa20fbdafc59f6222a3601d14949884e4a41746212ac49a988494e464c722ae2c5ac2e1bdae62a27cab7fc86b22dbfa13c6703aa721ddd6ee4bb2b3a31197d8f9a89fed38e41bfa933119d9cc20b80b4a604c0189b24d6a8fd856aa5007805c07c5e57a4573e8f1b153bb7a2be602feacb8ad1545e8a86b262349695a2b1bc185eb73ba43fcf1c1585a47e83903c700892060e46f2c0a148c8ee87da7db9071afdfae282c88662322163d4380c9c713c869f7c1662d338fa479af1aa4d12af54fb8b547d016077388f07f03d0081d714e985cfe346c5f61c946e5c8bd24d6b51be7523bcadad0ca60326b305fda71f0be98c0bd177cad11004be1d90aac900e6d82471859a5fa4aa0b00bbc31903ffacff11bc9e48cb7c1e379cdbb6a06cd35a946e5c87f26d6cf07b2ab14f7f48679c8f91675d88a8d83806426ab50bfe0d835ad4fa02d55e003c046031af23d2a2869222e4fdb00c25eb57b3c10f839894548cbff84a8c3cf34298a3f84401a9d2c33649bc55ad2f4eb50580dde19c04602db4f7a8221998aba10ef92b9623f79bcfe1ccd908ad6fb7ad05f199d99874d9ff61e84967c264e6db05a98a07c0549b246e54e38b536501607738cd00560398cceb87d44e966514adfd05bb967e88a25f7f0af9843d0a4ed280c19871d39dc89a388561909aac0730cd26895eb5bd30b516008b003ccaeb86d4cce77563cfb7cbb0edfd37519dbf9b81a88020081879d685987cd5425862621908a9c5df6c92f898eaee17b515007687732080ed0038bb8754c9d3d4889d5f7c806d1ffe0b4dce3206a242097dfa61c6a2bbd1e788690c83d4a009c0689b24ee53d38b5263016007f0275e2fa436ded6566cfdcf5bd8fa9fb7e06aac67202a270802a433cec7d46b6f81d96a65201469efd924d1a6aa7b444d0580dde19c09e0675e27a426b22c23effb2fb1e195a7d058ae997d3e282063e438ccbe6f09e2d233190645da2c9b24fea29617a39a02c0ee700a00d600e00c1e520de7d64d58fbfc23706edfc230342c364dc49c7f3e898c3113180645d23a0047d92451150daf9a76ddb81c6cfc49259aab2bf0e37d8bf1e50d97b2f1d7c3f9ac72e2ab857fc6ee659f300c8aa429f0b775aaa08a1e00bbc39900ffaa49d9bc3e28d2f6feb81cab9ebc17ad75b50c4387c69e7729265fb388cb0953a49402186193c48648bf10b5ac9a713bd8f85384b91aeab0faa907b1e7bba50c43c7b67ef00edccd4d38faa63b5904502464c3dfe6dd1ee91712f11e00bbc33904fec7fea2795d50a414af5b895f1eb9134d15e50cc320869d7c16662dbaa7cb6d9189c2a015fec702f322f922d4d003f018d8f85384f8bc6eac7dee51ecf8e43d866130b95f7d0ad9e3c1acc5f741309b190829291afeb6ef8f917c1111ed01086cf5fb03af058a0457431d7eb8f326946e5cc3300c6cc8ec9331ebf607b88f0045c2ec486e191cb102c0ee709a006c003091d70029adbeb800dfde761dea0af2190661e889a7e198db1f6410a4b44d008eb449a22f123f3c92835f17838d3f4540f9d68d587addc56cfce9803ddf2ec56f6f3cc720486913e16f0b2322223d007687d302600780613cffa4a4fcef97e1e787efe08e7dd4ae59b7dc8b61279fc5204849b90046d924d1a3f40f8e540fc03cb0f127a5efb2e59fe3a7fb6f65e34f1d5af9f83f51f2db6a06414a1a067f9ba838c57b00ec0ea715fe457f06f2bc93520a7ffd093ffc63017c5e0fc3a04e59e31371ea336f2379303fa39062f6c1bf38904bc91f1a891e80f960e34f0a2adfba112beeb9998d3f05c5d5588f6f6ebb962b41929206c2df362a4ad11e00bbc31903ff78475f9e6f52424d7e2e96fdf572b81aea180675cb8019b331e7bea7180429a518c0309b24b628f50395ee01b8066cfc49214dce327c73cbd56cfca9470a56fe80ed1fff9b419052fac2df462a46b11e00bbc3190f600f006eca4de1e7f3e1ab9be7a36cd33a66413d668e8ac2a9cfff1b69c346320c52423980a136496c54e28729d903703dd8f8934272fef3161b7fea35afdb8d9feebd059e961686414ac884bfad5484220580dde14c02700bcf2d29a16af74efcf6fab30c8242a2765f1ed63cc355024931b704daccb053aa07600180349e570a37afcb859f1eb8153e0f9ff5a7d0d9b5ec63e4fff40d832025a4c1df66865dd80b80c0d8bf220743b4e1b5a7519b9fcb2028e4d63cf5205c0df50c8294b020d0768695123d007f0190caf349e1565fb40f3b3eb233080a8be6ea0aac7f6509832025a4c2df768655580b00bbc36906b090e79294b0fed5a7e1f3b2eb9fc267d7171fc0b975138320252c0cb4a16113ee1e8073000ce179a470abd8b1057b7f5cce2028ac6459c6aac7ef61a1494a18027f1b1a36e12e0016f11c9212d6bdf42443204554e7efc6d6ffbccd204809616d43c35600d81dce5900a6f1fc51b815af5bc967fe49519bde7e110d25450c82c26d5aa02d0d8b70f600dccc73474ad8f9d97f180229cadbda8a35cf3dc2204809616b4bc35200d81dce1100cee479a3706badad41e1aaff3108525cc1ca1f509eb3914150b89d196853432e5c3d003721325b0d93c1e47efb05276451c46c78750943a07033c1dfa686e51b8794dde1cc007039cf192961f7b24f1802454cd9e60d28fcf5270641e17679a06d0da9707c4abf16402ccf17855ba5633baaf738180445d4fa579e027c3e0641e1140b7fdb1a52212d00ec0e671480eb78ae4809bbbffe842150c4d5e4edc29eef9731080ab7eb026d6cc884ba07e02c70cb5f5280d7ed46deb75f32085285dfde78961b5051b865c2dfc6864ca80b80ab788e480905bf7c8fd6fa5a0641aad0505204c7e71f30080ab790b6b1212b00ec0ee7100027f2fc901238f98fd466eb076f732e0085db8981b6362442d90370050081e787c2ada9a21c45eb573108529586922214aee69a14145602fc6d6d4884a40008ec58f4679e1b5242e1aa1ff9498b5469fbc7dc8e9ac2eecfa1da2530543d00a701e8cbf3424a28f96d0d4320755e9beb57a1ae682f83a070ea0b7f9bdb6ba12a00aee4392125c8b28cd28d2c0048bdd7e78e8fdf6710146e2169737b5d00d81dcefe004ee1f92025d4e4ed424b4d358320d5cafdfa53785a9a190485d32981b6b75742d103f01700e6c8e7414650bc61354320557335d62377f9170c82c2c90c7fdbdb2bbd2a00ec0ea709219c9148d495528eff9306ecfc84930129ecae08b4c13dd6db1e80b90006f23c90127c5e0fca36af6710a47ad5f9bb51b6691d83a0701a087f1bdc63bd2d002ee33920a554eddc0677630383204dd8c1470229fc7ad506f7b800b03b9cb100ce60fea49492df38fe4fdab1ef971fd05451ce20289cce08b4c53dd29b1e80530124307f524ac9068eff9376f8bc1eecfcfc3f0c82c22901feb6b8477a53005cc8ec49295e970be55b7f6310a4297bbe5dca1028dc7adc16f7a800b03b9cf108d14a4444c1706edf04afcbc52048531a4a8a505f52c820289c4e0bb4c9ddd6d31e80d301c43177524ae96f6b19026952c93a6e5c456115077f9bdc6d3d2d00d8fd4f8ae2f2bfa455c5dcb992c2af476d72b70b00bbc399082efd4b0af2b6b6c2b96d0b8308b194d42486a080920d6bb87b2585db2981b6b95b7ad20370268018e64d4a29dfba113e8f9b4184d859671dcf1014e06aa84385632b83a0708a81bf6dee969e1400ecfe2745b1fb3ff4443115279d3a0b6969ec055042c9fa5f1902855bb7dbe66e150076873319c049cc9994c40980a177eef97f80c56246dfbe190c4301c5eb580050d89d1468a383d6dd1e80b30158993329c5d3d28c8a1dec3e0da5acec741c3f7b2a00a05f5f918128a07ceb46785a5a1804859315fe363a68dd2d00ced44c14a40b655b36c2e7e5f87f289d77c15c98cdfe5b7fc4f0010c44013e8f1ba59bb93910855db7dae8a00b00bbc369017022f325259571fc3fa4060dea83638e3df2c07f8f193318168b99c128a0623b9f64a1b03b31d05607a53b3d00330070c610298a93a742471004ccbffa3c984cbfdff6d1d1568c18c15e0025347045400abf24f8dbeaa074a7003899d99292ea4b0af9f85408cd3ee1288c1c35f8b0bf9f307e18c351e27a2e2e6008a484a0db6a1600a45a79df2d6308219298188f8b2f6d7ffb8e4993240802330ab7fae22286404a086d01607738b3014c62aea4a4bcefbf64082172f1a5a72131b1fdfd4232c5544c9830822185597395934f0290122605daec2e05db037012007e4620c554ef71a0263f974184c0c8518331fb84a33abfc1e74e63500a6828652f00859d8020d7eb09b60060f73f298addffa161369b30ffeaf32074d1c73f521a884183b20d924ae4d417ef6308a484a0daec2e0b00bbc3690230977992526459c61e76ff87c429a71d834183fa04f5b5ec0508bffa12f6009022e606daee4e05d30370148034e6494a716edb84c6b21206d14b6969c9b8e04fc1afdc3d75ca68648aa90c2e8c1a4a8a19022972fbc3df76772a9802805bff92a2f2bee3a7ff509877c5d98889890efaeb4d2613e6cd3b8d4f048491abbe86219052ba6cbb83290038fe4f8a91bd5ee4ffb89c41f4d2c4492371f4f409ddfeff464a0371e20947e93011757035363004524a976d77a70580dde14c0230853992524a7e5b8d96ea2a06d10b515116ccbfea8f3dfeffcf3df7786467a733c83068adaf6508a494298136bc435df5001c8dee6f1844d463bbbefc9821f4d2d9e79e80ac5e34e0d6280baef8cb1930993816106aeefa7a86404a310198ded5177466263324a5d415e423ffa76f18442f0c18988db3cf9dd3ebef3374485f9c7aca0c1d24a22ead0d750c8194d4691bce02805463d33b2f013e1f83e8a1e8682b16de7c19a2a22c21f97e679f751cfe7022e7038492ab813d00a4a8599dfd63870580dde13403e083c1a488faa27dc8fbe12b06d10bf3ae381bfd076485ecfb0902f0a70b4fc439671fc77043c4d3d20c9fc7cd204829d33adb1eb8b31e80090012981f2961f3bf5f85ecf532881e9a3173124e38313cf5fae9a7cdc465979cd2e56a82149ce6ca0a86404a8903704447ffd85901c0ee7f52447d7101f62cff8241f45056563aaebee6fcb0fe8ce38e3b02ff77d5d9b058cc0cbc971acb4b190229a9c3b69c050045dc9aa71f84cfeb61103d60369bb1e0e64b111b1713f69f3565ca68dcf8d70b909414cfe07ba1c9c9028014d5e13c0016001451793f7c85c2353f33881ebae89253316cf800c57ede98d14370ffbd57e3d8632671c5c01e6a709633045252f77a00ec0ee7000003741b07a982abb11e6b9f7d8441f4d011478ec2e9672a3f412f2e2e06975f762a6e597409860ee9cb13d14dec01208565db1dce61edfd4347b303f9003085dd865796a0b99a13a27aa25fff2cfc75c125119d98274903f1f7dbe7614f5e31befd762dd6addf0eaf978f7176a5910500296f2680dc43ffd2d2c91713858d73eb26383eff8041f4406a6a126effc795884f8855c5eb193aa42faebaf22c5c78c10958bf6127366dde859d3bf7c1ede6bc8ef6341417320452da2c006f1ffa971d1500d39917854b6b7d2d7e7ae056c8b2cc30ba2936361ab7de311fa20ab7ed4d4e4ec09cd9933167f664b85c6e6cdf9e8f5dbb0b51565685d2b24a949757c3e3e1a39ed57b1c68aeaa446c1af75b20c5b4dba60b87be09071600aa07a08e8f17a42f3e1fbeb9f55a14af5bc92cbac96c36e1d6bfcfc7c4492343f63deb2b2b157bfdb22ca3b2b21645c515282828436161390a0bcb51565e059fcf58c5e0ac5befc7b0b967f0a226a57800c4db24d1d5f62fdbeb01180e36fe14261b5e7f968d7f0f5d75cdf9216dfc95260802323252909191828913861ff87b97db83e222270a0bcb5110f895b7a7082e1d0f2114aef999050029c9026034804d87fee5a12618220e52dcbeff7d871cfb6b0ca2072ef8d349983d479febf25ba32c183cb80f060fee73e0ef5a5a5c58bf610756adcac18e9d7b75375c54b2762564af1782990b2b9162268005004542cdde3df8dfc37770dcbf07e69c380de75d30d750c71c1363c5cc19133073c6045455d561d9d7bfe2a79f7ed3cd1c82d6fa5a54ecc8813876222f7052ca616d7b7beb008c674e144a0da5c5f8f6d66be0696a6418dd74f4f409b8f2eaf30c9d415a5a122eb6cdc583f75f8363664d84c9a48f1588b8001629ecb0b6bdbd02803d0014320da5c5f86ae19fd15856c230bae9a4536662e1a2cb60369b1806fc85c0bccb4fc36d8b2f8328a668fe78f6fdf40db7bf262575de0360773813010c664e140a6cfc7bce76f1a9b8e2ca73b9035f3b860eed87bbef9c8fe9d3c769fa386af6ee41ee775ff2849252fad81dce8cb67f71e8478bf100f88e43bdc6c6bf67cc6613aebbe14f38e78f27308c4ec4c45831ff2f67e28fe7ced6f4716c7cf339f83c6e9e5052ca41bd00ed150044bdc2c6bf67a263ac587cfb15386ef6548611a4534f998e8b2f3a49b31b1335941471454c52d2416dfca10500c7ffa957ea8b0bf0351bff6e4b4e4ec0ddf75e8b49478c6218dd3467f6649c73f6f19a7dfd9bdf7d199e96669e485242a73d002c00a8c76af373b1ecaff3d0c0c6bf5bb2b2d371df837fc5b061dc80b3a74e39793a86687467c2e6aa4a6cfbef3b3c89a4040e0150e855edde89650bff8ce62a27c3e88699b38ec0438f2c445636d785ef0d9349c0157f3e1d168b3617d6c9f9cf9b68adabe589a4701b6b77380fb4fb07fe607738b30124331fea2ee7f62df8faa6bfa0b5b68661042921210e0b6ebe1437de74896a76f5d3ba3e7d3270f659c769f2b5bb1b1bb0e5dfaff22452b8c50218b8ff3fdaf6000c6136d45d659bd6e19b4557c2d550cf308274e4e4d178fca9bf61c6cc490c23c44e9a3b0d43353a14b0fdc37fa33c67234f2285dbe0fd7f6001403d56b1630bbebded3ab89b9b184610fa0fc8c26d77ccc7ad7f9f8fd4d4240612062693803fcf3b4d93afdde77563c5dd3773188dc2ed405bcf02807aa4ae702fbebded3ace5e0e42525202e65ff5473cf6e4221c71e4680612667dfb8a076d2ca425cd554eacb8fb66f8bc5c1b80c266f0fe3fb000a06e6bae72e29b5baee6987f17a2a22c38fbdc3978e6f9db30f7e4193099b8a4af52a64cd6eee394e5391bb1e6d9477812295cdaed0118ca5ca82baec67a7c73cb3568282d66181d100401b38e39124f3d772b2ebae434c4c6c53014854dd6700100003b3f7d1fb95f7dca1349e13078ff1fda6e07cc1e00ea94cfe3c6f777dc88ea3d0e86d181d16386e2b2796762d8703ed31f4999622a060eccc2be7d659a3d86554bee45cad0114897c6f08452281ddc036077382d00fa3317eacc9ae71e41d9a6750ca21df109b158b8e832dc73df756cfc5562ea646dcfb7f0ba5c5871d7420eb551a8f5b53b9c56e0f721800138b83780e820f9df2fc3ce4fdf6710ed1834b82f1e7a7421a6cf98c8305464c2c4e19a3f8686b212fc78efdf207bbd3ca1142a26f8dbfc030500bbffa9437505f958f9f83d0ca21dc71c3719f73ff457646571253fb5c9484fd1c571946c588df5af3dc5134aa13404f8fd533f0b006a97a7a5052beeba89cffa1fc26c36e3f23f9f89934f9dc530542a26c68ae8682b5a5b5d9a3f96adefbd0971d4040c3af6449e580a85c1007b00a80b6b9e7910d5f9bb19c421aeb9fe4236fe1a909292a09b63f9e5d13b5157b4972795426108c002803a51f2db6aec5af6318338c4f917cec5b1c74d66101a909292a89b63713736e0873b6f82b7b59527967a6b30f07b0190cd3ca82dafdb8d5f9fbc8f411ce298638fc4f9179ec42034424f3d00005093b70bbf2eb99727967a2b1bf8bd00e00c263a488efd35d415b2bbb12d69e4605c73fd9f188486a424ebab000080dd5f7f06c7d20f7972a937d2011600d48efaa27ddc9af410822060fe55e76a76bf79e39e387d1ed69aa71f40a5633bcf2ff5140b006adf9ae71e81d7a5fd99d3a174ec71933178483f06a131f5f5fa7c7ac5eb7663c53d37c1d550c7934c3de12f00ec0e672c8058e6410050e9d88ec25f7f62106d44455970e1452733080d6ad0690100000d2545f8df837f872ccb3cd1d45db1768733d6047efaa73672d8f57f98b927cf4046462a83d0a03a1d17000050b8ea47383eff80279a7a229d05001d50bb2f0ff93f7fc7200ec1257eb54baf43006d6d7aeb05785a9a79b2a9bb5800d0ef72ecaf013e1f8368233e3e16c3470c64101a658402a0b9ba02db3ef8174f3675170b00f26ba9a9c69e6f973188438c9f30022693894168506bab0b2e97db10c79af3fe1b68adabe549a7ee6001407ef93f7c059fd7186f96dd3171d24886a051fb0aca0c73aceec6066c7ef7159e74ea0e1600e497fbdd5286d08eec3e2243d0a8ddbb8b0c75bc3b3fb1a3b1bc94279e82c5028080fae202546cdbcc20da91acc395e48c2237b7d050c7eb75bbb1f1ade779e229582c0008c8fbee4b86d0011600da959b6bac1e0000c85dfe396af37379f22918e92600f1ccc1d80ad7fccc10da613299909018c72034a8dc598dbafa46c31db7ecf562fd6b4ff302a060c49b00443307e3f279dca8726c6310edb058cc10049d2e26af7346fcf4bf5fe1ca159c0b40c1883601b03207e3aa726c87d7cdd9ffed71b9dc70bb3d0c428376ef36d6f87f5bb22c63ef8fcb79115057acec0130b8f2ed9cfcd7998606fd2f24a347db77e41bfaf8f37ef89a170175259a0580c171f67fe71a1bb8c4aad65455d5a1acaccad8f7f58e2d682831ee30080585430046575f54c0103acbc78013c9b4cee89ffef7cb5bf11543a0ce7008c0e81a2bca1942274a4b2b1882c66cdb96cf10e05fdd93a8131c023032d9eb45734d2583e844c13ecea6d69aed3bf2180280aadd3b5157b89741504738046064cdd595dcfdaf0b2c00b4a5b8d889da5a0edbecc75e00ea0487008cacb98adddb5d6101a02ddbb6e7338436f2580050c738046064326486d085aaaa5a4e04d410160007abc9cf85abb19e41507b3804606426c1cc1082b06deb1e86a0013e9f0f3b7772ccfb50357b7633046a0f87008c4c309b18421072b6ec62081a90975782961617833844f51e0743a0f644b305303093893d00c1c8d9cc02400bb66de7ecfff654e7b100a0f69900b43206839efc6876fe04a3a8a81cd5d5750c42e5b673fcbf5dd5b92c60a95dad2600ec3333a8b83491210429670bc751d5aeb0c8c910da519dcf6b97dae5620f808199a3a3119d94cc2082c06100756b6c6c466323f76d688fbbb1010da5c50c820ed5ca02c0e0e2c56c8610044e045437a36ffed3154e04a4767008c0e8e2c42c861004a7b31a65655c3659adcacaaa1942276af258c0d26138046074c9fd07318420711840bdcacad903d09996ba5a864087e21080d1654d9cc21082c48980ea555fdfc4103ae175f16d9e0ec32100a3cb9a38193071398860e4e4b000502b2e6bdd391600d40e0e01189d35210969c324061184da9a7a6e0e449ae475f1731e1d86430004f49938952104894f039016795b5b18021d8a430004644d6201102cce03202df2b107800ec7210002b226701e40b0b6e6ec86cfe763102a939418cf103ae1610140876b3501e066e706674d4844faf0910c22084d4d2dc8db53c4205466d0402e68d519af9b9ff3e8308d26005cdd84903de9288610a42d5c0f4075060d6201d0199fdbcd10e850952c00080090cdf50082c68980ea9396968484845806d101eef941ed6001407e5993a6c212c771d460ecd89e078fc7cb2054662087013a1497ce9d3fe9302c00c82f2a360e434f38954104c1e572c3b1339f41a8cc5153c730840ec4a66732043a140b00faddc8d3cf670841daca55015567dab4b11c06e8007b00a81d2c00e8776923462163d4780611043e09a03ed6280b8e99358941b4232e833d00741816007430e98cf31842100a0bcb18820acd993d192693c0200ec11e006a070b003ad890d9a7c01a9fc820ba50565a09b7dbc32054262d2d09938f1cc5200e11c302800e5769b24962338066664100608989c1d0b9a733882ec8b28c22f602a8d285179e88b8b8180611200802e2d2331804b5d56c93c4e6fdebbfb217800e90cee064c0601414b00050a3d494445c649bcb200262333261b24431086aab12005800d06152070f47e6b8490ca20b8505dc1a58ada61f3d0e471ec1e5ad01401c339121d0a1580050c7a4332e60085d28640f80aa5d7ae9c9484c8c337c0e2ce6a91d071500fc284307197cdc5cc4a6a533884e14b00740d59212e331eff2d32008c67e2a800500b5a314f8bd00c8631ed496d96ac5f88bae60109de09300ea3769e2085c7cd149c6bd8fa3a391c69d3ee970f9000b00ea8474c68588cfe4faea1de19300da30fbf82371ced9c719f2d833468e83c9cc098074983c80050075c21c158509975cc5203ac10581b4e1f4d36662ee1f8cb7e575e6b82378f2a93df9c0ef05c01ee641ed197ecad948ec3b804174a0a8b09c2168c405e79f8819338cb5d475e6583e0140ed3aa807a010000733e93026b30593e65dcb203ad0d4c835b4b44210803f5f7e3a264e1c61987b57e404403a9c0fc03e205000d824d103a080b9507b86ce3905c98387318876b4b4b8188286984c02aebce24c6465a5e9fe58fb4c998ee8c4649e743a54914d12ddc0ef3d0000e70150474c261c31ef3ae6d08e96965686a031b1b1d1b8f69a7361b5ea7b72dcf03f70496f6ad781b69e05000565e03127206d04375939147b00b4a97fbf4c5c7af1c9ba3d3e4b5c3c06cc9cc3134dedc9dfff0716001414411070e45f6e601087600f8076cd98311e03fa67eaf2d8061ff70798a3a37992a93dedf600f04900ea54bf69c740e4ace283b4b6b20740cb468e1aaccbe31ac6ee7fea58fefe3fb00780ba65d2e5d7308436a2a22c0c41ab0401eb37ecd0dd61c56766237bc2149e5fea08e70050cff49d32834b8bb6c17de7b5abacbc06d55575ba3baea1279c06984c3cc1d491fcfd7f387095d824b10c400db3a1ae8cffd35f1842405c5c2c43d0a84f3efe4197c735e484537872a9234d68f3c8ffa165e216e6435d1974dc5c24f6e9cf20c01e00ad72b9bd58b3769bee8e2bb1df40a40e957882a9235b6d92e8dbff1f8716009b990f7545309b31f6c2790c02405c3c0b002dfa75f5565d1ed7a0634ee0c9a5ce1cd4c6b300a01e197ef2d9b0c4b0fb9b43005a24e0fdf797ebf2c806cd6201409deab400e0100005c56cb5226b22671aa7a426f262d0983df9c5ba5dc02979c8709e60eacc416dfca105400e0099195130fa4d9d6ef80c060deacb0b414b04012fbdf4b12e0fcd1a9f88a8d8389e63ea4cc73d003649ac479b4704883ad367f20c431fbfd96cc28081d9bc103464d7ee225454d4e8f2d8e2447dae6a4821536293c4cab67fd1dec3a29c07404149193414716296618fbf6fbf4c2e04a429025e7af923dd1e9d252e9ea7983a7358dbce02807a2573f404c31efbe0c1ecfed7921d8e7dba5cf867bfd6ea2a9e64ea4c500500270252d062d2d20d7bec8387f4e305a019025e7e599f63fffb355757f23453670e6bdbd90340bd12939266d8631f3761042f008dd8ba3d1fb5b50dba3e464f4b333c4d8d3cd9d491a07a007603686656148cd85463f6006466a561087b003442c02baf7c6288232ddbcacf6fd42e0f80ed87fee56105804d12bd00f4b94c16855c8c410b80a3a68de7c9d7884d5b72515f6f8c4fc6a5bffdca134eedd96193c4c316bfe868cba855cc8b82e1f3790d79dcd38e36eee4472df1fa64bcf8e2878639de920dab79d2a93dedb6e91d1500bf302f0a466b4db5e18e39353509d2c8413cf91af0df0fbe87cbe536ccf156edda8eda7ddcd99d0ef3737b7fd95101b0927951305a6a8cf7e8d1ac638f8420083cf92a5759558f6fbe31d627625996b1edbf6ff3e4d3a1dafd50df6e016093c402b4d93398a823462b00a2a22c38fdcce378e2554fc0134bec863cf2dc6f3e470bd704a0df95da2431b7bd7f3075f23f711880bad4545166a8e33d7ece51484d4de28957b9d56bb7a1b4a4c290c7ee75b9b0fd1363163fd4ae0edb721600d42be55b3719e658cd6613ce3a7b364fbacab9dc5ebcfaea2786ce60e7a7efc1d3d2c28b81800ec6ff011600d40bb5fbf20cd5d53863e62464661977e123ad78e38dcfe1f3197b53d3d6ba5aecfeea135e0c04f4b0076033007d2f9d45bd52b679bda18e373e815badaaddde0227d6acddc620006cfbe01dc85e633ea64b073401f8ada37fecb000082c08c4874aa943659b8c55002cff6a25766ce723566ae5f6f8f0d0436f328880fae202ecf89473010c6eb54d123d1dfda3a98bff99c300d42eafcb85c25f7f32d431fb7c3e3cf5c43b8659554e5304ffac7f233df31f8cdfde781ecdd5c69c0c49003a19ff075800500f15ae5a015763bde18ebbb2b216cf3ff31e64d9d863cc6af3f5f2d570ecdccb200ee16e6cc0bae71f6710c6d5691bde5501f02b001f33a443ed5efeb9618f7dfdba6df8e2f31f7911a844514915fef39f6f194407f67cb714a59bd63208e3f1a18b65fd3b2d006c925807601d73a4b65a6aaa51bcc6d89d43ff7ee74bec72ece3c510616e8f0f0f3cf03a83e8c2af4f3d009f97c32306b32ed08677c814c437f98a39525bbb967e009fd763e80cbc5e2f963cf10e1a1bb97376c408029e7cca8e961617b3e8426d7e2eb6fff75d06612c5db6ddc11400cb9823ede76969c1d60fde6110009ce55578fe59ce078894af97afc6ce1d1cf70fd6a6775e4493d3582b771a5c976d773005c01a005c589a00003bbff82f5a6b6b1844c0dad53978e3b54f1884c27edbb49be3fedde46e6ec29ae71f6510c650057fdbdda92e0b009b24fa002c679ee475bbb1edfdb718c421befaf2677cf8df6f188442f6e497e2d967ffc3207a60ef8fcb51bc6e1583d0bfe581b6bb53a620bf19e70110762ffb184d95e50ca21defdbbfc277dffcca20c2cc59518bfbefe7a4bfde58fdf403f079382150e7826ab3832d00be06c0814e03f3793dd8627f8d4174e295973ec49ad55b184498d437b6e08e7fbcc8207aa9ae702f72de7b9341e8970c7f9bdda5a00a009b249602d8c85c8d2bef9ba5682c2b61109df0af14f82f6cdb9acb3042acd5e5c16db73d078f876bdb87c2e6775f4643693183d0a78d8136bb4ba66e7c530e031895cf87cdff7e953904c1edf6e091075f477e5e11c308118fd7877fdcf9129a9b5b194688785b5bb1e6d98719843e05dd56b300a02ee5aff81a75857cdc2a584d4d2db8e7ae17b8715008b8dc5edc71e74ba8acac65182156b0f20714aee28a963a1496026025803a666b2cb22c63d3bf5e6610ddd4d8d08c7bef7e11ab7fe59c809eaa6b68c1cd8b9e82b3bc9a6184c9ba5796701d0b9ddd36f0b7d54109ba00086c29c8076f0d66efffbe454d3ec7b47bc2edf6e08947dfc2d7cbb8a75677959655e3e69b97a0a9a9856184516d7e2ef6fdc4475875e4dbceb6ff3d94a99bdffc33e66b1cb22c63f3db2f31885e66f8da2b1fc1feee970c23483b1c05f8fb1d2fc0e7e33e644ad8f8f64bec05d08f6eb5d1dd2d003e01c085b70da2e09715a8dee3601021f0f187dfe1b9a7edf07ad9a875e697553978f4512e35ada49abc5d28f8f97b06a17d2ef8dbe8a075ab00b049622d827cbe90b46fd33b2f308410fa71c53a3c70efcba8a9a967188711f0e1273fe2f5d7d9c918917bfded17d90ba07d5f07dae8a0997af043de67cefa57b07205aa76ed601021b665f32e2c5af018d6afddca30021a9b5af18fbb5ec6974b39572252aa7277a270e50a06a16ddd6e9b7b52007c06803373746ef33b9cf91f2e75750d78f8c1d7f1eacb1fc2e532f692aceb7f73e0af373e8ee262272f8c08dbf40e5759d4b016f4608e5eb70b009b24d6835b04eb5ae19a9f51b133874184d9f2af5662f1a2270db96890c7ebc333cf7d88e79fff8017824a543ab6735d00ed5a16689bbbc5d4c31fc661001dcbf937d7fc574a5161196e5ffc143eff7485618eb9a0a802372e78021b37eee405a0328ea51f31046dea519bdcd302e00b004dcc5c7fea4b0a51b6793d835090c7e3c53b6f7d8eeaaa5a5d4fc432592c104c26dc7df7cb6869e1c3446a54b4e667b81a384955639ae06f93bb7f4ff6e47fb249622380a5cc5d7ff67cf3054388108fc70bd9e783ecf3013a2a044c66334c6633bc6e37bc5e6ee6a3663e8f1bfbfef71d83d096a58136b9fbf7662f7e2887017428970540c4c9b20cdffe4240c34c2613cc160bbc1e0fbc1e8fa68fc548f257708a97c6f4b82dee4d01f025800666af1fcead9b505fb48f41a8842ccbf079bd9a2b040e34fc5e2f3c6e633fe5a045251bd6c2d3d2cc20b4a101feb6b867f76a4fff479b243603f89cf9eb47ee375c84458df617023e9f4fb57304044180d962f177f5b3e1d7349fd703e7b6cd0c421b3e0fb4c53d62eae50f7f9bf9ebe4a6f7b891ffc37206a166b20cd9e7fbbd574005c580c96c86c962812ccbf0b8ddecead789b22d1b188236f4aa0db6f4f2872f07b00fc0409e076d2b5cf5135aebb9e77a440942d05f2acbf281de0041100041f0ff1eee976832c164f27f6ef0f97c6cf075aa9c058016ec83bf0deeb15ef500d824d107800f8deb00bbffd5a1278db8dca667607fef802ccb21e9213099cd305b2c305b2c100401be40f7bec7ed868f33fa75cbb96d33f70650bfd7026d70cfefef10bc88d701f09d40c35aeb6b51f8ebcf0c42050453ef6fc90305419ba2e0c01c82b6bf6419e6a828ffd87d60fcde6436fb5f8320409665783d9edf1b7c6ecf6b189e9666b454573108f5f2c2dff6f64aafdf6d6c9258082e0dac69e59b37c0e7e1a42db5085b577e60d8e0c02f9f0f1e97cb3f761f18bff77a3c9a7cf28042afa9a29c21a8d7b240dbdb2ba610bd9857783eb4abc2b18d21a888bf1740307c0e1459cd952c00542c246d6ea80a80a5008a794eb4a9920580ea082616001459ec0150ad62846825de9014003649f4027883e7459baa76b100501b411042321f80a8a75a6aaa19823abd1168737b2d94ef30af01e0b4518d69aa284773552583502141a147fb88da638ab23004f59111c227ef425600d824310fc0b73c3fda525f5cc010546cff8c7c22a599ad5686a03edf06dada9008751fe3cb3c3fdae26aa863082a673299d813408a3347453304f509691b1bea02e053009c39a221ae06eee7a40582c90441e09c00528ec9ca024065cae16f6343778e43f9cd6c92e806f01ccf9376b007403b0493c047044931d6f80486a02ecf05dad89009c7478ae701702f498d7035d433040d1104012693001601146e2943863104f56886bf6d0da99017003649ac00f026cf9736789a1b1982d608024c66ce0ba0f0b1c4c523b12ff778539137036d6b48856b50f109005c4b5403a2e2d8cda7550776e663214021963e7c240b4cf5f0c1dfa6865c580a009b24ee4688272b50784427a732042d1304ff53029c1b402194367c0c43508f4f036d6ac885735af1633c6fea179dc202400f8403c3022c04a8f7d2a5d10c413dc2d69686ad00b049e24a00ab78eed42d26398521e888600a14021c1aa01e3299a3d07fda310c421d5605dad2f09ceb30bf78f602a81c8700f449683334c0b15cea8efed38f41343f18a84558dbd07017009f00d80d52adb8349121e8d8fe4d854c66739b62800501756cf84967310475d80d7f1b1a36612d006c92e803f024cfa37a4527252321bb2f833080df8b01657b060408073636626f84bac5a4a4a2dfd1b318843a3c196843c34689b545df04c0ede6542c63cc44866030fb8b81b60db32008107add3b201cdee0b3cdd78c21734e83c91cc52022af120aaca713f602c026894d08d3338c141a9963c63304f213707851d0ad5f6083af552613a4d3ffc81cd4e18940db19de53aed0c13c0da002a44a19a3d90340647443669f8c94c15cfe57052ae06f33c3cea2c40fb1496283dde17c18c0a33cb7ea933e6214cc5151f0badd0c43617dfa8a18337618c68c198af4f464dd1fafc964c2638ffe15bb761762e5cacdd8b285738455715ecc164c9a770d835087876d92a8c836ad16050fea79003703c8e6f955d9cd6f89429a3406cead9b184618c508264ccd163169c80058668cc1983143919c9268b81c52531270d49451386aca2800026aeb9b909b5b88efbf5f871ddbf30000322f17450d3de94c24f51bc42022af1461d8f4a7238a150036496cb23b9c0f02788ae7587d061c7d2c0b8010b20a0286444563745c3ca68819181e654572a30b9065c8751e34cce0b08b9f8ce4c4581c3969048e9c3402a6ca0664bcfe1df6c459f0e5be42acaca941bdcfcb98c2c81c158589975ecd20d4e14125c6fef7b3287c702f01b805403f9e67751932e7546c78ed1906d1939b48103028ca0ac91a03c91a8331f109e86f32c3b4ff636cab0cb4b61ef87aa1be09f0fa00b3c99881759665532b2c2d6e482d6e4809e958909881ead438ac69acc7177b0b90eb6a65ef408849a79f8f84ac3e0c22f28ae06f2395bbdf94fc6136496cb53b9cf743c12e0e0a4e429f7e10c74e642f4010ac82800931719812138f51d131181a158da8439f6fefac9592015375037c19490cf310a6c69643b292915ad5889360c249d983e08eb3222fce82a57b0bf14b75151a7ddc74b4376252d3309163ff6a71bf4d125b95fc8196081ce46b001603e08093ca0c9d732a0b800ef4b144616a6c3ca6c6c463424c1cacbd5cd046a86e0058001cc6dcd8f9fb5f54930b52930b527c1a1624a6a3262d1eab1b1bf079de5eec71b51a24a5d039eada5b109da8ffc9a71ab017feb651518a1700364974d91dce7b01bcca73ae2e838f3f096b9e7f04b29763ae51828009d17198121b87a9b1f1e867b186f4fb9baa1bc094dbc9e5d01e804e083e19a9150d3819c0c9d983e08e8f465e9c055fec2dc02f55556862ef40a7fa1f350b434e389541a8c3bd36497429fd432d113ad8b700dc06800f9daa484c6a1afa1c310dc5eb561af2f8b32c51981a138f29b1f198141387e8302e5b2b54d7f3826b87a9b1e79fe2a31a5b2135b6e2a6b8342c4cc840755a3c7ea8acc01745c528f5f011d7b62c31b1387ae13f18843ae4c2df262a7f1d44e287da24d1637738ef01f036cfbdba48a79f67a80260843506c7c525e2a8d8780c88b22af6734dd50d2a4e25727a5300b425f87c48aba8c71f118d3ff61d82baa4587c5f5385afcacab0d7edd2784abd37e92fd7239e13ffd4e21e9b247a22f1832d113ce877e15f1780cf43a9c8a0597390d46f10ea8af6eaf618934d66cc4d48c689f14918a860a3df96c002a05de66e0c017447525d33ce36c5e2ec3e83d1106fc58ada1a7c5b510187abc5704f1588a3c763cc3917f16253874df0b7851111b1e79002bb1c2de0f957199309632fbc5c778765154c98159788fb33fbc3de7f18fe929211b1c61f004c551c02683797c6f04fe44b6874e1744b1c96640fc48723c660419ffe98101307233c941993928ae3ee7a1c82d9cc8b4d1d16847bc7bfce08b21cd9fad7ee707e08e05c5e07eae175b9f0e14527a1b94adb9b380a0026c6c4e1c4f824cc884b40aca0a2b7f8280bea1fbd22e22fa3be52d9732c984c903b999c97fde86730b544a68bbe35ca8c5f1aeaf1756d15b6b434e9ae6740309b31f7d197903de9289d1d99667d6493c488eebe645141088b009c06209ad7833a98ad568c3ee722cd2e0c3420ca8a13e39330273e091966355ce2ed707b2034b4404e88e1051720787d116bfc0120daedc59ce838ccc98c4343b405cbaa2bf1554d158a75328170f2950bd8f8ab472bfc6d5f4445fc23914d12f3c0ed825567e4597f82252e5e33af374630e1f484143c9d3d102ff7198c0b92d2d4dbf8efbff9f824c0c17934a9e739fe84560fce8f4bc66b7d87e08d31e370464a1ae24dda1d24183ce7148cbd407f437b1af644a0ed8bec3da792301e807f130452096b4222c65f384ff5af33dd6cc19f5332f04ebfa1b82e2d1323acdaf944cd8980073335a873219fec0617ae4dcac07f0749787afc781c1597a0a9f90229434660e6a2bb7981a94729fc6d5ee4ef3935bc88c0d687b7f1ba5097b117cc53ed1ae143add158949e8db7fa0dc105496948d0e0a7334e043c248fa61655bf3ec1ebc388da56dc93d1171f4b637163ff81181ca5ee914b6b4222e6dcbb049698585e60ea719b52dbfd7679cfa92894b700ace3b5a11ee6e8681c39ff46d5bc1e01c094d8783c98d91fcf650fc209f149304350cdebebf6f1b007e0e0ebad513b4bf95a5bdc38d9148317fa0cc25bd268fc213e09164165d7a2c98463fffe1012fb0ee0c5a51eeb10a1457fdabd44d4f2426c9228838f05aace90134e45e6d849117d0d5641c0c909c978b9df10dc2bf6c3a498385d64cbc5800ec9a351dd3d001dc96cf1e2a6f46c7c307c34aec8ee8b64933a1eb13be2f26bd06fda31bcb0d46541a0ad53c73da7a6646c92f80b80f7788da8cbd4ebfe0621029f6e924d665c9c9c8e7f0d188e1bd3b2d0df1ca5ab5cd903703093867a00da13ddeac179d604d8078dc003a3c744749d8901336663fc2557f1a25297f7026d9c7aee391586b4184013af15f5c818351ec34f3e5bb19f976a36e3bab44cfc6bc0305c929c8e440d77f3777af3f1298083686908a03382d787231a3d78a9cf60bc3c6e3c26c728fb344d52ff4138e6b6fb2352b453879ae06fdb54457505804d12f701b88bd78bba4cbdf66f619f10186b32e1b2940cbcd57f384e4f488145e76bb40a0d2d80dba3ef83ec06ad0e017466405d2beecbec87f7468fc3a949a9bdde46ba2b51f10998f3cf25888a4fe005a52e7705da3675dd732a0deb4900eb79cda847547c0266fced9f61f9546111049c93928e77074bb025a5214a36ceeaec9c07d0260b9df400b427b9d1851b5244fc77d8685c216623350c4bf15a626270e203cf21793037595599f5f0b769eabbe7d4f8a26c92e805301f003f1ea9489f23a761d4d9b6907d3f01c0dcb474bc3b7c34ae4a4a47acc778fbb7b3006893858e0b80fdac2e0fce8b4dc23b8346e0cabefd42b6e5b4c91285e3ef790a99e38fe085a42e1e00f3036d9afaee39b5a66693c48d001ee7f5a32e475eb90049fd07f5fafb1c9d928a7f8d9d808509e9486a356e9dc78980bf334201b09fd9e3c3b99678fc67d4389c959dddab592e26b305c7ddf928fa4d9dce8b487d1e0fb465eabce7541ededd0076f11a520f4b4c0c8eb9fd0198a37a36237f444c1c5e1c3b0e77258948abd7df986fb76f404e04f4e7d0ec82e0335e0f90b5b115ff674d827dc2244c4a48ec417026cc5c7c2f06ce9ac38b487d76c1df86a9f7be53f38bb349620b80ab00c36dd9ad6a19a3c663e62df776ebff49355bf0d0c851783ab33f06d5bb749a4cf7b107c0cf489ffedb935cd38407d3fae0854993906d09beb89e7ee3df31f4c4d37801a98f0ce0aa401ba6defb4eed29da24710580d7783da9cb90134ec5c4cbaf09ea6b2f1c32186f0f1d8989cdc6fb84d7e50d5815d90240309994fdd5c198b79a36028aa4c1554d787dc030dc35766c979b0f4dbefa6648679ccfd0d4e9b540dba5eef71f8d84f9370025bca6d465d2e5d760e8091d7ffa1826a6e3cda3a7619ed70a4bab3eb6540db548f700c83e9fa2bf7cdef6e742991b381c74e09af0fa7074bd1bef8f18833f0f1dd2ee72d7132ffb3f8cbb90bbfba95409fc6d96ea69a200b049620d80eb795da9cf8c5bfe79d852c12693097f9b3d1dcfa4f74556713543eaec06ac69e00017d803d01e73b30b1778a2f0feb80998d8666beeb1e75d8a49f3ae6540ea757da0cd52ff7da795446d92f811808f796da98b392a0ab3ef7d0a097dfa010046f6c9c4bbc7cec49cdc4a087c53ef9ad707a1aed1f03198d803d0a1f8ba663c24f6c7a2112330f2d47331e55a4d7cb834aa8f036d9536ee3b8d857b2d0027af3175894949c5090f3c8705c74ec793c95948d953c650ba73137222a0e127017649967142ab80076b2b915856ca3cd4a902fe364a3bf79d965eac4d124b015cc1eb4c5d926b9cb8f4e3d770523e3ff5f7049f0400ccbc6e82125b508253ffb110a37f5cca30d4e78a401ba5195aeb01804d123f07f002af35759076afc549772e42fcc69d0ca3a737210b000e017483e07263e21b6f60eef3f7c1e4e1e45a9578c926899f69eebed368d83703d8ce6b2e92178e0fb3567f84231e791c268e61f70a7b003809b027d2d66cc499f72f446c7d0dc388ac9d006ed2e47da7c5176d93c4660036005c512602ccb217272c7b0dfd5fb2437071bb865edf842c0074b315b0d262f24a71da3d3721ad44751bcd19851bc0453649d4e416f65aed01804d123701b88dd79fb2ac3e174e79e731a4bfff35e0e3f36b21b9090dbe1cb0e0f142e03a113d66a9a8c389f7de8601db37300ce5dd619344cd06afd90220e04900dff01a54467c6b3d4e79ea2e247cbf96618490d18700f8044008326c6ac58cc71fc6e09cd50c43393f00784cd3d78d965fbc4d12650097c3fff80585515a6d194e7ef076c46ee2de4ca12634b51afa13300b80105d471e2f8e7a660986ec5ac730c2af1ac0653649d4f4fae65aef01804d124bc04703c32ab3721f4ebcef7644e57335e67031722f80b9914f00848aa9d58da94f3e892179bf318cf0bada2689859abf5ef47026028f5fbcc86b32f4629beb70ec130fc2e4ac6518e1bc110d5c00b00720c47936b562ca92279156ce898161f2a64d12ffab8b6b454727e526009b796d868ee0f3e20fcfde0f4b11175f0c7bd655c69d0868620f40c8996b9b70fc93f7c3e4e5533a21b61dc00dbab9f7f47220814703cf0550c36b34348e7bfb59c46dcd65104adc88ec01a010b39654e2f8f79e6110a15307e01c9b24eae666d5530f006c92980be012707fb55e1bb2752db257fc8f4128c4d873005800844be6b72b3174e71a06d17b3280cb6d92a8ab254f75550000804d129702b897d76bcf595b9b31e50d4ea950f44634f05a001c02082359c691afbc08abab9959f4ce433649fc4477f79e4e4fd63d0096f19aed99199fbe01730527fd29c9c83d005c0638bc2c157538fefda71944cf2d0770872eaf0d3d1e944d127d7687f36200eb010ce1f5db3d191b36310485996a9b10dd672c6052b62617d222ffc9d0d2f2352f80304bf9750bcc1779e1359b1946f7ec857fa95f4d3fefdfe1bda7d7b36693c46abbc3792e80950062791d0727b9a61c96d24a06a1349f0fd1d66c202b4bd11f1bad82e396ebb99954b8991a5b30f6b7e5d83ce5148611bc1600e7da2451b76f887a1d020000d824712380ffe3751cbcc1399c301431a5e5c63be6ba3ac0a7cb0f57aa3370f52f0ca17baed1f23affc1d07501000036497c1bc0f3bc968393bd6d0b438894b232e31d737535cfbb42e2b6e4723260f05eb049e29b7a3f48dd1700010b01ace235ddb524079ffb8f98d252e31d73750dcfbb424c2d6e4c58f32583e8da2a000b0c714d18e1206d92e802700e807c5edb1d4baf2882b9a2864144885c66c02180aa2a9e7805f55dfd2b43e85c3efc8bfdb88c70b046e901804d12cb009c0aae14d8a1411cff8f2cf6005098c5eed887b8263ee2db811a00a706da0a43304c0100003649dc0eff72c1c6dd7bb51359db73184224197012a0cc1e0045096e2f26aefa9c411cce0dff8cffed463a68431500006093c41f00cce7f57eb8c49d1cff8f28434e02ace1795758e6ea750ce170f3036d83a118ae00000e3c19700faff9366f0ac57930d51877353a55686a02ea0db624309f02505cccee6224d71ab0d8ecd83d8136c1700c590000804d12ef06f00eaf7dbf415bf9a940158cd60b50c502406982cf87093f731820e09d405b6048862d0002e60358c17b00c8dcc1f17f5530da3c00f6004444c6da8d0cc1ffde6fe8e1604317006d1e0f34d4c48f4309b28c78471edf0ed4c0684f02b0072022a2f796412c37f43dbf1d067adcaf2346ef01804d126b009c06c0800f61fbf52d74c054df64f44b41150cb51640730bd0c2ad802373a1c918f7f352a31e7d3980d302effd8666f80200006c929807ff1a0175463cfe01396b7911a88591e600b0fb3fa252d71b72d9ef3af89ff567972758001c6093c4f5f0f70418eea3b0b86d1b2f00b52831d010000b8088b2165522b36cb7910eb909fe4ffeeb79f6fd5800b46193c49f019c0da0d528c72cc85ec4eddecb93af16461a02e0f87fc449eb5718e5505b019c1d788fa700160087b049e237002e04e031c2f1f6dfb30d42b361ea1df5abaa02dc0659a8923d001197966388f9cf1e001706dedba90d1600edb049e2a7002e03a0fb8dca076dd3f576d7dae3f3014ea7318e953d0011179b5b0c8b57d705a70fc06581f7743a040b800ed824d10ee06a00b29e8f336dfb569e6cb531c85a00327b00224e687563e4969f747b8901b83af05e4eed6001d0099b24be0ae026bd1e9fd9e346ecee7d3cd16a6394b5005800a842ff8dabf57a683705dec3a9032c00ba6093c42500fea1c7631bb47b33049721a63a688b511e05e410802a24ecd4e51371ff08bc775327580004c12689f70178446fc7d57f1b9f865123c32c06c41e0055882aa98658a1ab9ec04702efd9d405160041b249e262e8ac0848dbe1e08955230e0190c2a40dbad909f791c07b350581054037042e2c5d0c07585d2d88de53c093aa46469804e8f301b5865c785395d27374b119d83fd8f8770f0b806e0a742d2d84c69f0e18b47303048f9727548d8c3007a0ba069075fd808da6c4388a60f66af6fd4006b090ddfeddc702a00702934bae8286d709e8b76d234fa45ab5b6023535fa3e4676ffab8aa9c50569872617c9f301b88a13fe7a78de1941cf041e2fb9041a5d313075c74e9e44352bd5792f009f00509dfebf69ee71400f804bf8a85fcfb100e885c00213e741637b07443737217a6f094fa09ae9fd4900f600a84ee2f65c2dbddc5600e771919fde6101d04b812526cf808676111cba738d7f1216a997de9f046001a03ad6e22aa4d468e2ba6b02700697f7ed3d16002110d864e224f8f79a56bdbe5b37f3a4a99cded702903904a0c2932263f4fa6fd5fe2aeb009cc48d7d428305408804b6999c0340f5efdc293b39feaf7aec01a008c8d8a2eac701cb01cce196bea1c30220846c92b81ec0d10054bbc7667c430da20a0cb4e7bc5671122045404c5eb15a5fda76004707de632944580084984d12f300cc00b0428daf6ff08ef57cfe5a0b38099022c05cdb84ccf23d6a7b592b00cc08bcb75208b10008039b24d6c03f27e01db5bdb6cc5ddb7882b4a0ba1a70b9747c7c353cc72a35749baa1e077c07fe317f5e3061c002204c6c92e8b249e26500ee51d3eb4ace555d754f1dd1f330007b00542b75e70eb5bc947b6c9278994d12755c0947160b8030b349e2dd002e07e08ef46b317bbd7cfe5f4bf43a0cd0d8a8efde0d8d8bcb8ff83c003780cb03ef9d14462c00146093c4b7e11f12a889e4ebe89bbf0d825b930b171a935e9f04e00440558b2aad41424355a47e7c0dfc5dfe6ff34c841f0b0085d824f107f82707e647ea35f4dfb58527424364bd6e0ac4ee7f955f7832866f5f15899f9c0fff643fddec4dac762c00146493c4edf03f261891bb2b75b78327414bf43a04c00980aa97b943f1f50056c1ff989f6a1fa1d62316000ab349621980e3013caff4cf4ed8b38f27404b4af43a0450a5cfe3d291f8dc02257fdcf3008e0fbc3792822c8c40798159add7d91dced5005e04101bee9f99525d06539526562aa6fd743b0450c373ab72d622272cee5678a2a2c3f9639a01fc1fc7fb23873d001114b8f0670008fb0217fd1d1b19b8d6943b75b96893cc3900aa27b8bd18ba6b5d387f441efce3fd6cfc2388054084d924712380c9009685f3e764ed52cdb3bd142cb75b9fdde57c0a4013faedd810ae6fbd0cc0e4c07b1f45100b0015b049623580d301fc1340583ef2257101206dd2e36240ec01d084c4ddf9a1fe9632fcef71a707def328c2380740256c92e8037097dde15c03e05f00524276923d2e580b74bebb9c5e95960163c7e8eb98d803a009317b43fa9e5103e0129b242e65b2eac11e009509dc2053006c0ed5f7ecbf270782c7cb70b5488f1301d903a009a6c6560c2808c9e3809b014c61e3afc273cc08d4c72689b9f0af17f06228be5f9f5daadee39b3aa1bbc5803c1ea0be9e275623066d5ddbdb6ff122fccff7e7324df5e110804ad924b119c0357687731980d70064f4f47ba5e7ee66a05aa5b739007c04505392f6f478ee5005802b6c92f81953542ff600a85ce0069a00e09b9e7e8f382e00a45dba2b00d8fdaf25b1853dbafebe0130818dbffab100d0009b2496c0bf99d0cd00bab58d5a7a45114c350d0c51abf4b61c3027006a8aa5ac0651eee660bfdc05ff7bd44981f72c523916001a619344d926894f00380a40d0eb65f7776c62785a5657073437ebe778d803a02982d787c1b9bf05f3a5db011c6593c4276c92a8bfd5ab748a0580c6d8247113fc0b07bd10ccd78bbbb9b786e6e96918800580e664e76eebea4b5e807f611f7edad0184e02d4a0c004c16bdb4c10143bfadaa4dd7986c945b7caca812183757128328700342769efde8efec909ff44bfcf999236b10740c30237de04001fb7f7ef565733ac453add52d6484a75b488137b003427a6a0dd1ea88fe19fe8c7c65fc3d803a07136492c0570aedde13c17c0b300faecffb7feb93980d7c790344e2e2b83a09783610f80e658ca6a607535c3658d05801200d7db24f12326a37dec01d089c00d3906c0ab08ec27d077d75606a3079c03401124f87c18bce73719fef796316cfcf5833d003a6293c41a0057da1dce7701bc9cb27bd708a6a2032c0028821a3332dd428beb7a9b24becc34f4853d003a6493c4150026542766fe2a9bcc0c44ebf4b41c305702d40cd96446e1e469bfe6cf3c2ef3c80bce67e3af43822cf3914d3ddbf1cfc72eccdeb2f1f5e4a28238a6a1516633841fbf054c1aafd7ebeb219f743acfa706d4f61bd0543a7ed25f46ddb9e87da6a15fec01d0b951772e7abf60ead1a97b8f3ee60bafd5ca40b4c8eb059c15da3f0e4e0054ffa566b562efd1c77c5130f5e85436fefac739000630fe96eb5d00ced876ff92a3d3f6ec7a3f6b7bce40a6a23165654056a6b68f81e3ffeabec4468fdb573574c48563febee057a6610c2c000c2470630fda79f723ff97b575f363c94505f14c45234acb8009e3b57d0c2c0054a9b6df80c6b2b113168dbcfb9617b31987a17008c08046de7dcb8b0553a727ed3966ce6b2d49c95c28400bf43011904300aad29294ecdb73cc9cd70aa64e4f1a79f72d2f3211e3610f80418dbfe53a1f80f9390f3df3f7e4a2828ffb6eda30dde471331895d2c36240327b0054c1678942f1c42357d5f61b70ceb85b6fd0d97ed3d41d2c000c2ef0063063db7d4f1e9b91ebb08b3bb7f5652a2a54c21e00ea3de7c831c515c324db983b16fe348071181e0b0002008cb963e14f00faedbcebe105d9399b1e482a298a652a2aa2872100f600444c5d9f7ecda5e326de3ef29ec54b343e959442887300e82023ef59bc64dfb499497b8e3de1a5c6749163026a51a6834d9db80890e21ad345f79e634f7869dfb4994923ef59bc8489505b5c08883ab4e5e16763e2ab2a5ecccad97c715c75257b8b227db32e5f0a242468f6f5cb175c041416f1442aa03935cd533a76e2bf1bd333ae1ebff8fa162642ed6101405dca79f8d984b80ae72b7d72369e1f535bc3b5852375b3befd3a307c98665fbffc875381c6469ec8306a494ef1968e9bf8416346e6fc718baf6f6022d419160014b49c879f4d8a7796bd919db3e9ec98ba5a0e1f297db33ef220306b86365fbccb05f9f83ff02486496b6292af74dca4cf1b32b3e68d5b7c7d0d13a160b05b9782366ef1f57500fe98f3d0331909e5656ff4c9d978aab5a19e858052b43c11901300c3c2151f2f978c3fe2ab86ccec79e36ebd4107134548492c00a8dbc6dd7a43058033721e7a262bb1ace49dec9c4d275a1b1bb4fe98baea697a2d004e000c29775cbc5c326ee28afaecbe978ebbf5064eaca01e6101403d165843606ece43cf64c4573a9f15776e3b37bec219c564c2a454c33d0055553c7f21d09496e1291f35f693c60cf13a7ee2a7de620140bd16e811f8d396479eb3c4d4d63c90b17be7ffa514ec4d643221a6e502803d00bd52d37f5043e570e9a5e69494db039b7b11f51a27015258ecbcfb91ab53f7eeb933c3b1a3afc06b2c34c40c089f7ea8cdd7fecebb905f7899e7b01b644140c5885125d58386de37f29e5b9e6722146a2c0028acb6ddf7c409c945054f656dcb196b76f3834baf984c10567c0358b4d771273ffd1cf0de7f780e83e08db2a27cf4b86d35fd072c1873c74ddf30110a170e0150588db9e3a6ef008cdbfae053524259e98b59db738e8baeafe393033de1f301e54ea06f1fedbd763e05d0a5d6c4245fd9e8713f366465ffdfd8db6e7470530e0a371600a488b1b7dde8003067cbc3cfc6c5d6d6fc33655ffebcf4bcdde9600f54f7949569b300e024c0f609022a870cafac1938f8cde6e4943bc72fbebe89a19052580090a2026f708b002cda76df93c72694973e20eeda713457180c925627027212e0415a9253bcce11a37e6dc8ccbe7dcc1d0b7fca602414012c002862023b10cedaf2c8b3d698bada3b530af6ce4fcfdd9525f87c0ca7235a5d0c883d00904d26540e1b51563360d0ab2d49c9ffe46c7e8a344e022455d976ff92a9f1ceb287c55d3b8e89adae62817aa8334f8770ebdfb4f59a7d3ec8c79ee09fc36040cda9691ee78851ff6b14b3168ff9fb82b5bc88492df8064baa1278839cb3e591e72cd1f575b7261517cd4fdfb36ba0a5b5852b0d02da1c02a8ab375ce3ef898e912b878ed857d7b7dfabad89490f8dbfe53a0f2f5e521bf60090eae53cfc4c5a4c6ded6d89a5c57f4adfb3abbfd965e09ed3410321d8dfd1d66bcecb837cf13cdd9f1aafd58acaa1230aebb3fbbed7929cfce0b8c53770dc83548d0500694ace43cf64c6d4d5dc9e5452747eda9edd7dcd6eb7b102888981f0fdd7da7acd1b7e837cfd025d9e0e6f5414aa860e2faeebd3efbf2d49290f70795ed2121600a459390f3dd327b6b6fa1f49c545e7a6e5edce32798cd1cb2a7cf9199092ac9d17fced7790effca76ef2f7592ca81a32bcacae6fbf8f9a9353ef1d77eb0d25bc1b498b380780342bf0c67b2d806b731e7a7a406c4df59d8965a5a7a6eccdeb13d5d2acdf39036565da2a0074f008a03b2656ae1934a4a43e2bfbcbe694d47f8ebbf5af05226f41d2381600a40be36efd6b01802b0160cbc3cfc6589b1aaf8cabaab42595144d4a2a298ad5d58243a565c04849332f57d6e22a808280ba3efd9aebfaf4dbd894966e77c5c5bf327ef1f52d99bcd54847580090ee8c5f7c7d0b806702bfb0f581a726c4d4d5dc10ef2c9f9bba2f6f80b5b151dbbd035a5b0ba04a1b05802b3e5eae1e38a4a051cc5cde9294f2ccd8db6fdcaca17e16a26e630140ba37f6f61b37637fefc023cf59a29a1ae7c555575d9a54523439a9a8205e6bbb15ca6565d05405a3d21e00591050d76f40635d9f7eeb9b52d3de71c7c5bfc9c7f5c848580090a104dee05f0dfc42ce43cff4b336365c1653577b727c85735c527161aaead71c28610f404f78a263e4babefdab1b33c49c96a4e4af5cf1096f8fbbf586a214de1664507c0a80a88d2d8f3c6b8d6a6ef9637443dd39b15595d3924a8afbc5d654a96b9f82d1a320bcf692663295cffb1350acfc44f9e694346f5d9fbe45cd69e9ab5b13923e76c7c67cc8e577897ec70280a80bdbee5f32cdda586f8bada9393ede59363ca1bc2cdeec8e603b929a0a61e9279ac94f3ee124a0b925ac3fc31b654543665663a398b5bb392565852b3ed13ee6ef0b56f3ea25ea180b00a26edaf2c8b3564bab6b4e5473d35c6b63c39498da9a11f115ce8cb8ea4a8b224f1b0802841f960356abfac36a6ef11700213cf6a6d4744f638658d19294bcdb9590b8d61d1bb7dc136dfd9e9fee89ba793bb100200a8d9c879ee913d5d27c7a5453d3b1d1f57513636baa0626949725453537857c4e81f0febbc080feea0fa5b8c43f04d003eed838b941ccaa6f4e4ddbd79a98b8c91d17ff3f774cec675c7887283458001085d9d6079e1a6776b51e6d696d9d18d5d23c2aaaa971607443bd18535b9b185b536d117cdeeedfb84f3d014c9dac8183df06f9ca6bdafd27d96446734a8aa72539a5be3521d1e98e8bdfe78e89dde98d8edee4b146af0e3cbd414461c2a70088c26ceced37e600c869efdfb63cfc6c8cd9e39e62696d9d66696d196f696e1e6e6d6aec17d5dc946c696989896a6eb25a1b1bcd87cd3950f95a005e5986cb2b7bdd758d2ef790612deed8b85a575c7c91273676b7273a668bc71abdd61b15b566fce2eb5be279891045047b00883420e7e167d24c1eef30c1eb196cf678069aa64ded673e6666b6591044b320a4994d483609428c09b008022c0204b34980451004934980d904984c8220988403bf0b26c13f32e19365f864c83e59967d327c3e59967d80cf27c32bcbb2cf27c32343f6ca323c3ec0e393e516af0fb55e59aef2cab2d32ba3d427cb453e19fb7cb29cef93913b2e3d8e3be111a9dcff03e77aa3344b8ab2040000001974455874536f667477617265007777772e696e6b73636170652e6f72679bee3c1a0000001274455874455849463a4f7269656e746174696f6e00318458ecef0000000049454e44ae426082, 3);
INSERT INTO `employee_files` (`id`, `created_at`, `created_by`, `updated_at`, `updated_by`, `mime_type`, `name`, `new_id`, `new_name`, `pic`, `employee_id`) VALUES
(3, '2021-03-02 20:42:35.195979', 'admin', '2021-03-02 20:42:35.195979', 'admin', 'image/png', 'maleuser2.png', '3fa23e10-81fa-409a-ba22-f75d173a6a3aemployee', '978342343V-2021-03-02T20:42:35.187975', 0x89504e470d0a1a0a0000000d49484452000000db000000e608030000006bb900010000016e504c5445ece6f4663ab6feca7fedededfefefeffffffecececfd5621fea93f2f1a91f7f7f7f0f0f0fbfbfbf6f6f6f3f3f3ece6f3764618fc4f19fdba73fba965ffcf83f0ebf66335b5edeceff3d8c9f3cfb36437b6f1edf6f56a43eceaf9fba636f55216f6dae05a28aef5f2f9fec97afb4d06f4e6effec57cf4c9c9fbaa42fbb04ef5cfd0fa4b00f75b23f699866e3e0e6a3800f76a32fbca86f2e1ddffae3c260c8e4e2ca5997eca714bb5522fa8ebe1f97754b81a038e6b42b3673db1b7a3dcbdaedba18accf4b4adf4a092f28e77f37f61f47552f26439f4bfbcf3866bf5aea3f35d2cf99a5afa8f51f78245f8753bf68b75faae69c19156a47540bb8a51d3a263ecb873f5c799f964238a5a27fe9d3980511ff6bf889d6e3bf7af5dfdc16bf6d5b0f8cf9addc0c1e2baab7769b252296d7c4f6d48287c6c44783c2991f2a454dfd5f5da9258b177688d6fc5774d779b676fd3c3ecc4845edf9757290e7f9c68698b5b6c3b1f7dbd7f62bca8de8b70c1f9c77766000013a149444154789cdd9dfb7fd34612c09548761359967088ec60a124b263b0213c13129c9038501e2d2d6d795daf3d08dc41a1e41a6ae07ac07f7fbbabd74a5a49abdd75ec637ee0a38f8c37fbf5cccecc8e56bb9202a4549181a82570a595c155a5046fc27b650ddeacc24b1dde54e0c765f41d1ddeac06df299726ad21590ad8cab02525d112bcaa96492d81cbb21e7c27ecd2a434c4c3268bead2881afab2d94a502a65202abcd2e0958c6ecaf05283575578554137e1555981573abcd283ef9427af21a90245835285573aba0c6feaf0aa4abaa9c22b95f49d4969480a7d4f3814e3e313f33daec194fdefa8f0ca3598f2c435248536aca7da7035b4e17030a0efa8e160284f5a43ca97cd168ccf70282ab1315d4d1dd36a6c4ca737e499127f43f43d9254285524d12b357655f066ec635dd75bae802b789fb5a1023d2a18039402ae1b1a8cd66a5996614809314cd3b21a1a55438c3d1a51ec067fb2da30494c0944abd568c86e1af87f9097c855b565e663618086d5803fb7f8bc24080f41d6ed8507398819d5e0a6d75224f844d3f706d1042914d8d2226cfc3d922537ac4371c33aba8cddacc66e6ac1cd6af43baac5c21508505ff28fb3f74812e671cb0d68885c6ce0eb962a30060889dde0efb438a942b11a139597a8a62830a479a3d108f249716ce99969b2253f33951b02c97cc016689ebd47189b0cd914b70601af3474135e296e0d22bc89be5409bea3cab2251ccc154b2b31f608b0a1ffc93b376d8d880c8a91ee31e8e6a65cb17b543af305e82e59e73a92bc842f985189618d25e712e7f4b3c592d9732eb6f1a689f78d696234648e5a90ef27c195e795e04dcf2b81ab6a70d3754095caa8075a542c2dbf47e0a6eafac9e026757cc32b2f8d2332c7505a72768fd2e35ba1bca4a4b84a3b5a3eb371043957493d72a52181a3ae285bd1ac7b94c13a5bccc2f300ead9525553554d64525c588c448f88dd0ce76fa459ae4c9ee58ecd1e036924e6ddd0c6e43269de5dac1634467bf4c51a555e72b4418d2c06432d08e525489b6828ba3689c6276a0928be624a4c551ed170207d52fcbcc4b5c9726093c819fa14b2575746a3105d46af74ffe36a6502b85c69253bac9328a86b41dac4a0018f22b616a48e9b2722962c2e2f51c7ef20a362a90c6cc45c596e8c9b2521adcc5cd9ab38e73cef56e083e4c94303708adf4d7881e638f8f36e053defce9f9b4ed658f3a521a0163401c908592cfebc441b3743aa3478d926d3202534356e916a04f4b52059509a654331a3c2ffd047cb196f72e03dabc114c17f5e572a8998aed9b6b17cfafa8daf6fde3a89cbedd3366fcb4666bd249e9744e39b80ccdfb63b77ce9d5c5d5959a941f9aa16c8ca4dfe1fce60ce4bf85d2400fb0670d5be22c9597ec54926231b7760b3976fdc4ee1825213a0381009986a419ca9bfbd7c6e29834c90e2a4466e2d88b4448fcb45da9d1bab2b596082146718153d923486ab0fc9b52034a1e51a6cf6e993796440564428ce4cc6b7bcb5d82a47f4b13be7b2ad31549c08ab2c9c977018a4bd7c8b426908eec6998ec48967442bce1479094764b34fafd228cdb5ca95d56fae776c3e3c434e59ab56250ac760b3af2f51a321ddad2c7d7d868fce528910e4b5a16c0fa1d0b220fb5b4a7bc4f1cede3cc305a755e86b416cbe19fe20f6b7670ba341baa5731d0e3a933a2f4109099b2fb1af17d79a2b2b5cb97323832dfaa88039a4daa759d1a0eabee58023d4824a925e4984756647622fd37b48829cbdc19ea7983ae1dd07420c60691b25689d933c6800ee1c3b9c46550b626edffc9add227dcd319ba559a2c84b1aacc9967d87170d78943bcc706a3e1bbbda3a77f92c124a6d759915ce24d482226c258db1880c8236b74522c5b1cf7bd4f8ca93c4dc943591b4cf88400343ee3aabe28cbcbc84b9f66fdee2b74828b5bb1dd62eb472d605b15a847d8729d722c80a08e16cdecccc661bbbda7815975e0b6257db69b61499f483ac308f3893500b52825a1063a392fd6371b5d5962e7ef73de16bb55bccaeb2117913d58b6f6e2d88bdfeb3bcc40036373f3f4f825b619ecc99e9b1bbc4fad249b10969adb6f403049b06327f2f09b7c29c791991157a1136e64272014f82c04eb960487e487cb57692d99b780f1c09b520e602d0326d5dabf655148c0cb7c29c7819917900beac86158dce2421d8f13818905317e370ac9e128c271d5bd82485abb674e6e066dfcc354900768f044684abfdc83c1b68a9e182342c765799cbad9dbb5460242e172e365de71870464a5ec2da5e769a5cabadde3b3e4dd6982f73abd1ef2c2d3357ecd18af4e0dd75bf8ac25e26492f6e41b09f3234e6c97c0c8ee3e9950580825a90b7dc57657f53c33e4766abd57ebef7d3742e1882fb29f2cd15f69297112eb8c662006b6b64570234f63d2518823b1e613bc75eced308b520f6555b66a2bc55abdd2d02e6c2618dd4be616783b3b8785ec25e3e8bb9c95aede2f773c5c010dc77215ced16fb233293c0c6de5a077304200766018bc1d56e77981da511cd2715be8584d8240024f76c60082e9c14ac320738b8fcd07bc32a989b723c710bd96ac799c1a0cc056c20c0318b19af05f1ac6e1a015b8d395b468b85a2cf714a1ccfb771361e348c0d4c4fd93b1467e359263902bdb14fbd25f8302e5a0be2594d320a369e078d963fde5c3fc9f5a6f664b11920c2b96fecfbf18d677dd364b101bad8baa02f894d8ae6255caf004c1c9b16a9058d866d7e3e734a9af838643b7b9aa7432d05af05712dbaeb04cbb7226cf3a7ee3f78703f23057bf4e0c1c3c7f8c7015bedee324f872c7c1f43856f41e1b25f9ec4d9e61f9d8772ec11196efef1aff0e30bf7b18f7db6da6dbe6542065e0b52f8165ddbcb17136cf38f2e1c4372e13191edd431ef630cce675be243f3d8bcbc84719153207f9bf939c1f677aff3e79f901437fff0bcf7f9b184de567f79ccb76354c0865e1de05b9a7c7971c685c3d81e5ff0fb7e9e6892bf061f3f8ab1adfe32b37882239d446c282f71f7fee362b3ff01d866600115670bf44236ca6321db7c840da0cd2ccef1fdd86ea1dc8d017c6fb8759e02b419581dc6e601397a9b4ed3dbea5c1734d6bdccd5a396bb3614c56e3eb6cbb037336d00471a6fc7c8e3ed0179bcadcecdc3d61639d9b07c52081baceb17f093e7497e12a04d23b605116c257eb64ecf659b3e753712df2ea000971adf8e81e077fec2433cbe2d0134c43623446f2882f3b1d98f175db6e9537391de3f7cf2e47e46c1fcfe8327b1bc04a241b6c5a71cb520205625ac05f1bd54642ff86c71dd14cc275d816ccff882b719d68264ce17a60ca838021b9b786ae3890266989770ef8fd679ba288cad3db3d8e31b6d62d9a4cee3c57d516c8b73bc683e1b1a6ffcef271a0b9704b15d5ae07fc5d51b6fe85f01bbaed80b628cb2fd8c75a91ace863da3e26373bbb220046dbabd20e8bd313f2f11b15b4e470cdb34f76093c4b3496206dc25bea8ed8ac726601ee0c9331103aefd5c44572c77bca1ec44c87e10429c49fb8480e12699582d48009b21758418a588e12659612d8837e7f2448051b69f0be98985d582c4ec7671995f6b6dbe799b2f16560b12b34989f19c5b7142bca4ff42bbb7f798989d3cb8bd49fb99983d3b75fc4c0b316cdc8abbc4bef4222291332d04ed9ac6a9383101002e31c19f5109d932d3e0545c5bd068934c057f8f4ad476a05cae529093046ed26373f7c110b6bdd80976c5414722462c0ddfc750d84e55ec5629cc22e1eb1df8ba2071bb70752e31c25dba2cc69148880d5f3b236e7bc9cb8c69a58839a92b468c4ddcdec236d3045c981f91e082aec899164277bd63806b9f10f8f7cdd89916e2f66134205cc13127144d6ac5d62b8bdd63f272418722d02025f8a6776c4dafd0bd6aed4e8150d0be24643e1a4a62bdb2e08dca4dea896afb39cfce25a43f5d8abf2326d6280d7ba14707d7ee094a90036925ceb410bc87267c6eb54f41b7df5d14ea4724f4d269ec4c0b81d11b0a7a26d7cda3db87cfda44b325dfa312bc13bbfbbc71a6fb349daebd8f9efe2e0ab64983c02676f7538f0d488fa8bcf67ecffb5c349b4578775d11fa174236a8bddefe7edb276cb7f7f77bddf043c16c4623be8f2114a15120c2e602767b50baddd87dc16ca6a626cfb4109b9a24d9d244305bb01b387ea6855c15f927c6c696f25ebe484f392e36037f2f1f3bd342e43c675c6c5635e54c0b61e1db34fbffa466fb57df14707aa827a9675a88a9521a667ff062f66597926dedb7d9178303bbd029bda962a6ed17240b381f0c81ad6fafafbfeae56321e9be5e07ffffc5a02f82ae95bea70e6feb8679b0f7fbf6fa2c900f6f28d97aafe07f5fdffe7def809bcec8d82f88732d8679b0b1be3debcaf6bf29d9de7cf0bfb1fee2806b99329adea49f69c149e638b3be6cffb14685b6f66e3bf8ce15e770c8a5bbcc332dd8c30020abd7a7a6827eaebfa564fb733df8ced454ddd9e0b04c53cedac79075866af677a70019c6463be07a2f71364057dfebb3faeb46e65e7f456771060a4c8639dc72a6905c098df21d95e2de872639eb36e16c321a269cb965b1158ddff0bf9bfd3da7e9f66bea6a6894afbb3426f957a8b62b5e1b4d678349758d385b7cdfd0e28d9ac34d4f6951a3dc7e4fa1b8c04b066a4386796dc8d08fdc332d8a8e38c3fe8494d69c6ac68c92c69bacfd2761929eea760b878346fe991605461c1a6c1b98d222464931e2d6de636abb1a69c7f9dc2fb6c9bf21e7efaf5c487146ff308a861be5ecab3c5709f22da2da90e6b68a0dba06c5ded145629cd9dfaac7d070c5adffd6a5b7c82bf186ea9b0705e04cba332da84dc13cd84ca04514b7fd6716dcda1f18da6cb2a1fa0e359c01cfa7a238d3c27db09f0f6818fd6b04345c719970dd08da55424b4d7ab816e59916603a9047063f37fa24ad4de1ae12c0bd7d4376286bbdbf703482daa0e6ae51c2199833cc3ed382aae26510c65ad22a67d7fffbb19ba45bebbe7b998f06c75c9f6a84a0ea16dd99161471c0b063ce3f0d6e76fbe5c73711bcb5b5debbd7dbebf8ff2159a40b774813e70c45a13dd3a242e14eccdd74b4c89083f3ce0fbf7d7cdfebbad27bfff1afff46c9923e3214678fc22a1b05ceb4c82f7999c30cb4e89073f1b63fbc7afdf6eddbd7af3e6cc7c032d100dc2017ae453e98837ca645eea6b6c04536b33a948043805008f733d1402a77906945704f8f82e79b665ba59931d8d2e1c8928d86865cf60fad153d6b2bd357e6582492abf9545468c02a3f655a11dc55398b2d72a6857b8e9895aeb9d4c816152ab4540f194a73272b10c075d76e80a639d3c20bebe93f56a68fc484c22ea9da49f5957022927e5858c6798ba99558a3bf93ed4802c9b34b0aa521a9a7ba13c39d86163edf346dc8997b0e659fb2e968c900db469a11b54a8c678092e1e8d5e6d2a558263d19843b4843633edf94987bd18eb60cbc2bf9ce312a29230ebe579a75be69b4ce153bbbd524cd08b68aa82de403320bff29a4304fc8aed25402b6c0d1679d69e1e62550904349fe5c34b14dbc90621c5a92407fee7af2fceec4cf656ed0c436d142484e0c77d704b6f34dd1cd4424e88f816c8a140654fe33e5a370863970c6c2e6ecc68cb2953c779da216848f37b8fa3002371e93844669c6d048e7a8679d69e1a62cd839ede89e849586ec9cc9cde8e0229eb2116456e103443d9a3446cfb448c680c46ee0c681331eb429077f4460c924bf178f6f99b1dbdfa13e344bf3d3b8d8ea58f86ea964dfc0c2163a94710db7481450d173997cb6f47940383eabc17266c3664a4a444873c71f161aea91ef3132e601f89916c16910a49ba8dc6af49be3629b72dc086754aa29dd8c53e0675ab8d88ae2c500a5e4aff402399affd4716caec477266645767be4afda0a17a479f3ee32e14c8b94d82d0767ce58e34a263d3698525a6146acf0e725584b0d637c6e72aa091d65ab14ed510e5b5045091f15009b94039bc4e70d8d22536ed10226df6a29de23cf26438a482dc83bd342d3dc51881291f05c88d84df59333363fe9ec814ea8e46e8614d84dda18e07b5c7db833a67cb23e24f788ad1614c6eed086e58af4791caa73b68016623d129397e02d55f441f3a85557773e81d909271b3957ae4667e4ba79b4aa834b164aa5ac1e65e4ca683a23abf04a45a7418437e1afa454c14d59575c9b04974a6978cd393234a73968e9393d42377578b30aaf62675aa4cf4d611610f7321563cf391ac3ac3b1b264d8f8a3ca322c56e3c52eafdcf886eb4c609ccf1009a234d8ff8f292684ba583ad110fbba6736dd0aad2f748205ba934dc1c215dd3d9f9d4d28bf428cec636defcefb4069b231a77506756452edc237cbcb90e08fe00aaeb6120b6e2c700df2b418dba5e29b8097f3f19fc7ec32da72e4c797e4375677360e94c3d0abe931fdf949c6802e4e0d0116b9a75e77068e9ac3d4a8bdd147949220b00d6dcdfdb11669a75676aaf5faaf2f4481c1bf84e4537879f1d01784dc7d91ab6e0a812c156701e90967583bf6e0e0eb9f09a7500b6dbd705f528a80545a76a5a6c6244355b82b598fee0b0cee4599a00ac0ec0c0f0d284f588b406037fce4a9ce512573c94e1974a256bb8b7e914e3830abbb631e857aa28232e8bea1147ec8e464abf4b30c4f4071b5b752a408855df045c2d1de4b97843fc3de2c94b886c68a083399e6e1c0cf6b6a61c20f57ab3194b3b8109d6d1475b1bbb43c30db98486b8d952f312a55816404c70fac3c1eec6e7ad6b882490faced6e1deeee0c0b474a02eaa86587ae49d69812ab2b14b9a9b79df01a2c14d36545392faae4892091717839b5a8186587a242a06e0c95eb2219815a11f15ce23758e868af44850ec8697a5496be8cb660bc343909996736a41b1ccb4847769821a9209ef3e241f24574937e34f9727af21ceb92995eb1e5743a388dd13d2d048f292096928ce961c9f8c5d9a8086f0b5d86e0d82d0928caddbc35a4259b71cebd20435a4fc0ff47da82fb180da1f0000000049454e44ae426082, 5);

-- --------------------------------------------------------

--
-- Table structure for table `invoice`
--

DROP TABLE IF EXISTS `invoice`;
CREATE TABLE IF NOT EXISTS `invoice` (
  `id` int(11) NOT NULL AUTO_INCREMENT,
  `created_at` datetime(6) NOT NULL,
  `created_by` varchar(255) NOT NULL,
  `updated_at` datetime(6) NOT NULL,
  `updated_by` varchar(255) NOT NULL,
  `amount_tendered` decimal(10,2) DEFAULT NULL,
  `balance` decimal(10,2) DEFAULT NULL,
  `bank_name` varchar(255) DEFAULT NULL,
  `card_number` varchar(255) DEFAULT NULL,
  `code` varchar(255) NOT NULL,
  `discount_amount` decimal(10,2) DEFAULT NULL,
  `invoice_print_or_not` int(11) DEFAULT NULL,
  `invoice_valid_or_not` varchar(255) DEFAULT NULL,
  `live_dead` varchar(255) DEFAULT NULL,
  `payment_method` varchar(255) DEFAULT NULL,
  `remarks` varchar(255) DEFAULT NULL,
  `total_amount` decimal(10,2) NOT NULL,
  `total_price` decimal(10,2) NOT NULL,
  `customer_id` int(11) DEFAULT NULL,
  `discount_ratio_id` int(11) DEFAULT NULL,
  PRIMARY KEY (`id`),
  UNIQUE KEY `UK_7jq4q4t65on0ftpce6rjb17m9` (`code`),
  KEY `FK5e32ukwo9uknwhylogvta4po6` (`customer_id`),
  KEY `FKaqmv80i9p25a4fsj8x0e60shi` (`discount_ratio_id`)
) ENGINE=InnoDB DEFAULT CHARSET=utf8mb4 COLLATE=utf8mb4_0900_ai_ci;

-- --------------------------------------------------------

--
-- Table structure for table `payment`
--

DROP TABLE IF EXISTS `payment`;
CREATE TABLE IF NOT EXISTS `payment` (
  `id` int(11) NOT NULL AUTO_INCREMENT,
  `created_at` datetime(6) NOT NULL,
  `created_by` varchar(255) NOT NULL,
  `updated_at` datetime(6) NOT NULL,
  `updated_by` varchar(255) NOT NULL,
  `amount` decimal(10,2) NOT NULL,
  `number` varchar(255) DEFAULT NULL,
  `payment_date` date DEFAULT NULL,
  `payment_method` varchar(255) DEFAULT NULL,
  `payment_status` varchar(255) DEFAULT NULL,
  `sample_receiving_id` int(11) DEFAULT NULL,
  PRIMARY KEY (`id`),
  KEY `FKjrgj4j0fxoolb4qsx9jjkr5y5` (`sample_receiving_id`)
) ENGINE=InnoDB AUTO_INCREMENT=11 DEFAULT CHARSET=utf8mb4 COLLATE=utf8mb4_0900_ai_ci;

--
-- Dumping data for table `payment`
--

INSERT INTO `payment` (`id`, `created_at`, `created_by`, `updated_at`, `updated_by`, `amount`, `number`, `payment_date`, `payment_method`, `payment_status`, `sample_receiving_id`) VALUES
(1, '2021-03-02 22:36:57.382609', 'anonymousUser', '2021-03-02 22:36:57.382609', 'anonymousUser', '50.00', 'GRIP210000', '2021-03-02', NULL, '<null>', 1),
(2, '2021-03-03 20:51:35.765630', 'anonymousUser', '2021-03-03 20:51:35.765630', 'anonymousUser', '25000.00', 'GRIP210001', '2021-03-03', NULL, '<null>', 1),
(3, '2021-03-03 20:52:22.146348', 'anonymousUser', '2021-03-03 20:52:22.146348', 'anonymousUser', '250000.00', 'GRIP210002', '2021-03-03', NULL, '<null>', 2),
(4, '2021-03-03 21:20:06.594572', 'anonymousUser', '2021-03-03 21:20:06.594572', 'anonymousUser', '50000.00', 'GRIP210003', '2021-03-03', NULL, NULL, 1),
(5, '2021-03-03 22:06:49.592060', 'anonymousUser', '2021-03-03 22:06:49.592060', 'anonymousUser', '25000.00', 'GRIP210004', '2021-03-03', NULL, NULL, 1),
(6, '2021-03-03 22:16:53.104284', 'anonymousUser', '2021-03-03 22:16:53.104284', 'anonymousUser', '100000.00', 'GRIP210005', '2021-03-03', NULL, NULL, 1),
(7, '2021-03-03 22:28:14.405007', 'anonymousUser', '2021-03-03 22:28:14.405007', 'anonymousUser', '250000.00', 'GRIP210006', '2021-03-03', NULL, NULL, 3),
(8, '2021-03-03 22:28:53.859542', 'anonymousUser', '2021-03-03 22:28:53.859542', 'anonymousUser', '20000.00', 'GRIP210007', '2021-03-03', NULL, NULL, 1),
(9, '2021-03-03 22:30:37.065563', 'anonymousUser', '2021-03-03 22:30:37.065563', 'anonymousUser', '250000.00', 'GRIP210008', '2021-03-03', NULL, NULL, 11),
(10, '2021-03-03 22:31:08.215518', 'anonymousUser', '2021-03-03 22:31:08.215518', 'anonymousUser', '250000.00', 'GRIP210009', '2021-03-03', NULL, NULL, 8);

-- --------------------------------------------------------

--
-- Table structure for table `role`
--

DROP TABLE IF EXISTS `role`;
CREATE TABLE IF NOT EXISTS `role` (
  `id` int(11) NOT NULL AUTO_INCREMENT,
  `created_at` datetime(6) NOT NULL,
  `created_by` varchar(255) NOT NULL,
  `updated_at` datetime(6) NOT NULL,
  `updated_by` varchar(255) NOT NULL,
  `role_name` varchar(255) NOT NULL,
  PRIMARY KEY (`id`),
  UNIQUE KEY `UK_iubw515ff0ugtm28p8g3myt0h` (`role_name`)
) ENGINE=InnoDB AUTO_INCREMENT=9 DEFAULT CHARSET=utf8mb4 COLLATE=utf8mb4_0900_ai_ci;

--
-- Dumping data for table `role`
--

INSERT INTO `role` (`id`, `created_at`, `created_by`, `updated_at`, `updated_by`, `role_name`) VALUES
(1, '2021-03-02 20:18:58.424101', 'anonymousUser', '2021-03-02 20:18:58.424101', 'anonymousUser', 'ADMIN'),
(2, '2021-03-02 20:18:58.753266', 'anonymousUser', '2021-03-02 20:18:58.753266', 'anonymousUser', 'SQA'),
(3, '2021-03-02 20:18:58.961700', 'anonymousUser', '2021-03-02 20:18:58.961700', 'anonymousUser', 'QA'),
(4, '2021-03-02 20:18:59.047468', 'anonymousUser', '2021-03-02 20:18:59.047468', 'anonymousUser', 'TM'),
(5, '2021-03-02 20:18:59.094326', 'anonymousUser', '2021-03-02 20:18:59.094326', 'anonymousUser', 'LA'),
(6, '2021-03-02 20:18:59.146205', 'anonymousUser', '2021-03-02 20:18:59.146205', 'anonymousUser', 'CA'),
(7, '2021-03-02 20:18:59.206044', 'anonymousUser', '2021-03-02 20:18:59.206044', 'anonymousUser', 'HR'),
(8, '2021-03-02 20:18:59.264838', 'anonymousUser', '2021-03-02 20:18:59.264838', 'anonymousUser', 'ACC');

-- --------------------------------------------------------

--
-- Table structure for table `sample_receiving`
--

DROP TABLE IF EXISTS `sample_receiving`;
CREATE TABLE IF NOT EXISTS `sample_receiving` (
  `id` int(11) NOT NULL AUTO_INCREMENT,
  `created_at` datetime(6) NOT NULL,
  `created_by` varchar(255) NOT NULL,
  `updated_at` datetime(6) NOT NULL,
  `updated_by` varchar(255) NOT NULL,
  `amount` decimal(10,2) NOT NULL,
  `batch_no` varchar(255) DEFAULT NULL,
  `number` varchar(255) DEFAULT NULL,
  `sample_code` varchar(255) DEFAULT NULL,
  `sample_receiving_status` varchar(255) DEFAULT NULL,
  `compound_id` int(11) DEFAULT NULL,
  `customer_id` int(11) DEFAULT NULL,
  `discount_ratio_id` int(11) DEFAULT NULL,
  `payment_status` varchar(255) DEFAULT NULL,
  PRIMARY KEY (`id`),
  KEY `FKnx9yk0isw7j2qrdrlmnqfkvw7` (`compound_id`),
  KEY `FKabotpy92dim50i8xar6dxct27` (`customer_id`),
  KEY `FK8x0822y3hdlctbsvffntygivh` (`discount_ratio_id`)
) ENGINE=InnoDB AUTO_INCREMENT=12 DEFAULT CHARSET=utf8mb4 COLLATE=utf8mb4_0900_ai_ci;

--
-- Dumping data for table `sample_receiving`
--

INSERT INTO `sample_receiving` (`id`, `created_at`, `created_by`, `updated_at`, `updated_by`, `amount`, `batch_no`, `number`, `sample_code`, `sample_receiving_status`, `compound_id`, `customer_id`, `discount_ratio_id`, `payment_status`) VALUES
(1, '2021-03-03 20:45:55.000000', 'anonymousUser', '2021-03-03 20:46:13.000000', 'anonymousUser', '250000.00', 'B0000', 'GRIR210009', 'GRIS210010', 'ACTIVE', 1, 3, 1, 'NOTPAID'),
(2, '2021-03-03 19:50:12.604350', 'anonymousUser', '2021-03-03 19:50:12.604350', 'anonymousUser', '250000.00', 'B0001', 'GRIR210000', 'GRIS210000', 'ACTIVE', 1, 1, 1, 'NOTPAID'),
(3, '2021-03-03 19:54:53.400974', 'anonymousUser', '2021-03-03 19:54:53.400974', 'anonymousUser', '250000.00', 'B0002', 'GRIR210001', 'GRIS210001', 'ACTIVE', 2, 3, 1, 'NOTPAID'),
(4, '2021-03-03 19:55:04.400306', 'anonymousUser', '2021-03-03 19:55:04.400306', 'anonymousUser', '0.00', 'B0003', 'GRIR210002', 'GRIS210002', 'ACTIVE', 3, 1, 2, 'NOTPAID'),
(5, '2021-03-03 19:55:23.002294', 'anonymousUser', '2021-03-03 19:55:50.054012', 'anonymousUser', '675000.00', 'B0004', 'GRIR210003', 'GRIS210003', 'DISABLED', 4, 1, 3, 'NOTPAID'),
(6, '2021-03-03 20:02:46.196321', 'anonymousUser', '2021-03-03 20:02:46.196321', 'anonymousUser', '0.00', 'B0005', 'GRIR210004', 'GRIS210004', 'ACTIVE', 3, 1, 2, 'NOTPAID'),
(7, '2021-03-03 20:02:59.414400', 'anonymousUser', '2021-03-03 20:02:59.414400', 'anonymousUser', '0.00', 'B0006', 'GRIR210005', 'GRIS210005', 'ACTIVE', 4, 1, 2, 'NOTPAID'),
(8, '2021-03-03 20:03:12.080617', 'anonymousUser', '2021-03-03 20:03:12.080617', 'anonymousUser', '250000.00', 'B0007', 'GRIR210006', 'GRIS210006', 'ACTIVE', 1, 3, 1, 'NOTPAID'),
(9, '2021-03-03 20:03:25.793518', 'anonymousUser', '2021-03-03 20:03:25.793518', 'anonymousUser', '0.00', 'B0008', 'GRIR210007', 'GRIS210007', 'ACTIVE', 2, 3, 2, 'NOTPAID'),
(10, '2021-03-03 20:03:41.550357', 'anonymousUser', '2021-03-03 20:03:41.550357', 'anonymousUser', '0.00', 'B0009', 'GRIR210008', 'GRIS210008', 'ACTIVE', 3, 3, 2, 'NOTPAID'),
(11, '2021-03-03 20:03:59.376068', 'anonymousUser', '2021-03-03 20:03:59.376068', 'anonymousUser', '250000.00', 'B0010', 'GRIR210009', 'GRIS210009', 'ACTIVE', 1, 3, 1, 'NOTPAID');

-- --------------------------------------------------------

--
-- Table structure for table `sample_receiving_lab_test`
--

DROP TABLE IF EXISTS `sample_receiving_lab_test`;
CREATE TABLE IF NOT EXISTS `sample_receiving_lab_test` (
  `id` int(11) NOT NULL AUTO_INCREMENT,
  `created_at` datetime(6) NOT NULL,
  `created_by` varchar(255) NOT NULL,
  `updated_at` datetime(6) NOT NULL,
  `updated_by` varchar(255) NOT NULL,
  `acceptability` varchar(255) DEFAULT NULL,
  `lab_test_name` varchar(255) DEFAULT NULL,
  `live_dead` varchar(255) DEFAULT NULL,
  `remarks` varchar(255) DEFAULT NULL,
  `sample_receiving_lab_test_status` varchar(255) DEFAULT NULL,
  `sample_receiving_id` int(11) DEFAULT NULL,
  PRIMARY KEY (`id`),
  KEY `FK8j57592pe714f474p7uyl6o61` (`sample_receiving_id`)
) ENGINE=InnoDB AUTO_INCREMENT=31 DEFAULT CHARSET=utf8mb4 COLLATE=utf8mb4_0900_ai_ci;

--
-- Dumping data for table `sample_receiving_lab_test`
--

INSERT INTO `sample_receiving_lab_test` (`id`, `created_at`, `created_by`, `updated_at`, `updated_by`, `acceptability`, `lab_test_name`, `live_dead`, `remarks`, `sample_receiving_lab_test_status`, `sample_receiving_id`) VALUES
(1, '2021-03-03 19:50:12.867646', 'anonymousUser', '2021-03-03 19:58:56.754711', 'anonymousUser', 'ACCEPT', 'PYSIC', NULL, NULL, 'RESULTENTER', 2),
(2, '2021-03-03 19:50:13.134900', 'anonymousUser', '2021-03-03 20:00:46.738510', 'anonymousUser', 'ACCEPT', 'RHEO', NULL, NULL, 'RESULTENTER', 2),
(3, '2021-03-03 19:50:13.136895', 'anonymousUser', '2021-03-03 20:01:35.235415', 'anonymousUser', 'ACCEPT', 'VIS', NULL, NULL, 'RESULTENTER', 2),
(4, '2021-03-03 19:54:53.416896', 'anonymousUser', '2021-03-03 20:00:10.312766', 'anonymousUser', 'ACCEPT', 'PYSIC', NULL, NULL, 'RESULTENTER', 3),
(5, '2021-03-03 19:54:53.418922', 'anonymousUser', '2021-03-03 20:01:03.104254', 'anonymousUser', 'ACCEPT', 'RHEO', NULL, NULL, 'RESULTENTER', 3),
(6, '2021-03-03 19:54:53.420917', 'anonymousUser', '2021-03-03 20:01:43.334596', 'anonymousUser', 'ACCEPT', 'VIS', NULL, NULL, 'RESULTENTER', 3),
(7, '2021-03-03 19:55:04.402302', 'anonymousUser', '2021-03-03 20:11:52.934693', 'anonymousUser', 'ACCEPT', 'PYSIC', NULL, NULL, 'RESULTENTER', 4),
(8, '2021-03-03 19:55:04.404296', 'anonymousUser', '2021-03-03 20:09:45.354843', 'anonymousUser', 'ACCEPT', 'RHEO', NULL, NULL, 'RESULTENTER', 4),
(9, '2021-03-03 19:55:04.406290', 'anonymousUser', '2021-03-03 20:14:17.597023', 'anonymousUser', 'ACCEPT', 'VIS', NULL, NULL, 'RESULTENTER', 4),
(10, '2021-03-03 19:55:23.005285', 'anonymousUser', '2021-03-03 19:55:50.053017', 'anonymousUser', 'REJECT', 'PYSIC', NULL, NULL, NULL, 5),
(11, '2021-03-03 19:55:23.007320', 'anonymousUser', '2021-03-03 19:56:42.293816', 'anonymousUser', 'REJECT', 'RHEO', NULL, NULL, NULL, 5),
(12, '2021-03-03 19:55:23.009276', 'anonymousUser', '2021-03-03 19:57:19.021952', 'anonymousUser', 'REJECT', 'VIS', NULL, NULL, NULL, 5),
(13, '2021-03-03 20:02:46.198315', 'anonymousUser', '2021-03-03 20:12:29.003705', 'anonymousUser', 'ACCEPT', 'PYSIC', NULL, NULL, 'RESULTENTER', 6),
(14, '2021-03-03 20:02:46.199313', 'anonymousUser', '2021-03-03 20:10:13.146632', 'anonymousUser', 'ACCEPT', 'RHEO', NULL, NULL, 'RESULTENTER', 6),
(15, '2021-03-03 20:02:46.201308', 'anonymousUser', '2021-03-03 20:14:23.149346', 'anonymousUser', 'ACCEPT', 'VIS', NULL, NULL, 'RESULTENTER', 6),
(16, '2021-03-03 20:02:59.416393', 'anonymousUser', '2021-03-03 20:13:12.825503', 'anonymousUser', 'ACCEPT', 'PYSIC', NULL, NULL, 'RESULTENTER', 7),
(17, '2021-03-03 20:02:59.418420', 'anonymousUser', '2021-03-03 20:10:27.990241', 'anonymousUser', 'ACCEPT', 'RHEO', NULL, NULL, 'RESULTENTER', 7),
(18, '2021-03-03 20:02:59.419382', 'anonymousUser', '2021-03-03 20:14:29.880056', 'anonymousUser', 'ACCEPT', 'VIS', NULL, NULL, 'RESULTENTER', 7),
(19, '2021-03-03 20:03:12.082601', 'anonymousUser', '2021-03-03 20:13:35.541657', 'anonymousUser', 'ACCEPT', 'PYSIC', NULL, NULL, 'RESULTENTER', 8),
(20, '2021-03-03 20:03:12.084568', 'anonymousUser', '2021-03-03 20:10:40.830277', 'anonymousUser', 'ACCEPT', 'RHEO', NULL, NULL, 'RESULTENTER', 8),
(21, '2021-03-03 20:03:12.085600', 'anonymousUser', '2021-03-03 20:42:39.840242', 'anonymousUser', 'ACCEPT', 'VIS', NULL, NULL, 'RESULTENTER', 8),
(22, '2021-03-03 20:03:25.794570', 'anonymousUser', '2021-03-03 20:13:56.978483', 'anonymousUser', 'ACCEPT', 'PYSIC', NULL, NULL, 'RESULTENTER', 9),
(23, '2021-03-03 20:03:25.796543', 'anonymousUser', '2021-03-03 20:10:56.194822', 'anonymousUser', 'ACCEPT', 'RHEO', NULL, NULL, 'RESULTENTER', 9),
(24, '2021-03-03 20:03:25.797544', 'anonymousUser', '2021-03-03 20:42:54.187965', 'anonymousUser', 'ACCEPT', 'VIS', NULL, NULL, 'RESULTENTER', 9),
(25, '2021-03-03 20:03:41.551353', 'anonymousUser', '2021-03-03 20:08:18.922925', 'anonymousUser', 'ACCEPT', 'PYSIC', NULL, NULL, 'NOTRESULTENTER', 10),
(26, '2021-03-03 20:03:41.553351', 'anonymousUser', '2021-03-03 20:08:02.929358', 'anonymousUser', 'ACCEPT', 'RHEO', NULL, NULL, 'NOTRESULTENTER', 10),
(27, '2021-03-03 20:03:41.556340', 'anonymousUser', '2021-03-03 20:43:09.031763', 'anonymousUser', 'ACCEPT', 'VIS', NULL, NULL, 'RESULTENTER', 10),
(28, '2021-03-03 20:03:59.377065', 'anonymousUser', '2021-03-03 20:03:59.377065', 'anonymousUser', 'PENDING', 'PYSIC', NULL, NULL, NULL, 11),
(29, '2021-03-03 20:03:59.379059', 'anonymousUser', '2021-03-03 20:03:59.379059', 'anonymousUser', 'PENDING', 'RHEO', NULL, NULL, NULL, 11),
(30, '2021-03-03 20:03:59.380056', 'anonymousUser', '2021-03-03 20:03:59.380056', 'anonymousUser', 'PENDING', 'VIS', NULL, NULL, NULL, 11);

-- --------------------------------------------------------

--
-- Table structure for table `sample_receiving_lab_test_result`
--

DROP TABLE IF EXISTS `sample_receiving_lab_test_result`;
CREATE TABLE IF NOT EXISTS `sample_receiving_lab_test_result` (
  `id` int(11) NOT NULL AUTO_INCREMENT,
  `created_at` datetime(6) NOT NULL,
  `created_by` varchar(255) NOT NULL,
  `updated_at` datetime(6) NOT NULL,
  `updated_by` varchar(255) NOT NULL,
  `lab_test_result_status` varchar(255) DEFAULT NULL,
  `result` float NOT NULL,
  `sample_receiving_lab_test_id` int(11) DEFAULT NULL,
  `specification_id` int(11) DEFAULT NULL,
  PRIMARY KEY (`id`),
  KEY `FKtirgedd4r2hfnw8rgjd6qfepo` (`sample_receiving_lab_test_id`),
  KEY `FK69g6rqxksfvbqkdasu077vw2p` (`specification_id`)
) ENGINE=InnoDB AUTO_INCREMENT=113 DEFAULT CHARSET=utf8mb4 COLLATE=utf8mb4_0900_ai_ci;

--
-- Dumping data for table `sample_receiving_lab_test_result`
--

INSERT INTO `sample_receiving_lab_test_result` (`id`, `created_at`, `created_by`, `updated_at`, `updated_by`, `lab_test_result_status`, `result`, `sample_receiving_lab_test_id`, `specification_id`) VALUES
(1, '2021-03-03 19:55:38.160836', 'anonymousUser', '2021-03-03 19:58:56.755708', 'anonymousUser', 'PASS', 4, 1, 1),
(2, '2021-03-03 19:55:38.215594', 'anonymousUser', '2021-03-03 19:58:56.755708', 'anonymousUser', 'PASS', 35, 1, 2),
(3, '2021-03-03 19:55:38.217589', 'anonymousUser', '2021-03-03 19:58:56.756706', 'anonymousUser', 'PASS', 24, 1, 3),
(4, '2021-03-03 19:55:38.219584', 'anonymousUser', '2021-03-03 19:58:56.757702', 'anonymousUser', 'PASS', 89, 1, 4),
(5, '2021-03-03 19:55:38.221578', 'anonymousUser', '2021-03-03 19:58:56.758698', 'anonymousUser', 'PASS', 80, 1, 5),
(6, '2021-03-03 19:55:38.223573', 'anonymousUser', '2021-03-03 19:58:56.759697', 'anonymousUser', 'FAIL', 88, 1, 6),
(7, '2021-03-03 19:55:38.226566', 'anonymousUser', '2021-03-03 19:58:56.759697', 'anonymousUser', 'PASS', 13, 1, 7),
(8, '2021-03-03 19:55:38.227562', 'anonymousUser', '2021-03-03 19:58:56.760694', 'anonymousUser', 'PASS', 5, 1, 8),
(9, '2021-03-03 19:55:38.229557', 'anonymousUser', '2021-03-03 19:58:56.760694', 'anonymousUser', 'FAIL', 11, 1, 9),
(10, '2021-03-03 19:55:45.501211', 'anonymousUser', '2021-03-03 20:00:10.313763', 'anonymousUser', 'FAIL', 56, 4, 15),
(11, '2021-03-03 19:55:45.502170', 'anonymousUser', '2021-03-03 20:00:10.313763', 'anonymousUser', 'PASS', 15, 4, 16),
(12, '2021-03-03 19:55:45.507164', 'anonymousUser', '2021-03-03 20:00:10.314760', 'anonymousUser', 'PASS', 13, 4, 17),
(13, '2021-03-03 19:55:45.510149', 'anonymousUser', '2021-03-03 20:00:10.314760', 'anonymousUser', 'PASS', 12, 4, 18),
(14, '2021-03-03 19:55:45.512143', 'anonymousUser', '2021-03-03 20:00:10.314760', 'anonymousUser', 'FAIL', 77, 4, 19),
(15, '2021-03-03 19:55:45.514139', 'anonymousUser', '2021-03-03 20:00:10.315757', 'anonymousUser', 'PASS', 46, 4, 20),
(16, '2021-03-03 19:55:45.516133', 'anonymousUser', '2021-03-03 20:00:10.315757', 'anonymousUser', 'PASS', 45, 4, 21),
(17, '2021-03-03 19:55:45.518127', 'anonymousUser', '2021-03-03 20:00:10.316755', 'anonymousUser', 'PASS', 13, 4, 22),
(18, '2021-03-03 19:55:45.520123', 'anonymousUser', '2021-03-03 20:00:10.316755', 'anonymousUser', 'FAIL', 38, 4, 23),
(19, '2021-03-03 19:56:31.904988', 'anonymousUser', '2021-03-03 20:00:46.738510', 'anonymousUser', 'PASS', 46, 2, 10),
(20, '2021-03-03 19:56:31.907953', 'anonymousUser', '2021-03-03 20:00:46.739483', 'anonymousUser', 'PASS', 58, 2, 11),
(21, '2021-03-03 19:56:31.911942', 'anonymousUser', '2021-03-03 20:00:46.739483', 'anonymousUser', 'PASS', 13, 2, 12),
(22, '2021-03-03 19:56:31.914934', 'anonymousUser', '2021-03-03 20:00:46.740470', 'anonymousUser', 'FAIL', 45, 2, 13),
(23, '2021-03-03 19:56:36.488336', 'anonymousUser', '2021-03-03 20:01:03.105250', 'anonymousUser', 'PASS', 12, 5, 24),
(24, '2021-03-03 19:56:36.491331', 'anonymousUser', '2021-03-03 20:01:03.105250', 'anonymousUser', 'FAIL', 53, 5, 25),
(25, '2021-03-03 19:56:36.497354', 'anonymousUser', '2021-03-03 20:01:03.106247', 'anonymousUser', 'FAIL', 54, 5, 26),
(26, '2021-03-03 19:56:36.499307', 'anonymousUser', '2021-03-03 20:01:03.106247', 'anonymousUser', 'PASS', 16, 5, 27),
(27, '2021-03-03 19:57:13.041328', 'anonymousUser', '2021-03-03 20:01:35.235415', 'anonymousUser', 'PASS', 45, 3, 14),
(28, '2021-03-03 19:57:15.944162', 'anonymousUser', '2021-03-03 20:01:43.335602', 'anonymousUser', 'PASS', 28, 6, 28),
(29, '2021-03-03 20:04:17.902420', 'anonymousUser', '2021-03-03 20:11:52.935696', 'anonymousUser', 'PASS', 56, 7, 29),
(30, '2021-03-03 20:04:17.904449', 'anonymousUser', '2021-03-03 20:11:52.935696', 'anonymousUser', 'FAIL', 560, 7, 30),
(31, '2021-03-03 20:04:17.905408', 'anonymousUser', '2021-03-03 20:11:52.936687', 'anonymousUser', 'PASS', 56, 7, 31),
(32, '2021-03-03 20:04:17.906408', 'anonymousUser', '2021-03-03 20:11:52.936687', 'anonymousUser', 'FAIL', 45, 7, 32),
(33, '2021-03-03 20:04:17.908437', 'anonymousUser', '2021-03-03 20:11:52.936687', 'anonymousUser', 'PASS', 12, 7, 33),
(34, '2021-03-03 20:04:17.909398', 'anonymousUser', '2021-03-03 20:11:52.936687', 'anonymousUser', 'PASS', 23, 7, 34),
(35, '2021-03-03 20:04:17.913432', 'anonymousUser', '2021-03-03 20:11:52.937686', 'anonymousUser', 'PASS', 45, 7, 35),
(36, '2021-03-03 20:04:17.917386', 'anonymousUser', '2021-03-03 20:11:52.937686', 'anonymousUser', 'PASS', 26, 7, 36),
(37, '2021-03-03 20:04:17.919375', 'anonymousUser', '2021-03-03 20:11:52.937686', 'anonymousUser', 'PASS', 55, 7, 37),
(38, '2021-03-03 20:04:21.756345', 'anonymousUser', '2021-03-03 20:12:29.004702', 'anonymousUser', 'PASS', 25, 13, 29),
(39, '2021-03-03 20:04:21.757341', 'anonymousUser', '2021-03-03 20:12:29.004702', 'anonymousUser', 'PASS', 5, 13, 30),
(40, '2021-03-03 20:04:21.759336', 'anonymousUser', '2021-03-03 20:12:29.004702', 'anonymousUser', 'FAIL', 12, 13, 31),
(41, '2021-03-03 20:04:21.762374', 'anonymousUser', '2021-03-03 20:12:29.005700', 'anonymousUser', 'PASS', 12, 13, 32),
(42, '2021-03-03 20:04:21.764323', 'anonymousUser', '2021-03-03 20:12:29.005700', 'anonymousUser', 'PASS', 12, 13, 33),
(43, '2021-03-03 20:04:21.765357', 'anonymousUser', '2021-03-03 20:12:29.006697', 'anonymousUser', 'PASS', 16, 13, 34),
(44, '2021-03-03 20:04:21.767351', 'anonymousUser', '2021-03-03 20:12:29.006697', 'anonymousUser', 'FAIL', 10, 13, 35),
(45, '2021-03-03 20:04:21.768350', 'anonymousUser', '2021-03-03 20:12:29.007695', 'anonymousUser', 'PASS', 27, 13, 36),
(46, '2021-03-03 20:04:21.769310', 'anonymousUser', '2021-03-03 20:12:29.007695', 'anonymousUser', 'PASS', 27, 13, 37),
(47, '2021-03-03 20:04:26.018678', 'anonymousUser', '2021-03-03 20:13:12.826498', 'anonymousUser', 'PASS', 13, 16, 43),
(48, '2021-03-03 20:04:26.020674', 'anonymousUser', '2021-03-03 20:13:12.826498', 'anonymousUser', 'PASS', 56, 16, 44),
(49, '2021-03-03 20:04:26.021669', 'anonymousUser', '2021-03-03 20:13:12.827460', 'anonymousUser', 'PASS', 88, 16, 45),
(50, '2021-03-03 20:04:26.031650', 'anonymousUser', '2021-03-03 20:13:12.827460', 'anonymousUser', 'FAIL', 44, 16, 46),
(51, '2021-03-03 20:04:26.033650', 'anonymousUser', '2021-03-03 20:13:12.827460', 'anonymousUser', 'PASS', 13, 16, 47),
(52, '2021-03-03 20:04:26.034634', 'anonymousUser', '2021-03-03 20:13:12.828460', 'anonymousUser', 'PASS', 13, 16, 48),
(53, '2021-03-03 20:04:26.036632', 'anonymousUser', '2021-03-03 20:13:12.828460', 'anonymousUser', 'PASS', 13, 16, 49),
(54, '2021-03-03 20:04:26.037505', 'anonymousUser', '2021-03-03 20:13:12.828460', 'anonymousUser', 'PASS', 22, 16, 50),
(55, '2021-03-03 20:04:26.038541', 'anonymousUser', '2021-03-03 20:13:12.828460', 'anonymousUser', 'PASS', 25, 16, 51),
(56, '2021-03-03 20:07:48.533841', 'anonymousUser', '2021-03-03 20:09:45.354843', 'anonymousUser', 'PASS', 24, 8, 38),
(57, '2021-03-03 20:07:48.536833', 'anonymousUser', '2021-03-03 20:09:45.355839', 'anonymousUser', 'PASS', 14, 8, 39),
(58, '2021-03-03 20:07:48.537829', 'anonymousUser', '2021-03-03 20:09:45.355839', 'anonymousUser', 'PASS', 78, 8, 40),
(59, '2021-03-03 20:07:48.538826', 'anonymousUser', '2021-03-03 20:09:45.355839', 'anonymousUser', 'FAIL', 22, 8, 41),
(60, '2021-03-03 20:07:51.524533', 'anonymousUser', '2021-03-03 20:10:13.146632', 'anonymousUser', 'PASS', 34, 14, 38),
(61, '2021-03-03 20:07:51.535815', 'anonymousUser', '2021-03-03 20:10:13.147597', 'anonymousUser', 'PASS', 15, 14, 39),
(62, '2021-03-03 20:07:51.536817', 'anonymousUser', '2021-03-03 20:10:13.147597', 'anonymousUser', 'PASS', 67, 14, 40),
(63, '2021-03-03 20:07:51.537814', 'anonymousUser', '2021-03-03 20:10:13.148593', 'anonymousUser', 'PASS', 56, 14, 41),
(64, '2021-03-03 20:07:54.460338', 'anonymousUser', '2021-03-03 20:10:27.990241', 'anonymousUser', 'PASS', 23, 17, 52),
(65, '2021-03-03 20:07:54.464363', 'anonymousUser', '2021-03-03 20:10:27.991201', 'anonymousUser', 'PASS', 15, 17, 53),
(66, '2021-03-03 20:07:54.465323', 'anonymousUser', '2021-03-03 20:10:27.991201', 'anonymousUser', 'PASS', 78, 17, 54),
(67, '2021-03-03 20:07:54.466857', 'anonymousUser', '2021-03-03 20:10:27.991201', 'anonymousUser', 'FAIL', 56, 17, 55),
(68, '2021-03-03 20:07:57.088897', 'anonymousUser', '2021-03-03 20:10:40.830277', 'anonymousUser', 'PASS', 78, 20, 10),
(69, '2021-03-03 20:07:57.092888', 'anonymousUser', '2021-03-03 20:10:40.836268', 'anonymousUser', 'PASS', 56, 20, 11),
(70, '2021-03-03 20:07:57.094882', 'anonymousUser', '2021-03-03 20:10:40.837260', 'anonymousUser', 'PASS', 45, 20, 12),
(71, '2021-03-03 20:07:57.096875', 'anonymousUser', '2021-03-03 20:10:40.838258', 'anonymousUser', 'PASS', 78, 20, 13),
(72, '2021-03-03 20:07:59.669333', 'anonymousUser', '2021-03-03 20:10:56.194822', 'anonymousUser', 'FAIL', 56, 23, 24),
(73, '2021-03-03 20:07:59.671106', 'anonymousUser', '2021-03-03 20:10:56.195819', 'anonymousUser', 'FAIL', 45, 23, 25),
(74, '2021-03-03 20:07:59.672256', 'anonymousUser', '2021-03-03 20:10:56.195819', 'anonymousUser', 'FAIL', 78, 23, 26),
(75, '2021-03-03 20:07:59.673256', 'anonymousUser', '2021-03-03 20:10:56.195819', 'anonymousUser', 'FAIL', 12, 23, 27),
(76, '2021-03-03 20:08:02.919378', 'anonymousUser', '2021-03-03 20:08:02.919378', 'anonymousUser', 'FAIL', 0, 26, 38),
(77, '2021-03-03 20:08:02.920374', 'anonymousUser', '2021-03-03 20:08:02.920374', 'anonymousUser', 'FAIL', 0, 26, 39),
(78, '2021-03-03 20:08:02.921366', 'anonymousUser', '2021-03-03 20:08:02.921366', 'anonymousUser', 'FAIL', 0, 26, 40),
(79, '2021-03-03 20:08:02.926325', 'anonymousUser', '2021-03-03 20:08:02.926325', 'anonymousUser', 'FAIL', 0, 26, 41),
(80, '2021-03-03 20:08:12.502267', 'anonymousUser', '2021-03-03 20:13:35.542619', 'anonymousUser', 'FAIL', 45, 19, 1),
(81, '2021-03-03 20:08:12.503264', 'anonymousUser', '2021-03-03 20:13:35.543616', 'anonymousUser', 'PASS', 12, 19, 2),
(82, '2021-03-03 20:08:12.508253', 'anonymousUser', '2021-03-03 20:13:35.544613', 'anonymousUser', 'PASS', 45, 19, 3),
(83, '2021-03-03 20:08:12.662202', 'anonymousUser', '2021-03-03 20:13:35.544613', 'anonymousUser', 'PASS', 65, 19, 4),
(84, '2021-03-03 20:08:12.734002', 'anonymousUser', '2021-03-03 20:13:35.545658', 'anonymousUser', 'FAIL', 45, 19, 5),
(85, '2021-03-03 20:08:12.735995', 'anonymousUser', '2021-03-03 20:13:35.546607', 'anonymousUser', 'FAIL', 878, 19, 6),
(86, '2021-03-03 20:08:12.737991', 'anonymousUser', '2021-03-03 20:13:35.546607', 'anonymousUser', 'PASS', 45, 19, 7),
(87, '2021-03-03 20:08:12.738987', 'anonymousUser', '2021-03-03 20:13:35.546607', 'anonymousUser', 'FAIL', 78, 19, 8),
(88, '2021-03-03 20:08:12.739984', 'anonymousUser', '2021-03-03 20:13:35.546607', 'anonymousUser', 'PASS', 12, 19, 9),
(89, '2021-03-03 20:08:15.360409', 'anonymousUser', '2021-03-03 20:13:56.979490', 'anonymousUser', 'PASS', 23, 22, 15),
(90, '2021-03-03 20:08:15.362440', 'anonymousUser', '2021-03-03 20:13:56.979490', 'anonymousUser', 'PASS', 23, 22, 16),
(91, '2021-03-03 20:08:15.363401', 'anonymousUser', '2021-03-03 20:13:56.980477', 'anonymousUser', 'PASS', 23, 22, 17),
(92, '2021-03-03 20:08:15.364441', 'anonymousUser', '2021-03-03 20:13:56.980477', 'anonymousUser', 'PASS', 23, 22, 18),
(93, '2021-03-03 20:08:15.365431', 'anonymousUser', '2021-03-03 20:13:56.980477', 'anonymousUser', 'PASS', 78, 22, 19),
(94, '2021-03-03 20:08:15.366425', 'anonymousUser', '2021-03-03 20:13:56.981473', 'anonymousUser', 'PASS', 56, 22, 20),
(95, '2021-03-03 20:08:15.368426', 'anonymousUser', '2021-03-03 20:13:56.981473', 'anonymousUser', 'FAIL', 22, 22, 21),
(96, '2021-03-03 20:08:15.369385', 'anonymousUser', '2021-03-03 20:13:56.981473', 'anonymousUser', 'PASS', 48, 22, 22),
(97, '2021-03-03 20:08:15.373375', 'anonymousUser', '2021-03-03 20:13:56.982469', 'anonymousUser', 'FAIL', 89, 22, 23),
(98, '2021-03-03 20:08:18.902984', 'anonymousUser', '2021-03-03 20:08:18.902984', 'anonymousUser', 'FAIL', 0, 25, 29),
(99, '2021-03-03 20:08:18.909000', 'anonymousUser', '2021-03-03 20:08:18.909000', 'anonymousUser', 'FAIL', 0, 25, 30),
(100, '2021-03-03 20:08:18.910954', 'anonymousUser', '2021-03-03 20:08:18.910954', 'anonymousUser', 'FAIL', 0, 25, 31),
(101, '2021-03-03 20:08:18.912948', 'anonymousUser', '2021-03-03 20:08:18.912948', 'anonymousUser', 'FAIL', 0, 25, 32),
(102, '2021-03-03 20:08:18.913979', 'anonymousUser', '2021-03-03 20:08:18.913979', 'anonymousUser', 'FAIL', 0, 25, 33),
(103, '2021-03-03 20:08:18.914980', 'anonymousUser', '2021-03-03 20:08:18.914980', 'anonymousUser', 'FAIL', 0, 25, 34),
(104, '2021-03-03 20:08:18.915940', 'anonymousUser', '2021-03-03 20:08:18.915940', 'anonymousUser', 'FAIL', 0, 25, 35),
(105, '2021-03-03 20:08:18.916937', 'anonymousUser', '2021-03-03 20:08:18.916937', 'anonymousUser', 'FAIL', 0, 25, 36),
(106, '2021-03-03 20:08:18.918933', 'anonymousUser', '2021-03-03 20:08:18.918933', 'anonymousUser', 'FAIL', 0, 25, 37),
(107, '2021-03-03 20:08:27.660749', 'anonymousUser', '2021-03-03 20:14:17.597023', 'anonymousUser', 'PASS', 12, 9, 42),
(108, '2021-03-03 20:08:30.946129', 'anonymousUser', '2021-03-03 20:14:23.149346', 'anonymousUser', 'PASS', 12, 15, 42),
(109, '2021-03-03 20:08:33.981753', 'anonymousUser', '2021-03-03 20:14:29.880056', 'anonymousUser', 'PASS', 3, 18, 56),
(110, '2021-03-03 20:08:37.158181', 'anonymousUser', '2021-03-03 20:42:39.841249', 'anonymousUser', 'PASS', 45, 21, 14),
(111, '2021-03-03 20:08:40.277455', 'anonymousUser', '2021-03-03 20:42:54.187965', 'anonymousUser', 'PASS', 27, 24, 28),
(112, '2021-03-03 20:08:43.254206', 'anonymousUser', '2021-03-03 20:43:09.032761', 'anonymousUser', 'PASS', 12, 27, 42);

-- --------------------------------------------------------

--
-- Table structure for table `specification`
--

DROP TABLE IF EXISTS `specification`;
CREATE TABLE IF NOT EXISTS `specification` (
  `id` int(11) NOT NULL AUTO_INCREMENT,
  `created_at` datetime(6) NOT NULL,
  `created_by` varchar(255) NOT NULL,
  `updated_at` datetime(6) NOT NULL,
  `updated_by` varchar(255) NOT NULL,
  `lab_test_name` varchar(255) DEFAULT NULL,
  `max` varchar(255) DEFAULT NULL,
  `min` varchar(255) NOT NULL,
  `specification_name` varchar(255) DEFAULT NULL,
  `compound_id` int(11) DEFAULT NULL,
  PRIMARY KEY (`id`),
  KEY `FKt2958kvke8lbutj8f93snap0f` (`compound_id`)
) ENGINE=InnoDB AUTO_INCREMENT=57 DEFAULT CHARSET=utf8mb4 COLLATE=utf8mb4_0900_ai_ci;

--
-- Dumping data for table `specification`
--

INSERT INTO `specification` (`id`, `created_at`, `created_by`, `updated_at`, `updated_by`, `lab_test_name`, `max`, `min`, `specification_name`, `compound_id`) VALUES
(1, '2021-03-02 21:13:48.974754', 'anonymousUser', '2021-03-02 21:13:48.974754', 'anonymousUser', 'PYSIC', '10', '3', 'SG', 1),
(2, '2021-03-02 21:13:49.021623', 'anonymousUser', '2021-03-02 21:13:49.021623', 'anonymousUser', 'PYSIC', '45', '12', 'HARDNESS', 1),
(3, '2021-03-02 21:13:49.114421', 'anonymousUser', '2021-03-02 21:13:49.114421', 'anonymousUser', 'PYSIC', '56', '23', 'RES', 1),
(4, '2021-03-02 21:13:49.163247', 'anonymousUser', '2021-03-02 21:13:49.163247', 'anonymousUser', 'PYSIC', '89', '56', 'TENST', 1),
(5, '2021-03-02 21:13:49.223124', 'anonymousUser', '2021-03-02 21:13:49.223124', 'anonymousUser', 'PYSIC', '99', '78', 'MODULUS', 1),
(6, '2021-03-02 21:13:49.282954', 'anonymousUser', '2021-03-02 21:13:49.282954', 'anonymousUser', 'PYSIC', '66', '44', 'EAB', 1),
(7, '2021-03-02 21:13:49.318825', 'anonymousUser', '2021-03-02 21:13:49.318825', 'anonymousUser', 'PYSIC', '56', '12', 'TEARST', 1),
(8, '2021-03-02 21:13:49.354729', 'anonymousUser', '2021-03-02 21:13:49.354729', 'anonymousUser', 'PYSIC', '8', '4', 'ABRASION', 1),
(9, '2021-03-02 21:13:49.404598', 'anonymousUser', '2021-03-02 21:13:49.404598', 'anonymousUser', 'PYSIC', '78', '12', 'CBD', 1),
(10, '2021-03-02 21:13:49.466436', 'anonymousUser', '2021-03-02 21:13:49.466436', 'anonymousUser', 'RHEO', '78', '45', 'ML', 1),
(11, '2021-03-02 21:13:49.525324', 'anonymousUser', '2021-03-02 21:13:49.525324', 'anonymousUser', 'RHEO', '78', '56', 'MH', 1),
(12, '2021-03-02 21:13:49.585163', 'anonymousUser', '2021-03-02 21:13:49.585163', 'anonymousUser', 'RHEO', '45', '12', 'TS2', 1),
(13, '2021-03-02 21:13:49.647984', 'anonymousUser', '2021-03-02 21:13:49.647984', 'anonymousUser', 'RHEO', '88', '55', 'T90', 1),
(14, '2021-03-02 21:13:49.695817', 'anonymousUser', '2021-03-02 21:13:49.695817', 'anonymousUser', 'VIS', '89', '44', 'VISCOSITY', 1),
(15, '2021-03-02 21:15:46.931169', 'anonymousUser', '2021-03-02 21:15:46.931169', 'anonymousUser', 'PYSIC', '23', '12', 'SG', 2),
(16, '2021-03-02 21:15:46.981035', 'anonymousUser', '2021-03-02 21:15:46.981035', 'anonymousUser', 'PYSIC', '23', '11', 'HARDNESS', 2),
(17, '2021-03-02 21:15:47.029940', 'anonymousUser', '2021-03-02 21:15:47.029940', 'anonymousUser', 'PYSIC', '89', '12', 'RES', 2),
(18, '2021-03-02 21:15:47.079772', 'anonymousUser', '2021-03-02 21:15:47.079772', 'anonymousUser', 'PYSIC', '23', '11', 'TENST', 2),
(19, '2021-03-02 21:15:47.129905', 'anonymousUser', '2021-03-02 21:15:47.129905', 'anonymousUser', 'PYSIC', '99', '78', 'MODULUS', 2),
(20, '2021-03-02 21:15:47.177767', 'anonymousUser', '2021-03-02 21:15:47.177767', 'anonymousUser', 'PYSIC', '89', '45', 'EAB', 2),
(21, '2021-03-02 21:15:47.251941', 'anonymousUser', '2021-03-02 21:15:47.251941', 'anonymousUser', 'PYSIC', '56', '44', 'TEARST', 2),
(22, '2021-03-02 21:15:47.327709', 'anonymousUser', '2021-03-02 21:15:47.327709', 'anonymousUser', 'PYSIC', '77', '12', 'ABRASION', 2),
(23, '2021-03-02 21:15:47.425447', 'anonymousUser', '2021-03-02 21:15:47.425447', 'anonymousUser', 'PYSIC', '36', '22', 'CBD', 2),
(24, '2021-03-02 21:15:47.500245', 'anonymousUser', '2021-03-02 21:15:47.500245', 'anonymousUser', 'RHEO', '22', '11', 'ML', 2),
(25, '2021-03-02 21:15:47.573095', 'anonymousUser', '2021-03-02 21:15:47.573095', 'anonymousUser', 'RHEO', '78', '56', 'MH', 2),
(26, '2021-03-02 21:15:47.634888', 'anonymousUser', '2021-03-02 21:15:47.634888', 'anonymousUser', 'RHEO', '23', '11', 'TS2', 2),
(27, '2021-03-02 21:15:47.683753', 'anonymousUser', '2021-03-02 21:15:47.683753', 'anonymousUser', 'RHEO', '48', '15', 'T90', 2),
(28, '2021-03-02 21:15:47.743635', 'anonymousUser', '2021-03-02 21:15:47.743635', 'anonymousUser', 'VIS', '48', '26', 'VISCOSITY', 2),
(29, '2021-03-02 21:17:52.675940', 'anonymousUser', '2021-03-02 21:17:52.675940', 'anonymousUser', 'PYSIC', '65', '23', 'SG', 3),
(30, '2021-03-02 21:17:52.711839', 'anonymousUser', '2021-03-02 21:17:52.711839', 'anonymousUser', 'PYSIC', '45', '2', 'HARDNESS', 3),
(31, '2021-03-02 21:17:52.771713', 'anonymousUser', '2021-03-02 21:17:52.771713', 'anonymousUser', 'PYSIC', '65', '55', 'RES', 3),
(32, '2021-03-02 21:17:52.821578', 'anonymousUser', '2021-03-02 21:17:52.821578', 'anonymousUser', 'PYSIC', '44', '11', 'TENST', 3),
(33, '2021-03-02 21:17:52.858453', 'anonymousUser', '2021-03-02 21:17:52.858453', 'anonymousUser', 'PYSIC', '23', '11', 'MODULUS', 3),
(34, '2021-03-02 21:17:52.919315', 'anonymousUser', '2021-03-02 21:17:52.919315', 'anonymousUser', 'PYSIC', '48', '15', 'EAB', 3),
(35, '2021-03-02 21:17:52.984153', 'anonymousUser', '2021-03-02 21:17:52.984153', 'anonymousUser', 'PYSIC', '48', '15', 'TEARST', 3),
(36, '2021-03-02 21:17:53.048971', 'anonymousUser', '2021-03-02 21:17:53.048971', 'anonymousUser', 'PYSIC', '48', '26', 'ABRASION', 3),
(37, '2021-03-02 21:17:53.098803', 'anonymousUser', '2021-03-02 21:17:53.098803', 'anonymousUser', 'PYSIC', '269', '26', 'CBD', 3),
(38, '2021-03-02 21:17:53.158925', 'anonymousUser', '2021-03-02 21:17:53.158925', 'anonymousUser', 'RHEO', '66', '23', 'ML', 3),
(39, '2021-03-02 21:17:53.220835', 'anonymousUser', '2021-03-02 21:17:53.220835', 'anonymousUser', 'RHEO', '55', '12', 'MH', 3),
(40, '2021-03-02 21:17:53.255667', 'anonymousUser', '2021-03-02 21:17:53.255667', 'anonymousUser', 'RHEO', '78', '56', 'TS2', 3),
(41, '2021-03-02 21:17:53.305563', 'anonymousUser', '2021-03-02 21:17:53.305563', 'anonymousUser', 'RHEO', '78', '23', 'T90', 3),
(42, '2021-03-02 21:17:53.365373', 'anonymousUser', '2021-03-02 21:17:53.365373', 'anonymousUser', 'VIS', '55', '11', 'VISCOSITY', 3),
(43, '2021-03-02 21:25:04.569904', 'anonymousUser', '2021-03-02 21:25:04.569904', 'anonymousUser', 'PYSIC', '23', '12', 'SG', 4),
(44, '2021-03-02 21:25:04.662660', 'anonymousUser', '2021-03-02 21:25:04.662660', 'anonymousUser', 'PYSIC', '56', '45', 'HARDNESS', 4),
(45, '2021-03-02 21:25:04.820967', 'anonymousUser', '2021-03-02 21:25:04.820967', 'anonymousUser', 'PYSIC', '88', '78', 'RES', 4),
(46, '2021-03-02 21:25:04.917655', 'anonymousUser', '2021-03-02 21:25:04.917655', 'anonymousUser', 'PYSIC', '56', '45', 'TENST', 4),
(47, '2021-03-02 21:25:05.017649', 'anonymousUser', '2021-03-02 21:25:05.017649', 'anonymousUser', 'PYSIC', '59', '12', 'MODULUS', 4),
(48, '2021-03-02 21:25:05.068516', 'anonymousUser', '2021-03-02 21:25:05.068516', 'anonymousUser', 'PYSIC', '25', '11', 'EAB', 4),
(49, '2021-03-02 21:25:05.125362', 'anonymousUser', '2021-03-02 21:25:05.125362', 'anonymousUser', 'PYSIC', '45', '12', 'TEARST', 4),
(50, '2021-03-02 21:25:05.175228', 'anonymousUser', '2021-03-02 21:25:05.175228', 'anonymousUser', 'PYSIC', '55', '22', 'ABRASION', 4),
(51, '2021-03-02 21:25:05.201159', 'anonymousUser', '2021-03-02 21:25:05.201159', 'anonymousUser', 'PYSIC', '55', '23', 'CBD', 4),
(52, '2021-03-02 21:25:05.225095', 'anonymousUser', '2021-03-02 21:25:05.225095', 'anonymousUser', 'RHEO', '66', '22', 'ML', 4),
(53, '2021-03-02 21:25:05.249031', 'anonymousUser', '2021-03-02 21:25:05.249031', 'anonymousUser', 'RHEO', '56', '12', 'MH', 4),
(54, '2021-03-02 21:25:05.273992', 'anonymousUser', '2021-03-02 21:25:05.273992', 'anonymousUser', 'RHEO', '99', '78', 'TS2', 4),
(55, '2021-03-02 21:25:05.298898', 'anonymousUser', '2021-03-02 21:25:05.298898', 'anonymousUser', 'RHEO', '99', '88', 'T90', 4),
(56, '2021-03-02 21:25:05.348771', 'anonymousUser', '2021-03-02 21:25:05.348771', 'anonymousUser', 'VIS', '7', '2', 'VISCOSITY', 4);

-- --------------------------------------------------------

--
-- Table structure for table `user`
--

DROP TABLE IF EXISTS `user`;
CREATE TABLE IF NOT EXISTS `user` (
  `id` int(11) NOT NULL AUTO_INCREMENT,
  `created_at` datetime(6) NOT NULL,
  `created_by` varchar(255) NOT NULL,
  `updated_at` datetime(6) NOT NULL,
  `updated_by` varchar(255) NOT NULL,
  `enabled` bit(1) NOT NULL,
  `password` varchar(255) NOT NULL,
  `username` varchar(255) NOT NULL,
  `employee_id` int(11) NOT NULL,
  PRIMARY KEY (`id`),
  UNIQUE KEY `UK_sb8bbouer5wak8vyiiy4pf2bx` (`username`),
  KEY `FK211dk0pe7l3aibwce8yy61ota` (`employee_id`)
) ENGINE=InnoDB AUTO_INCREMENT=3 DEFAULT CHARSET=utf8mb4 COLLATE=utf8mb4_0900_ai_ci;

--
-- Dumping data for table `user`
--

INSERT INTO `user` (`id`, `created_at`, `created_by`, `updated_at`, `updated_by`, `enabled`, `password`, `username`, `employee_id`) VALUES
(1, '2021-03-02 20:18:59.562086', 'anonymousUser', '2021-03-02 20:18:59.562086', 'anonymousUser', b'1', '$2a$10$dTktvBoJ9lDPHw6iY38QIO9lJ31l.gt6CRw0IkTC58yilu5gOwhdu', 'admin', 1),
(2, '2021-03-02 20:55:22.178170', 'admin', '2021-03-02 20:55:22.178170', 'admin', b'1', '$2a$10$2ks1r6OhliNN9ip7uSjs4.F9VDdQVJ2Hq6/mp6/QjgXPI5.5EIjWe', 'chamindar', 2);

-- --------------------------------------------------------

--
-- Table structure for table `user_role`
--

DROP TABLE IF EXISTS `user_role`;
CREATE TABLE IF NOT EXISTS `user_role` (
  `user_id` int(11) NOT NULL,
  `role_id` int(11) NOT NULL,
  KEY `FKa68196081fvovjhkek5m97n3y` (`role_id`),
  KEY `FK859n2jvi8ivhui0rl0esws6o` (`user_id`)
) ENGINE=InnoDB DEFAULT CHARSET=utf8mb4 COLLATE=utf8mb4_0900_ai_ci;

--
-- Dumping data for table `user_role`
--

INSERT INTO `user_role` (`user_id`, `role_id`) VALUES
(1, 1),
(2, 2);

-- --------------------------------------------------------

--
-- Table structure for table `user_session_log`
--

DROP TABLE IF EXISTS `user_session_log`;
CREATE TABLE IF NOT EXISTS `user_session_log` (
  `id` int(11) NOT NULL AUTO_INCREMENT,
  `created_at` datetime(6) NOT NULL,
  `failure_attempts` int(11) NOT NULL,
  `user_session_log_status` varchar(255) DEFAULT NULL,
  `user_id` int(11) DEFAULT NULL,
  PRIMARY KEY (`id`),
  KEY `FKrhb4wune1hnnhdsbiah2ojo5l` (`user_id`)
) ENGINE=InnoDB AUTO_INCREMENT=7 DEFAULT CHARSET=utf8mb4 COLLATE=utf8mb4_0900_ai_ci;

--
-- Dumping data for table `user_session_log`
--

INSERT INTO `user_session_log` (`id`, `created_at`, `failure_attempts`, `user_session_log_status`, `user_id`) VALUES
(1, '2021-03-02 20:19:12.946266', 0, 'LOGGED', 1),
(2, '2021-03-02 20:31:16.368074', 0, 'LOGGED', 1),
(3, '2021-03-02 20:52:37.030656', 0, 'LOGGED', 1),
(4, '2021-03-02 20:55:48.117529', 0, 'LOGGED', 2),
(5, '2021-03-02 20:56:12.671911', 0, 'LOGOUT', 2),
(6, '2021-03-02 20:56:19.010904', 0, 'LOGGED', 1);

--
-- Constraints for dumped tables
--

--
-- Constraints for table `employee_files`
--
ALTER TABLE `employee_files`
  ADD CONSTRAINT `FKolualpa5dydj5r06txltc1y6d` FOREIGN KEY (`employee_id`) REFERENCES `employee` (`id`);

--
-- Constraints for table `invoice`
--
ALTER TABLE `invoice`
  ADD CONSTRAINT `FK5e32ukwo9uknwhylogvta4po6` FOREIGN KEY (`customer_id`) REFERENCES `customer` (`id`),
  ADD CONSTRAINT `FKaqmv80i9p25a4fsj8x0e60shi` FOREIGN KEY (`discount_ratio_id`) REFERENCES `discount_ratio` (`id`);

--
-- Constraints for table `payment`
--
ALTER TABLE `payment`
  ADD CONSTRAINT `FKjrgj4j0fxoolb4qsx9jjkr5y5` FOREIGN KEY (`sample_receiving_id`) REFERENCES `sample_receiving` (`id`);

--
-- Constraints for table `sample_receiving`
--
ALTER TABLE `sample_receiving`
  ADD CONSTRAINT `FK8x0822y3hdlctbsvffntygivh` FOREIGN KEY (`discount_ratio_id`) REFERENCES `discount_ratio` (`id`),
  ADD CONSTRAINT `FKabotpy92dim50i8xar6dxct27` FOREIGN KEY (`customer_id`) REFERENCES `customer` (`id`),
  ADD CONSTRAINT `FKnx9yk0isw7j2qrdrlmnqfkvw7` FOREIGN KEY (`compound_id`) REFERENCES `compound` (`id`);

--
-- Constraints for table `sample_receiving_lab_test`
--
ALTER TABLE `sample_receiving_lab_test`
  ADD CONSTRAINT `FK8j57592pe714f474p7uyl6o61` FOREIGN KEY (`sample_receiving_id`) REFERENCES `sample_receiving` (`id`);

--
-- Constraints for table `sample_receiving_lab_test_result`
--
ALTER TABLE `sample_receiving_lab_test_result`
  ADD CONSTRAINT `FK69g6rqxksfvbqkdasu077vw2p` FOREIGN KEY (`specification_id`) REFERENCES `specification` (`id`),
  ADD CONSTRAINT `FKtirgedd4r2hfnw8rgjd6qfepo` FOREIGN KEY (`sample_receiving_lab_test_id`) REFERENCES `sample_receiving_lab_test` (`id`);

--
-- Constraints for table `specification`
--
ALTER TABLE `specification`
  ADD CONSTRAINT `FKt2958kvke8lbutj8f93snap0f` FOREIGN KEY (`compound_id`) REFERENCES `compound` (`id`);

--
-- Constraints for table `user`
--
ALTER TABLE `user`
  ADD CONSTRAINT `FK211dk0pe7l3aibwce8yy61ota` FOREIGN KEY (`employee_id`) REFERENCES `employee` (`id`);

--
-- Constraints for table `user_role`
--
ALTER TABLE `user_role`
  ADD CONSTRAINT `FK859n2jvi8ivhui0rl0esws6o` FOREIGN KEY (`user_id`) REFERENCES `user` (`id`),
  ADD CONSTRAINT `FKa68196081fvovjhkek5m97n3y` FOREIGN KEY (`role_id`) REFERENCES `role` (`id`);

--
-- Constraints for table `user_session_log`
--
ALTER TABLE `user_session_log`
  ADD CONSTRAINT `FKrhb4wune1hnnhdsbiah2ojo5l` FOREIGN KEY (`user_id`) REFERENCES `user` (`id`);
COMMIT;

/*!40101 SET CHARACTER_SET_CLIENT=@OLD_CHARACTER_SET_CLIENT */;
/*!40101 SET CHARACTER_SET_RESULTS=@OLD_CHARACTER_SET_RESULTS */;
/*!40101 SET COLLATION_CONNECTION=@OLD_COLLATION_CONNECTION */;
