-- phpMyAdmin SQL Dump
-- version 4.9.2
-- https://www.phpmyadmin.net/
--
-- Host: 127.0.0.1:3308
-- Generation Time: Apr 20, 2021 at 12:35 AM
-- Server version: 8.0.18
-- PHP Version: 7.3.12

SET SQL_MODE = "NO_AUTO_VALUE_ON_ZERO";
SET AUTOCOMMIT = 0;
START TRANSACTION;
SET time_zone = "+00:00";


/*!40101 SET @OLD_CHARACTER_SET_CLIENT=@@CHARACTER_SET_CLIENT */;
/*!40101 SET @OLD_CHARACTER_SET_RESULTS=@@CHARACTER_SET_RESULTS */;
/*!40101 SET @OLD_COLLATION_CONNECTION=@@COLLATION_CONNECTION */;
/*!40101 SET NAMES utf8mb4 */;

--
-- Database: `grilmsystem`
--

-- --------------------------------------------------------

--
-- Table structure for table `compound`
--

DROP TABLE IF EXISTS `compound`;
CREATE TABLE IF NOT EXISTS `compound` (
  `id` int(11) NOT NULL AUTO_INCREMENT,
  `created_at` datetime(6) NOT NULL,
  `created_by` varchar(255) NOT NULL,
  `updated_at` datetime(6) NOT NULL,
  `updated_by` varchar(255) NOT NULL,
  `code` varchar(255) DEFAULT NULL,
  `live_dead` varchar(255) DEFAULT NULL,
  `name` varchar(255) DEFAULT NULL,
  `price` decimal(10,2) NOT NULL,
  PRIMARY KEY (`id`)
) ENGINE=InnoDB AUTO_INCREMENT=11 DEFAULT CHARSET=utf8mb4 COLLATE=utf8mb4_0900_ai_ci;

--
-- Dumping data for table `compound`
--

INSERT INTO `compound` (`id`, `created_at`, `created_by`, `updated_at`, `updated_by`, `code`, `live_dead`, `name`, `price`) VALUES
(1, '2021-01-04 01:56:45.557557', 'samindak', '2021-01-04 01:56:45.557557', 'samindak', 'T01S', 'ACTIVE', 'TS Compound', '75000.00'),
(2, '2021-01-04 02:00:08.909191', 'samindak', '2021-01-04 02:00:08.909191', 'samindak', 'T12PS', 'ACTIVE', 'TPS compound', '200000.00'),
(3, '2021-01-04 02:07:03.443842', 'samindak', '2021-04-22 05:44:50.221030', 'samindak', 'AGT76S', 'STOP', 'Agricultural Tire Compound', '700000.00'),
(4, '2021-01-04 02:09:25.059853', 'samindak', '2021-01-04 02:09:25.059853', 'samindak', 'TL10S', 'ACTIVE', 'TLS compund', '60000.00'),
(5, '2021-01-04 02:15:46.227313', 'samindak', '2021-01-04 02:15:46.227313', 'samindak', 'S34SPS', 'ACTIVE', 'SPS compound', '500000.00'),
(6, '2021-01-20 02:34:12.222331', 'samindak', '2021-01-20 02:34:12.222331', 'samindak', 'S910S', 'ACTIVE', 'SS compounds', '200000.00'),
(7, '2021-01-20 02:36:58.860364', 'samindak', '2021-01-20 02:36:58.860364', 'samindak', 'BL1918', 'ACTIVE', 'BL compounds', '300000.00'),
(8, '2021-02-20 02:44:42.326561', 'samindak', '2021-02-20 02:44:42.326561', 'samindak', 'IP98PS', 'ACTIVE', 'IPPS compounds', '600000.00'),
(9, '2021-03-15 02:52:59.486272', 'samindak', '2021-03-15 02:52:59.486272', 'samindak', 'LT13PS', 'ACTIVE', 'LTPS compound', '900000.00'),
(10, '2021-04-12 02:58:13.664308', 'samindak', '2021-04-12 02:58:13.664308', 'samindak', 'FL810S', 'ACTIVE', 'FLS compound', '750000.00');

-- --------------------------------------------------------

--
-- Table structure for table `customer`
--

DROP TABLE IF EXISTS `customer`;
CREATE TABLE IF NOT EXISTS `customer` (
  `id` int(11) NOT NULL AUTO_INCREMENT,
  `created_at` datetime(6) NOT NULL,
  `created_by` varchar(255) NOT NULL,
  `updated_at` datetime(6) NOT NULL,
  `updated_by` varchar(255) NOT NULL,
  `address` varchar(255) CHARACTER SET utf8 COLLATE utf8_bin DEFAULT NULL,
  `code` varchar(255) DEFAULT NULL,
  `company_name` varchar(255) DEFAULT NULL,
  `customer_type` varchar(255) DEFAULT NULL,
  `email` varchar(255) DEFAULT NULL,
  `live_dead` varchar(255) DEFAULT NULL,
  `mobile` varchar(10) DEFAULT NULL,
  `name` varchar(255) DEFAULT NULL,
  `nic` varchar(12) DEFAULT NULL,
  `title` varchar(255) DEFAULT NULL,
  PRIMARY KEY (`id`)
) ENGINE=InnoDB AUTO_INCREMENT=9 DEFAULT CHARSET=utf8mb4 COLLATE=utf8mb4_0900_ai_ci;

--
-- Dumping data for table `customer`
--

INSERT INTO `customer` (`id`, `created_at`, `created_by`, `updated_at`, `updated_by`, `address`, `code`, `company_name`, `customer_type`, `email`, `live_dead`, `mobile`, `name`, `nic`, `title`) VALUES
(1, '2021-01-10 03:38:05.940632', 'sarithag', '2021-01-10 03:39:13.015718', 'sarithag', '	\r\nNo.78, Galigamuwa.', 'GRIS210000', 'Global Rubber Industries', 'INTERNAL', 'samindak@gri.com', 'ACTIVE', '0774234684', 'Saminda Kularathna', '923434855V', 'MR'),
(2, '2021-01-10 03:44:35.151432', 'sarithag', '2021-01-10 03:44:35.151432', 'sarithag', 'No.77A, Kandana', 'GRIS210001', 'DSI groups', 'EXTERNAL', 'gihan@dsi.com', NULL, '0753434233', 'Gihan Samaranayake', '954564533V', 'MR'),
(3, '2021-01-10 03:48:39.167639', 'sarithag', '2021-01-10 03:48:39.167639', 'sarithag', 'No.55, Gampaha', 'GRIS210002', 'Michellin', 'EXTERNAL', 'jayanw@michellin.com', NULL, '0775665132', 'Jayan Wijesekhara', '923434553V', 'MR'),
(4, '2021-01-10 03:51:08.281979', 'sarithag', '2021-01-10 03:51:08.281979', 'sarithag', 'No55C, Nugegoda', 'GRIS210003', 'Loadstar Pvt Ltd', 'EXTERNAL', 'nipun@loadstar.com', NULL, '0758945655', 'Nipun Athukorala', '924334565V', 'MR'),
(5, '2021-02-25 03:54:02.158906', 'sarithag', '2021-02-25 03:54:02.158906', 'sarithag', 'No.65, Nugegoda', 'GRIS210004', 'Maxxis Lanka', 'EXTERNAL', 'kasunj@maxxis.com', NULL, '0759865498', 'Kasun Jayawardhana', '912342353V', 'MR'),
(6, '2021-02-25 03:57:29.732479', 'sarithag', '2021-02-25 03:57:29.732479', 'sarithag', 'No.22, Ja ela, Gampaha', 'GRIS210005', 'Silverstock pvt ltd', 'EXTERNAL', 'kavindun@sstk.com', NULL, '0778894654', 'Kavindu Nirmana', '913453434V', 'MR'),
(7, '2021-02-25 03:59:35.170211', 'sarithag', '2021-02-25 03:59:35.170211', 'sarithag', 'No.33C, Nugegoda\r\n', 'GRIS210006', 'Camso pvt ltd', 'EXTERNAL', 'hasithag@camso.com', NULL, '0776874945', 'Hasitha Gunathilake', '913455644V', 'MR'),
(8, '2021-03-28 04:02:29.623644', 'sarithag', '2021-03-28 04:02:29.623644', 'sarithag', 'No.78C, Ja ela, Gampaha', 'GRIS210007', 'Michellin new plant', 'EXTERNAL', 'gayang@michellin.com', NULL, '0724679879', 'Gayan Gunawardhana', '912342342V', 'MR');

-- --------------------------------------------------------

--
-- Table structure for table `discount_ratio`
--

DROP TABLE IF EXISTS `discount_ratio`;
CREATE TABLE IF NOT EXISTS `discount_ratio` (
  `id` int(11) NOT NULL AUTO_INCREMENT,
  `amount` int(11) NOT NULL,
  `discount_ratio_status` int(11) DEFAULT NULL,
  `live_dead` varchar(255) DEFAULT NULL,
  `name` varchar(255) DEFAULT NULL,
  PRIMARY KEY (`id`)
) ENGINE=InnoDB AUTO_INCREMENT=5 DEFAULT CHARSET=utf8mb4 COLLATE=utf8mb4_0900_ai_ci;

--
-- Dumping data for table `discount_ratio`
--

INSERT INTO `discount_ratio` (`id`, `amount`, `discount_ratio_status`, `live_dead`, `name`) VALUES
(1, 100, 0, 'STOP', 'Full Discount'),
(2, 50, 0, 'ACTIVE', 'Half Discount'),
(3, 0, 0, 'ACTIVE', 'No Discount'),
(4, 100, 0, 'ACTIVE', 'Full Discount');

-- --------------------------------------------------------

--
-- Table structure for table `employee`
--

DROP TABLE IF EXISTS `employee`;
CREATE TABLE IF NOT EXISTS `employee` (
  `id` int(11) NOT NULL AUTO_INCREMENT,
  `created_at` datetime(6) NOT NULL,
  `created_by` varchar(255) NOT NULL,
  `updated_at` datetime(6) NOT NULL,
  `updated_by` varchar(255) NOT NULL,
  `address` varchar(255) CHARACTER SET utf8 COLLATE utf8_bin DEFAULT NULL,
  `calling_name` varchar(255) DEFAULT NULL,
  `civil_status` varchar(255) DEFAULT NULL,
  `code` varchar(255) DEFAULT NULL,
  `date_of_assignment` date DEFAULT NULL,
  `date_of_birth` date DEFAULT NULL,
  `designation` varchar(255) DEFAULT NULL,
  `employee_status` varchar(255) DEFAULT NULL,
  `gender` varchar(255) DEFAULT NULL,
  `land` varchar(10) DEFAULT NULL,
  `live_dead` varchar(255) DEFAULT NULL,
  `mobile_one` varchar(10) DEFAULT NULL,
  `mobile_two` varchar(10) DEFAULT NULL,
  `name` varchar(255) DEFAULT NULL,
  `nic` varchar(12) DEFAULT NULL,
  `office_email` varchar(255) DEFAULT NULL,
  `title` varchar(255) DEFAULT NULL,
  PRIMARY KEY (`id`)
) ENGINE=InnoDB AUTO_INCREMENT=11 DEFAULT CHARSET=utf8mb4 COLLATE=utf8mb4_0900_ai_ci;

--
-- Dumping data for table `employee`
--

INSERT INTO `employee` (`id`, `created_at`, `created_by`, `updated_at`, `updated_by`, `address`, `calling_name`, `civil_status`, `code`, `date_of_assignment`, `date_of_birth`, `designation`, `employee_status`, `gender`, `land`, `live_dead`, `mobile_one`, `mobile_two`, `name`, `nic`, `office_email`, `title`) VALUES
(1, '2021-01-01 08:13:50.826722', 'anonymousUser', '2021-01-01 08:13:50.826722', 'anonymousUser', NULL, 'Admin', 'UNMARRIED', '11111111', '2021-01-01', '2003-01-01', 'LA', 'WORKING', 'MALE', NULL, 'ACTIVE', '0750000000', NULL, '908670000V', NULL, NULL, 'MR'),
(2, '2021-01-01 08:24:04.107974', 'admin', '2021-01-01 08:24:04.107974', 'admin', 'No.65, Galigamuwa', 'ChamindaR', 'MARRIED', 'GRIE210000', '2021-01-01', '1993-12-10', 'HRM', 'WORKING', 'MALE', '0332243345', 'ACTIVE', '0772354334', '0753432345', 'Chaminda Rathnayake', '933457899V', 'chamindar@gri.com', 'MR'),
(3, '2021-01-02 09:14:00.845919', 'chamindar', '2021-01-02 09:14:00.845919', 'chamindar', 'No.45, Kohuwala.', 'ChamodG', 'MARRIED', 'GRIE210001', '2021-01-02', '1991-02-03', 'SQA', 'WORKING', 'MALE', '0332134342', 'ACTIVE', '0773423234', '', 'Chamod Ganegoda', '915345345V', 'chamodg@gri.com', 'MR'),
(4, '2021-01-03 00:48:06.508917', 'chamindar', '2021-01-03 00:48:32.521047', 'chamindar', 'No.89, Kirillawala.', 'HasithaR', 'MARRIED', 'GRIE210002', '2021-01-02', '1992-08-21', 'QA', 'WORKING', 'MALE', '0332245454', 'ACTIVE', '0723453453', '0773445232', 'Hasitha Ranasinghe', '922343434V', 'hasithar@gri.com', 'MR'),
(5, '2021-01-03 01:04:27.343228', 'chamindar', '2021-01-03 01:04:27.343228', 'chamindar', 'No.78, Galigamuwa.', 'SamindaK', 'UNMARRIED', 'GRIE210003', '2021-01-02', '1992-12-08', 'TA', 'WORKING', 'MALE', '0332255689', 'ACTIVE', '0774234684', '0754835566', 'Saminda Kularathna', '923434855V', 'samindak@gri.com', 'MR'),
(6, '2021-01-03 01:16:41.370904', 'chamindar', '2021-01-03 01:16:41.370904', 'chamindar', 'No. 89, Gampaha.', 'KalpaniN', 'UNMARRIED', 'GRIE210004', '2021-01-02', '1993-12-07', 'LA', 'WORKING', 'FEMALE', '0332254668', 'ACTIVE', '0775468945', '0775648896', 'Kalpani Nimeshika', '933423675V', 'kalpanin@gri.com', 'MISS'),
(7, '2021-01-03 01:21:21.137741', 'chamindar', '2021-01-03 01:21:21.137741', 'chamindar', 'No.68, Hunupitiya', 'sarithag', 'UNMARRIED', 'GRIE210005', '2021-01-02', '1994-12-10', 'CA', 'WORKING', 'FEMALE', '0325649896', 'ACTIVE', '0776546549', '0759896587', 'Saritha Gunasekara', '943457656V', 'sarithag@gri.com', 'MRS'),
(8, '2021-01-04 01:28:13.231771', 'chamindar', '2021-01-04 01:28:13.231771', 'chamindar', 'No.34A, Keragala', 'RuwanM', 'UNMARRIED', 'GRIE210006', '2021-01-03', '1994-12-11', 'ACC', 'WORKING', 'MALE', '0332256587', 'ACTIVE', '0776879456', '0754897989', 'Ruwan Madusanka', '943463564V', 'ruwanm@gri.com', 'MR'),
(9, '2021-01-04 01:34:02.390956', 'chamindar', '2021-01-04 01:34:02.390956', 'chamindar', 'No.34, Kadawatha', 'DilaniP', 'MARRIED', 'GRIE210007', '2021-01-03', '1989-12-11', 'HRM', 'WORKING', 'FEMALE', '0332289466', 'ACTIVE', '0754698865', '0779565496', 'Dilani Panagoda', '893464053V', 'dilanip@gri.com', 'MRS'),
(10, '2021-01-04 01:36:11.774951', 'chamindar', '2021-01-04 01:36:11.774951', 'chamindar', 'No.89, Kandoluwawa', 'GayaniW', 'UNMARRIED', 'GRIE210008', '2021-01-03', '1993-11-29', 'CA', 'WORKING', 'FEMALE', '0337298956', 'ACTIVE', '0778964646', '0756542132', 'Gayani', '933346457V', 'gayaniw@gri.com', 'MS');

-- --------------------------------------------------------

--
-- Table structure for table `employee_files`
--

DROP TABLE IF EXISTS `employee_files`;
CREATE TABLE IF NOT EXISTS `employee_files` (
  `id` int(11) NOT NULL AUTO_INCREMENT,
  `created_at` datetime(6) NOT NULL,
  `created_by` varchar(255) NOT NULL,
  `updated_at` datetime(6) NOT NULL,
  `updated_by` varchar(255) NOT NULL,
  `mime_type` varchar(255) DEFAULT NULL,
  `name` varchar(255) DEFAULT NULL,
  `new_id` varchar(255) DEFAULT NULL,
  `new_name` varchar(255) DEFAULT NULL,
  `pic` longblob,
  `employee_id` int(11) DEFAULT NULL,
  PRIMARY KEY (`id`),
  KEY `FKolualpa5dydj5r06txltc1y6d` (`employee_id`)
) ENGINE=InnoDB AUTO_INCREMENT=10 DEFAULT CHARSET=utf8mb4 COLLATE=utf8mb4_0900_ai_ci;

--
-- Dumping data for table `employee_files`
--

INSERT INTO `employee_files` (`id`, `created_at`, `created_by`, `updated_at`, `updated_by`, `mime_type`, `name`, `new_id`, `new_name`, `pic`, `employee_id`) VALUES
(1, '2021-01-01 08:24:04.215421', 'admin', '2021-01-01 08:24:04.215421', 'admin', 'image/png', 'maleuser.png', '6cf5211e-8996-41e4-9b02-e4bc9a9880b1employee', '933457899V-2021-01-01T08:24:04.207826700', 0x89504e470d0a1a0a0000000d49484452000000e1000000e10803000000096d224800000132504c54454f92fffffffff9d2a0252546306bfff6bd8e4f93ff5196ff24213f4b90ff314983f8cc9bf3b18d478efffcd5a22d69ffccad8a428cfff9fbffccdeffeff5ffdfebfff5f9ff000e40212245accaff2967ff4282ff5e9bff97bcff7aabffd6e4ffa2c4ff326efffdf2e886b4ff68a2ff1b1e433b79ffb7d3ffe9f0ffb5ceff8eb9ff74a8ffc2d8ffd2c1be1e63ffddbb946e99f0e3b899abb4d1407fff3773ff678fff4a86eb2a3460231d3821162e4b88ee4170c5eac69a2c2b4a443e52bda18565585e9e8779ab917bf5ba92e9ccaaf7c9a32c3b6b3653943b60ab7d6c6800003a60505aa98574c79a7e8d8295a5a7cb92a2dad2b4a9564d59c3b0b2fdbf8686736c11174289a0e0bdbac897acda86a7e0dbc7b3c4bdc18ba9ff9cb4fff9d7bf789bff3f6abc7ba2eb9dafd5feebdafadcb6e9988595000011e549444154789cd59dfb63dab616c74d1e769d14880133de8f0109248cb40da4bd0979774dd2dcdd6e5943d76da4e963ffffbf70251b83b12559d69143f7fda90d46e8e3a3a37324cb92128b56a9542adb4e6fe5cbdb959d6649d31445d1b45273a7b25dce6fa5cd2cfa3ce21a2891959ccdb4cd74beb153320c238ea42b6ee9713d1e479f94761af9b4d9ce6423ab47348459b3daad554aba11d7e7c1fcd2f5b8a1972ab56ed58c8632024233dd29ef68c86e016c6e217b6a3be54eda945f1dd98466a78c6c170fb21cd19a7164cb724736a4544233df686a81ed9249a96bcd465e2aa43cc26ca7525241780ea45aaa74e4f9a42cc26ac3904037a3341a5549359341986a6f350d79781348a3b9d596112be184d96aad249dcf662cd5aaf0d60a25cca4cb5a98b0104e71ad9cce2c9430db6d44c8673336ba303b8208bb8d5214cd735e7aa9d15d1061b5a245cf67316a1540c72a4c98d996181d0219f56d61771424cc7422f63fafe25a47905188309bde795c3e8b71272dd4e588109ab54772c079e95a4d24610d4f98da6a3ebe016dc59b5be1cd189ad0dc7e640f9c43d4b6439b312c61b7b988063a93de0c1b1cc311666bca620111a25a0ed75243119a4d63c17c584633544b0d41984aab8bf340b7e26a3ac4b08a9f30935f74039d49cff3877f6e42737bd15873e2ef537909ab95453379c49d8c7312a6171c24fcd29b699984dd85a4696ce91a5f64e422ec7c0f41c22fa323893095ff3e0111629e236a0413a23ce6fb552d38bf0924ccd6d4456330a40623061166173316e4151a3306210610a6be6b0b2a3811af05f86200e17794a9d1a4e72184df6998985740d0601276ff0d80089119fa5984696dd175e794c64ae01884d5ef2e17a5496f32d2703aa159f9b70022c40a7d304525cc481c0faaaae696aa924210be483c34d167fd6984a9bc38d07cc511d2c1e1d5e5da1bacb5b5cbababc37dc521552d34eb0ea887975707e288d41495469896d14471dd0f3eafbd5c5e5e7e32d5b2a5376b979f0ff7f7f1350707fb8757f8a2272f0fc509755a6f43213425a43216de9b57af264cf342a8af5ebdfa8f2df42f8bfcd515e4e728ae4826ccc227ee55e5e0f072998c47d3934b40338d37c9192a99b00c0df5c87c876bcba1f030e1da3ea0ed18657ec22eb48daaaa001f94505189b90d89d004867a55dbbf14e00313eac4c9700261761b087870f552840f4ca8e8db045724106e81d25155dd7f2384b70cec69b0b42d1e42583aaaaa9f9f8819d022047600a404d547982d4302857a70f94a940f117e86767171ffa3371f611ad49bedaf01009721398d53035f6ae325cc005659a018f146b8856213ae01dd50c12b36bc29b897300f00540e05fb50970de188de691b0f6106d28f420111e26705de4e334cc26d80090f85a2bc4797602bc6b7598455f140a11e4ae043c38b97605fd4ab0c42f1890b755f0a201e24ee035baa5ea1137685bd50dd07fbe00cf1108838ff60d14d986d889a503d5893052801516f642984dd9228a072258d4f0662a94b26cc889bf0f0a54c420b1122bd9121120a4f71a35c4d5e1bb5119761c328f724f88c1090725f49060423ba13f0196155dc84d2fa5117222c2e6a553f61aa266e42c878828ab806c96ee2b3e7a653c2b67047ba2fb79b990a3279aa94da3ec22de109c4484c6875a8806180b1e523149dbb5095884c081b2eea4d2f6155d484ea613426c4fa2c0c888c58f5100a477b4d762c9ce9c91b40c8d01bf38459e18e548b8a6f19f8a4c6c8ce1176c413b6c84c88f41262c4ad3942e181a176192521c488ce30d12634458361946e88f51210f64ba68b302f5a4e74b1c2d62bc00caa9a77118a8f9ba24a68267ab2261ef527bda94528fe384d3d8c1410497c2c3c79d866118a3f6dd2a40eee097a0268a6f693288bb02c3cc5268df0289723135e029a69d9216c8b4f226a9772005b77d764c4276f008495f684302d1c2b6485c3dcf1eef09c8c08190997d21342e184465a381cdd0d134b27c72d1221641551c726843c139543983b3e492c2d2d6d9c8e081f7e166fa6d6740d223477166dc3d6dd125662783df2b7d42b8023ee9816a1f014942cc2dced6ec2465c3a3ff221023a536b424a81ad759641983b3ab70131e3c9adc71921e1c25a1fadc4b2e2936c72085bd74b3325764f5b73660411c66b594498a92c96b0753b4cb8118777476e33423253255ec92042e169443984b9a30d37a0e58ceeb00122c4938a4acc842c100213e67227f380581b37334418a16e22c23464a5a543d8226795c180ad731f1fd2f0741a366084461a1102d6974c095b77c74288b9a31312e0522271e7e47030c2782da6a48447bf2ec21f76c9295710e031a1893a61635220b09536524a0a90d1cc0837fc812c58ad1b2a2042dc386d4920dc4184a0b59633c2c42e65fc4335e0e87a970e88117f80132a5a4ac9809674cf0851203b0bd35247c7e74316a0244223a398b2085120db382564ce6403b6ae37969880b2084d05142ce608918627c73f7030e6b0019978f208d3ca16e8cd0a0f21d2d9518bed8fb95cebe86c3d884f16617c4b81e4dd244294749d1e5333805c2b77747b16d03ea512d614f1793632a1e58f6718d24b898cd73ababd3ee1e29345a8979586641b5a954b0c4fceee10e568d442a088acd51ab58e8e4fcfce77137c7cd26cd85060ef5192092dc8a5dd9393f3b3ebebd39bdbd3d3ebbbb3f3930d84c7cb27cd86150594d2d0092d48c433dcb535b4ff1b429208779426e4fb4c42176838369984880f32feb50891978dde32084595d8788bbc3807252c29b0ef6b6bada39bff3e5fe5886fa1b57ef1cb7f6f8e5a40420d4c78f3cb2a522484b8e05f6ec08420e9a5ffadae5209f91c907ad5ba5df4ff1e61275fbab4771754421413cfcfcf990324ebb25d74d50969983121bc78b7c8ad1d7e7dbe4a25dcbd3e6e8d8e4ec9d314339d9c1e8d5ac7d7bb54c2d5e7bfc22a09b841fab3df56698489e12dceda722dfa448575d9c9b17dd9addf8a0ee1ea6fcf00ed14d6d3fcba4a255cba9b3c476a9d321a2a9ee1b62f1bdd516db8ba0a31a2068987a5df1984ce2396dc326b32e664d9b9ec8841f83ba492809c467ff69c41f8d619528c5884e7d327866f1984cf01cdb409c84bf567ab0cc269d55b4c1b4e67765a0cc255714294978a8f2df467ef1984cec47cee9895b36e3833c9ad1b06e17b006105303e64dbf0643229d5ba63cdc80cefec1b911bf9a38a141ba2f1a1f8189fed87c3b3510bd79cd5955a9d29be13add199ff3e48f14334c607ccd330fb5264c59bd1db6342cdbd77e2f8ede896941748e94be335d05cdbc7f72c42ce8121f5b229e1fb8fe2558c6f41e64b59398d0449c9698c346ccefbd78b4720bc80a43486097b6ea1bd7b0442d0d8c2c8c09e3de9a5779113be038d0f35e8f3435dfbf0dbfb0809dffff601b4bba8f5fc10f40c18a9f4e1f7e7ef23217cfffcf70fb08932eb19700cf6e06252d04f11ccb5fd2461f6023fc787adc5700a8a8450c2adb7d66298120afa6e09adf534a035515112fe2d81d05a13055ad73691feb77cc2a5bfe17e68af6b03ad4d7408ff900fb8f48704426b6da28cbd74f5171110be8013daeb4b6355b823ea1f03171e589ae4615cd70e3fc2094bf61a61c0eb1653c22fafb91c310461e2f51778b5f00b17c0b5fa8e4a7c844bfc264cbc86372d67ad3ee47d0b47fa5f9c9de93a6f0a9bf84b42ad3af07766a665c9ef4c2574a5d377666438e29fd209ff94e386d077d7a6d2a413c29fa9cdde5d03ee76694976de26232b75bd7f08dd9255c1cd5432a18446ea7a8754fc3d605779d4d5a2eb174f2f881fa0bfd33ad6c450428d5cef018bbfcbed2aef058d70f5e9d3a7249275f4775a6c4c4848d9e6dee5167f1f7f46f88c16f43109c158c8b464720cf81af2d877a2b9f7f1019bed4da5318de843b400e92694d093ceeda92025ada1e6a6168c07d1fe1b0d50424eeadd17437c6f939954aa11713bc58ccee7098befe953cae5c8841236bdf7ec6d22a5377d464f4e2f268cd890eb133e9a05514a2ac10bbdfbd388ef31e42ef4237d84b1fad42bea1023f15ac2c8d0bfc790f03e517362e4df13c339a24642a43f24b451ff3e5180bdbedcc5b272b7f55507f282398492d146497b7dc998540c1aebaf3b625c23a51f25eed706d873cf25fd03343d9590902ae43df7402fadcfa47f84212664f432e47d13a54cd7607d1559d4edf025be4aa90379ef4b6947747d64bf93c6025cfa2ae7a83ef2fea5803d68e7a532c2221bf03560d1855bb43d68c5f711f6fec09fbc336ff3807f49e96414fa3ec280bda03dd2bf083ca949fc2d254c28acbda001fb797b7fa3f482f3fdad29dfd20b692bd6e9fb794b1926dad2d52f7f8579c729f1d31755da6f33f66487ecabeffb9dd257ee3e3531fc2af13c57e6befa90b311fcbfa47efd870bf09f1732cfab659f8d003bdfc22555891bc57e33fb2d98f19f6fd966bf68c4e1275b4c7e9a7dbe056c0f89e98f284671b39eece107233fb219fff986aee9f492f5cda2218531e88c12d039330e5fbcb8d74f2657927d6bb2ebc79f698309f4f79f7fc497989be8ea647faf187f847366606705d97cc87cc9959595c2a06d135a0bdfe6064dd6fff09f6dc2f6a080ae4f6243421983cf0a829ef7a4ecf5eb180fa937cecc0829b20933e39efd9564bdbf076aab3ce73d41ceec52d5627d65c28708cb294ec254b9e77c29b9522f8aefcaca756617e44954b19f9cf22142fbac650e42d4d5ccbe861cb2285a01be73d784cfce3336575c7cc284d88e9b629346bc67e7093d6c431d4c7d8e0f4088fd51a4cbe13eff50e40c4bd5d84c7a00577a356ec29a871035d54d237c25b8cfb00c7d0ea9aa230f5cf1aa776fb7994f0cc24fd615d97b2f2162ec17f5708c61ce210d7996ac1af778a0ad821d2d62df1884dfac2b32e382ffebc81b43b5d47067c9863a0f5835fafefae12a0e6cb76034d349233507841b84d40fd352c39d071ce64c67d5f07631535f9a04277a33b51b69ac4a6a02b8843a3f62d8339d439ccb5df475318e7a13c7a01a7162c258d9ef86ce4de20e8da1cfe5e63e5bbd48e3c3cd34c336e2c484194a23b5cae0440c7fb63a720e9e290d7d8f5a37a482d37d93112780b12ea19f99698fa71a158a1332097912540448bffd7874e194456aa7af9d0f074c420e44523aca43c83109eecb633c9aa435c815fd56fc3471425f42e311ca6f82aaa1d17a9920c2c0f5d145a60571ed36a7eee18d8adf9c0f329b4185ac04201ac45c868b30d66121aa4640d570ed1e6685b9cdf869f6e787e052569841c3e8f82bce4d18cbd37d4035822c68ddff7b57693f7efa196bda3eb1eeb94a6120eade89997084a91aad68550ff0c149e5fa655aa0b2ca2f13125a4229755a8eaaab3556f9c184b16c8dd6dd04b9cf0c919c2f5aa5f3016287a6d442abd14be7234488e4bbc70c84f3f77fdca694dd1e73b5034b7be4961408184c881049251b75deaae1dc86dc1774061c3ee8889ca206037210a214d5d7a3e2f1520815fa637f48ae8efb057ec015d258caa026a3e1084941632f4cddacd9a587f949a2ad873e3563a794e16ba70161220c61ac3bffe8440dca65082af47a83fb4eb59d69573bf7835e8f9da99108ebc53923ea1a33d087248ca5e772d438673feaa962b2e728a4f926dfdf744f3ce84d56aa169e3056adb84a2f0ad44f86dcd95b85916c0b11c6ccd97831ce19c4642bd99f19719b3e5c12258c659c0c4e650c7a2346743c51cf5307bc00c258aaab5af7500ddfcdc822ac5b8471b5cb11250408f164b8b148134e8c6810a7b6e510a23c52d5d50579a145d847bfcfc873e18428323617d591da2a36f9a2a03861cc1cd743076b692ad4c7a15aa810612c9b2fb22756a253af980fd742c50871cebc10332203f2467928612cdb29f61ebbbb49f68a9df006142544e1bf5c7f54c664af5ee60ff23208d1f8fc21d4e80e085878a0cd13444788c61b83b0433c41bc647fc0398e904c8846c60ffde8bb9c42ff816ba41b09612c8319a3b46312f3093aa01442e48edd713fb23e27d9eb8fbbc20e288910d9317dbf190963b2b7799f86d94f0e210a8f666daf27b9b1260bbdbd9a2914003d924188957e408c92ba56544ea1f700e83ee7248b108fac06fd3a1c129550ef0f428e905892478854bd7f28d60b004864bc7af1e15e24fda44a2a2152b53c1e6c16849c3259286c0ec665a97831f9844866b7361ef47b6130115caf3f18d7baa1477fc18a80102963a63bc896bd5e70178b3a955e0fd9ae9336e19181a46808b1b26db3da418ed9c793dc8502ee696d0fc58bdc91c315305aaf8fdcae5335dbf27a16afa223b4954aa5b2a8d9de8f1f06c5bd3e5e0057eff7f7f68a8387f13d6a9459f479c435f83f7503777b85332ba50000000049454e44ae426082, 2),
(2, '2021-01-02 09:14:00.887360', 'chamindar', '2021-01-02 09:14:00.887360', 'chamindar', 'image/png', 'maleuser2.png', 'cd9dec10-9593-41be-ac49-431c5c739856employee', '915345345V-2021-01-02T09:14:00.879378500', 0x89504e470d0a1a0a0000000d49484452000000db000000e608030000006bb900010000016e504c5445ece6f4663ab6feca7fedededfefefeffffffecececfd5621fea93f2f1a91f7f7f7f0f0f0fbfbfbf6f6f6f3f3f3ece6f3764618fc4f19fdba73fba965ffcf83f0ebf66335b5edeceff3d8c9f3cfb36437b6f1edf6f56a43eceaf9fba636f55216f6dae05a28aef5f2f9fec97afb4d06f4e6effec57cf4c9c9fbaa42fbb04ef5cfd0fa4b00f75b23f699866e3e0e6a3800f76a32fbca86f2e1ddffae3c260c8e4e2ca5997eca714bb5522fa8ebe1f97754b81a038e6b42b3673db1b7a3dcbdaedba18accf4b4adf4a092f28e77f37f61f47552f26439f4bfbcf3866bf5aea3f35d2cf99a5afa8f51f78245f8753bf68b75faae69c19156a47540bb8a51d3a263ecb873f5c799f964238a5a27fe9d3980511ff6bf889d6e3bf7af5dfdc16bf6d5b0f8cf9addc0c1e2baab7769b252296d7c4f6d48287c6c44783c2991f2a454dfd5f5da9258b177688d6fc5774d779b676fd3c3ecc4845edf9757290e7f9c68698b5b6c3b1f7dbd7f62bca8de8b70c1f9c77766000013a149444154789cdd9dfb7fd34612c09548761359967088ec60a124b263b0213c13129c9038501e2d2d6d795daf3d08dc41a1e41a6ae07ac07f7fbbabd74a5a49abdd75ec637ee0a38f8c37fbf5cccecc8e56bb9202a4549181a82570a595c155a5046fc27b650ddeacc24b1dde54e0c765f41d1ddeac06df299726ad21590ad8cab02525d112bcaa96492d81cbb21e7c27ecd2a434c4c3268bead2881afab2d94a502a65202abcd2e0958c6ecaf05283575578554137e1555981573abcd283ef9427af21a90245835285573aba0c6feaf0aa4abaa9c22b95f49d4969480a7d4f3814e3e313f33daec194fdefa8f0ca3598f2c435248536aca7da7035b4e17030a0efa8e160284f5a43ca97cd168ccf70282ab1315d4d1dd36a6c4ca737e499127f43f43d9254285524d12b357655f066ec635dd75bae802b789fb5a1023d2a18039402ae1b1a8cd66a5996614809314cd3b21a1a55438c3d1a51ec067fb2da30494c0944abd568c86e1af87f9097c855b565e663618086d5803fb7f8bc24080f41d6ed8507398819d5e0a6d75224f844d3f706d1042914d8d2226cfc3d922537ac4371c33aba8cddacc66e6ac1cd6af43baac5c21508505ff28fb3f74812e671cb0d68885c6ce0eb962a30060889dde0efb438a942b11a139597a8a62830a479a3d108f249716ce99969b2253f33951b02c97cc016689ebd47189b0cd914b70601af3474135e296e0d22bc89be5409bea3cab2251ccc154b2b31f608b0a1ffc93b376d8d880c8a91ee31e8e6a65cb17b543af305e82e59e73a92bc842f985189618d25e712e7f4b3c592d9732eb6f1a689f78d696234648e5a90ef27c195e795e04dcf2b81ab6a70d3754095caa8075a542c2dbf47e0a6eafac9e026757cc32b2f8d2332c7505a72768fd2e35ba1bca4a4b84a3b5a3eb371043957493d72a52181a3ae285bd1ac7b94c13a5bccc2f300ead9525553554d64525c588c448f88dd0ce76fa459ae4c9ee58ecd1e036924e6ddd0c6e43269de5dac1634467bf4c51a555e72b4418d2c06432d08e525489b6828ba3689c6276a0928be624a4c551ed170207d52fcbcc4b5c9726093c819fa14b2575746a3105d46af74ffe36a6502b85c69253bac9328a86b41dac4a0018f22b616a48e9b2722962c2e2f51c7ef20a362a90c6cc45c596e8c9b2521adcc5cd9ab38e73cef56e083e4c94303708adf4d7881e638f8f36e053defce9f9b4ed658f3a521a0163401c908592cfebc441b3743aa3478d926d3202534356e916a04f4b52059509a654331a3c2ffd047cb196f72e03dabc114c17f5e572a8998aed9b6b17cfafa8daf6fde3a89cbedd3366fcb4666bd249e9744e39b80ccdfb63b77ce9d5c5d5959a941f9aa16c8ca4dfe1fce60ce4bf85d2400fb0670d5be22c9597ec54926231b7760b3976fdc4ee1825213a0381009986a419ca9bfbd7c6e29834c90e2a4466e2d88b4448fcb45da9d1bab2b596082146718153d923486ab0fc9b52034a1e51a6cf6e993796440564428ce4cc6b7bcb5d82a47f4b13be7b2ad31549c08ab2c9c977018a4bd7c8b426908eec6998ec48967442bce1479094764b34fafd228cdb5ca95d56fae776c3e3c434e59ab56250ac760b3af2f51a321ddad2c7d7d868fce528910e4b5a16c0fa1d0b220fb5b4a7bc4f1cede3cc305a755e86b416cbe19fe20f6b7670ba341baa5731d0e3a933a2f4109099b2fb1af17d79a2b2b5cb97323832dfaa88039a4daa759d1a0eabee58023d4824a925e4984756647622fd37b48829cbdc19ea7983ae1dd07420c60691b25689d933c6800ee1c3b9c46550b626edffc9add227dcd319ba559a2c84b1aacc9967d87170d78943bcc706a3e1bbbda3a77f92c124a6d759915ce24d482226c258db1880c8236b74522c5b1cf7bd4f8ca93c4dc943591b4cf88400343ee3aabe28cbcbc84b9f66fdee2b74828b5bb1dd62eb472d605b15a847d8729d722c80a08e16cdecccc661bbbda7815975e0b6257db69b61499f483ac308f3893500b52825a1063a392fd6371b5d5962e7ef73de16bb55bccaeb2117913d58b6f6e2d88bdfeb3bcc40036373f3f4f825b619ecc99e9b1bbc4fad249b10969adb6f403049b06327f2f09b7c29c791991157a1136e64272014f82c04eb960487e487cb57692d99b780f1c09b520e602d0326d5dabf655148c0cb7c29c7819917900beac86158dce2421d8f13818905317e370ac9e128c271d5bd82485abb674e6e066dfcc354900768f044684abfdc83c1b68a9e182342c765799cbad9dbb5460242e172e365de71870464a5ec2da5e769a5cabadde3b3e4dd6982f73abd1ef2c2d3357ecd18af4e0dd75bf8ac25e26492f6e41b09f3234e6c97c0c8ee3e9950580825a90b7dc57657f53c33e4766abd57ebef7d3742e1882fb29f2cd15f69297112eb8c662006b6b64570234f63d2518823b1e613bc75eced308b520f6555b66a2bc55abdd2d02e6c2618dd4be616783b3b8785ec25e3e8bb9c95aede2f773c5c010dc77215ced16fb233293c0c6de5a077304200766018bc1d56e77981da511cd2715be8584d8240024f76c60082e9c14ac320738b8fcd07bc32a989b723c710bd96ac799c1a0cc056c20c0318b19af05f1ac6e1a015b8d395b468b85a2cf714a1ccfb771361e348c0d4c4fd93b1467e359263902bdb14fbd25f8302e5a0be2594d320a369e078d963fde5c3fc9f5a6f664b11920c2b96fecfbf18d677dd364b101bad8baa02f894d8ae6255caf004c1c9b16a9058d866d7e3e734a9af838643b7b9aa7432d05af05712dbaeb04cbb7226cf3a7ee3f78703f23057bf4e0c1c3c7f8c7015bedee324f872c7c1f43856f41e1b25f9ec4d9e61f9d8772ec11196efef1aff0e30bf7b18f7db6da6dbe6542065e0b52f8165ddbcb17136cf38f2e1c4372e13191edd431ef630cce675be243f3d8bcbc84719153207f9bf939c1f677aff3e79f901437fff0bcf7f9b184de567f79ccb76354c0865e1de05b9a7c7971c685c3d81e5ff0fb7e9e6892bf061f3f8ab1adfe32b37882239d446c282f71f7fee362b3ff01d866600115670bf44236ca6321db7c840da0cd2ccef1fdd86ea1dc8d017c6fb8759e02b419581dc6e601397a9b4ed3dbea5c1734d6bdccd5a396bb3614c56e3eb6cbb037336d00471a6fc7c8e3ed0179bcadcecdc3d61639d9b07c52081baceb17f093e7497e12a04d23b605116c257eb64ecf659b3e753712df2ea000971adf8e81e077fec2433cbe2d0134c43623446f2882f3b1d98f175db6e9537391de3f7cf2e47e46c1fcfe8327b1bc04a241b6c5a71cb520205625ac05f1bd54642ff86c71dd14cc275d816ccff882b719d68264ce17a60ca838021b9b786ae3890266989770ef8fd679ba288cad3db3d8e31b6d62d9a4cee3c57d516c8b73bc683e1b1a6ffcef271a0b9704b15d5ae07fc5d51b6fe85f01bbaed80b628cb2fd8c75a91ace863da3e26373bbb220046dbabd20e8bd313f2f11b15b4e470cdb34f76093c4b3496206dc25bea8ed8ac726601ee0c9331103aefd5c44572c77bca1ec44c87e10429c49fb8480e12699582d48009b21758418a588e12659612d8837e7f2448051b69f0be98985d582c4ec7671995f6b6dbe799b2f16560b12b34989f19c5b7142bca4ff42bbb7f798989d3cb8bd49fb99983d3b75fc4c0b316cdc8abbc4bef4222291332d04ed9ac6a9383101002e31c19f5109d932d3e0545c5bd068934c057f8f4ad476a05cae529093046ed26373f7c110b6bdd80976c5414722462c0ddfc750d84e55ec5629cc22e1eb1df8ba2071bb70752e31c25dba2cc69148880d5f3b236e7bc9cb8c69a58839a92b468c4ddcdec236d3045c981f91e082aec899164277bd63806b9f10f8f7cdd89916e2f66134205cc13127144d6ac5d62b8bdd63f272418722d02025f8a6776c4dafd0bd6aed4e8150d0be24643e1a4a62bdb2e08dca4dea896afb39cfce25a43f5d8abf2326d6280d7ba14707d7ee094a90036925ceb410bc87267c6eb54f41b7df5d14ea4724f4d269ec4c0b81d11b0a7a26d7cda3db87cfda44b325dfa312bc13bbfbbc71a6fb349daebd8f9efe2e0ab64983c02676f7538f0d488fa8bcf67ecffb5c349b4578775d11fa174236a8bddefe7edb276cb7f7f77bddf043c16c4623be8f2114a15120c2e602767b50baddd87dc16ca6a626cfb4109b9a24d9d244305bb01b387ea6855c15f927c6c696f25ebe484f392e36037f2f1f3bd342e43c675c6c5635e54c0b61e1db34fbffa466fb57df14707aa827a9675a88a9521a667ff062f66597926dedb7d9178303bbd029bda962a6ed17240b381f0c81ad6fafafbfeae56321e9be5e07ffffc5a02f82ae95bea70e6feb8679b0f7fbf6fa2c900f6f28d97aafe07f5fdffe7def809bcec8d82f88732d8679b0b1be3debcaf6bf29d9de7cf0bfb1fee2806b99329adea49f69c149e638b3be6cffb14685b6f66e3bf8ce15e770c8a5bbcc332dd8c30020abd7a7a6827eaebfa564fb733df8ced454ddd9e0b04c53cedac79075866af677a70019c6463be07a2f71364057dfebb3faeb46e65e7f456771060a4c8639dc72a6905c098df21d95e2de872639eb36e16c321a269cb965b1158ddff0bf9bfd3da7e9f66bea6a6894afbb3426f957a8b62b5e1b4d678349758d385b7cdfd0e28d9ac34d4f6951a3dc7e4fa1b8c04b066a4386796dc8d08fdc332d8a8e38c3fe8494d69c6ac68c92c69bacfd2761929eea760b878346fe991605461c1a6c1b98d222464931e2d6de636abb1a69c7f9dc2fb6c9bf21e7efaf5c487146ff308a861be5ecab3c5709f22da2da90e6b68a0dba06c5ded145629cd9dfaac7d070c5adffd6a5b7c82bf186ea9b0705e04cba332da84dc13cd84ca04514b7fd6716dcda1f18da6cb2a1fa0e359c01cfa7a238d3c27db09f0f6818fd6b04345c719970dd08da55424b4d7ab816e59916603a9047063f37fa24ad4de1ae12c0bd7d4376286bbdbf703482daa0e6ae51c2199833cc3ed382aae26510c65ad22a67d7fffbb19ba45bebbe7b998f06c75c9f6a84a0ea16dd99161471c0b063ce3f0d6e76fbe5c73711bcb5b5debbd7dbebf8ff2159a40b774813e70c45a13dd3a242e14eccdd74b4c89083f3ce0fbf7d7cdfebbad27bfff1afff46c9923e3214678fc22a1b05ceb4c82f7999c30cb4e89073f1b63fbc7afdf6eddbd7af3e6cc7c032d100dc2017ae453e98837ca645eea6b6c04536b33a948043805008f733d1402a77906945704f8f82e79b665ba59931d8d2e1c8928d86865cf60fad153d6b2bd357e6582492abf9545468c02a3f655a11dc55398b2d72a6857b8e9895aeb9d4c816152ab4540f194a73272b10c075d76e80a639d3c20bebe93f56a68fc484c22ea9da49f5957022927e5858c6798ba99558a3bf93ed4802c9b34b0aa521a9a7ba13c39d86163edf346dc8997b0e659fb2e968c900db469a11b54a8c678092e1e8d5e6d2a558263d19843b4843633edf94987bd18eb60cbc2bf9ce312a29230ebe579a75be69b4ce153bbbd524cd08b68aa82de403320bff29a4304fc8aed25402b6c0d1679d69e1e62550904349fe5c34b14dbc90621c5a92407fee7af2fceec4cf656ed0c436d142484e0c77d704b6f34dd1cd4424e88f816c8a140654fe33e5a370863970c6c2e6ecc68cb2953c779da216848f37b8fa3002371e93844669c6d048e7a8679d69e1a62cd839ede89e849586ec9cc9cde8e0229eb2116456e103443d9a3446cfb448c680c46ee0c681331eb429077f4460c924bf178f6f99b1dbdfa13e344bf3d3b8d8ea58f86ea964dfc0c2163a94710db7481450d173997cb6f47940383eabc17266c3664a4a444873c71f161aea91ef3132e601f89916c16910a49ba8dc6af49be3629b72dc086754aa29dd8c53e0675ab8d88ae2c500a5e4aff402399affd4716caec477266645767be4afda0a17a479f3ee32e14c8b94d82d0767ce58e34a263d3698525a6146acf0e725584b0d637c6e72aa091d65ab14ed510e5b5045091f15009b94039bc4e70d8d22536ed10226df6a29de23cf26438a482dc83bd342d3dc51881291f05c88d84df59333363fe9ec814ea8e46e8614d84dda18e07b5c7db833a67cb23e24f788ad1614c6eed086e58af4791caa73b68016623d129397e02d55f441f3a85557773e81d909271b3957ae4667e4ba79b4aa834b164aa5ac1e65e4ca683a23abf04a45a7418437e1afa454c14d59575c9b04974a6978cd393234a73968e9393d42377578b30aaf62675aa4cf4d611610f7321563cf391ac3ac3b1b264d8f8a3ca322c56e3c52eafdcf886eb4c609ccf1009a234d8ff8f292684ba583ad110fbba6736dd0aad2f748205ba934dc1c215dd3d9f9d4d28bf428cec636defcefb4069b231a77506756452edc237cbcb90e08fe00aaeb6120b6e2c700df2b418dba5e29b8097f3f19fc7ec32da72e4c797e4375677360e94c3d0abe931fdf949c6802e4e0d0116b9a75e77068e9ac3d4a8bdd147949220b00d6dcdfdb11669a75676aaf5faaf2f4481c1bf84e4537879f1d01784dc7d91ab6e0a812c156701e90967583bf6e0e0eb9f09a7500b6dbd705f528a80545a76a5a6c6244355b82b598fee0b0cee4599a00ac0ec0c0f0d284f588b406037fce4a9ce512573c94e1974a256bb8b7e914e3830abbb631e857aa28232e8bea1147ec8e464abf4b30c4f4071b5b752a408855df045c2d1de4b97843fc3de2c94b886c68a083399e6e1c0cf6b6a61c20f57ab3194b3b8109d6d1475b1bbb43c30db98486b8d952f312a55816404c70fac3c1eec6e7ad6b882490faced6e1deeee0c0b474a02eaa86587ae49d69812ab2b14b9a9b79df01a2c14d36545392faae4892091717839b5a8186587a242a06e0c95eb2219815a11f15ce23758e868af44850ec8697a5496be8cb660bc343909996736a41b1ccb4847769821a9209ef3e241f24574937e34f9727af21ceb92995eb1e5743a388dd13d2d048f292096928ce961c9f8c5d9a8086f0b5d86e0d82d0928caddbc35a4259b71cebd20435a4fc0ff47da82fb180da1f0000000049454e44ae426082, 3),
(3, '2021-01-03 00:48:06.628851', 'chamindar', '2021-01-03 00:48:32.733215', 'chamindar', 'image/png', 'maleuser2.png', 'd90592d5-5c41-4437-be58-a708fccba7e2employee', '922343434V-2021-01-03T00:48:06.608906800', 0x89504e470d0a1a0a0000000d49484452000000d8000000e9080300000071d809d70000015c504c5445ffffff9ed1d21e6db0f19e501112240f111e225e9cd383440000001003131b5e98dadadb99cfd0d27f3de1ad8800001b1f5187000019a2d5d400529600001300000f00001dd6eaeba9d6d7f6a1519bd2d51a599a1f69aa0065addeefeff7fbfb000b1df49b4878b3c7b5dcdcc2e1e2eaf4f4050015e3954d5f412ddc8b486694c30d68ae0060abd2d9e494949a1415266d6e765e7d802c394157747841545a96c6c899653bc59970c79565cb8e5ad57d36eda054e4a66685b8c55e92b231689f7fa4cce3ecf4aebfd590a7c6547cadb6bcc60048832c2c388d8d957e7f8741414c2121314c4d575d5d663939457fa7aa6b8e927aa2a4191f28485f6336454c2f3e468cb9bb6d492f865b38c48347ab703f3b2a272a21241d192151392c63432e8e5f39989889b7b9a5834b25aac2b6adbcadb9ac95bda383e0a96fc7b998e9a460d8af7dd4bda64588bac1d3e66da8c36d9ac75488aeaaabaec3c5c8a4b8f4280000106a49444154789ced9d8b571a4916c6d328d03be0f6740b2830068c022146eca8645633ea9864a6695e6ae2fa8e99cdc67964d67146ffff73b6fa01fda01f75ab0ad45dbf134f50a0bb7fdc5b5fddaa2eba1f3d7ad0831ef4a0073de8410f7ad03d50a1502a951e9b420f0b85db3e225a151e4fcdcf4d731c977408fd617a6e7eeaf17de42b94a6e6a7fb181e329e9b9e9f2add23bcd2fc1ce74b34c0c7cdcd976efb88315498d2a07098ec74dcdcd49d0e5c616a1a0a65c14ddf5536142b52aa1edb5d8c5b691e9c815e68dcdd6a6f142938c8367d67ba81020a161b2a938d9bbf13688cb1ee085a619e550ebad092b78b36c53e5a7d346eead6b01e4f0f0d4b479b7e7c2b58a5b9a162e96873b760fe53c3695c2eb2e4a8f3b134dc2cb4a14d8f3468f323c2d2d1e6478635b2709964a30ada485a97836c342d8d360da5e48e04461b7e3a1668d3503a78c71f80df959c1e7221f298b6d49076cbe5f232386468b7436d6853b458f5553e1a8df27b04ef1d6643a36c5e92b4574e21ae687a051eb26136345aae837d2d5cc4604323a3ab0d256e255536b8a2fc8e444636370c2e2a3b94b8dd543adad3f2eede413d4900979c668e4565f3527257e1a336a5799e7fb7bab25387c2b12723e792a4fa8b770e2c53e5341fdddfe36068acc948b910d5de2a9ff6c032e178fe3dacbb664b46e21b12823ad85d15f9b22f96c9b6bf07c948960e02f77949424ccb513e1d4265a22d43ca4776ae3f9f84b503893b58c164ea89df3fc0de87c48a0c584749f5dde58056e51bb517f8bb60535d3d06714975142c48acaca02de3072dc960feaa00c2e25ec08365056d173fe5e94731d310ae1dc5abc3c20fda6a1d178ddaf4218628ad9025a1a5b4824b466b2000e39092fb54e1d2552ee31a3f9d819472d85c5c7d99b875d995dec324cbd10ca92195141b2e6d788d4746535b011a98f49e1117808cb89995005cbbf4edabaf32a6ed27499311e0f475765851cdf6f1fa6ac2648424e20b6689a82b957e7f8051f19325232011398e61229a68fcf28b9d7a3d590f3c8a244901021983ed31078b6af307e977cbef0287a124633348ed2bbd4f0d014c13ff22382109aa61508da80c892bbd1ad6d0c0fe011a84b1f5441bd73f43770dadac408315ee80b2f6f5514aa963ec1c06069ae5900ed89abda9f432ce41c02cbf001b35ef0c038c5fc53b0890e5c3a6a5a4fd21a422bf82b97748c8602d4c1a422f968e0226e4f043060c187bb3e757b0e708202183058cdb611e30117fbe4aff647143069b48945699b730e0d977ecbe0c5274a0de19ce552c063f9f0e29a4dcc22c3f40653d897514cf0fa3a22866c4a2495874932ac0734b78234ed8a995e002d8333499a36c76ecf8e4e5e1f9e9d907a4b3d3f353e70b53c0952058453ed03ab8e5c0d87cf0402b9e67c7c6b20ebd141cafc09df6e80bc73e80e720829a58f174ac722a0cfe5da88c39953d71be0abaac00cb3e80272f0f5c4dccde5c8a8728e78e8481a0655e665d60c7a2e305e5d0e18a0b0cc33e6065e2807714cf3f4685dec78f22a61df487cc40cc5c111bab3a2356de879e740fcf45e8d9b05d67018c82513939fc201a61124eb4d6543974074df8c915b2ca07e70b14e8179ac27311d6890dcc4f09c759e40b63d5938f4541c814854ad6089aaba5658e5d64e74ef477382331bb4273119889036062d56c35d96cf5e4e8fcecac62fcf632ea402b9e39fd237be88a29142c3417a1ebdbdc601f6c91c86aa1eb81568e047b5313ce1d21cb9e6428c1c272710eb8411758f1a32bc56cc7aea15971111cafcc1e3bc1c0a918da4743b7e7328fcc892f180a60e5a733cb4684a78e279dee81352be054702ec2ea446ec0ee4577d7eb621b3b79da0f9b70fecafa14b287f63658de077385d48bf0a52a8e0eba78ea1fb07ed85e9e8b821e38e1acda7fb9b3f68076d05ce87013dac45049654f452120136d6c632747a7d18c90c908b612c4dec848566a06363268018c94b44f0c148333d1c696ad1c9f1c1d3e3d3decbd237b6423c33e5f6b53e0381adcc49c0368e1102360763a7bdf10b7e562fa5f8093dfa6021b197c9576eed3bfad03cac421606ecea7b63e7afd33982cb027837b476ecdea5a8b4f29b85057d6ff848ae7d56fe16041ee012c1411d7e7f5b8e5f5550a2e44f6b13776117e8aaf438f24b85c8407ece7896aaf7e158e68028654e9854c388eaf5fc00ddf9f0b5a0123b05f26e2e6b05e1f7cd185cceccb8a67d5f8c4cff05cf4b745d80a3e1dec1f13f178c6fc982903a6f9874e96398ac7277e8183f99fdd2430c5b5783cfe51cb4511a76f0ed559d1c8c4f804817bf8db22892922302d83a81b98ae6ca55844e61a2703f3b745f862eddc1a4ac5f869910d1722ab468b99134230ffa20aecf65cee5b0dec44744f3b919355ce4eab71a23616e0f7e04de9ae8844ef1b16d9d8b1b6450257f43f1d4d5002a37e4c3b0cba9ed92d6d8beb17f083f11d6b9280a1ca0309b3a8c753450723e0f20523a8ed396e6238606b0499e85bdf938019eec134152b84dec118ecd3fa30c008862d0160f08a4a1373f34060136b2447e25b5311811986cf120c7563eb9f0802c61a8c1b02d831c181b006335a1943ae2c610b630e868c719da9dfc7d7492c7108601cf7ed3a4bf720e51a0258ee628d5db1f8852c0f83c0882a0f834c9a65c5354b64880618cb0ebaa72fccc088033614b0dcefac42f605f88d6f2c30622ee4f98cc0667f270e983f18c1b0a52f890d174d130b38f7470196fb95912fc2a72730c088b39b592e667fa50898e4c74577c90e2660349918b0ee88e61a2b6c727196e20802a6df682e8a93bb6010321a4f0c9a30a5ba3a5392411f3dfb99e600fca7b8694a0f2ef71b75c8b2df51042ce85c2dfc349243afa80346d389052ea7a2e2cafd421bb22f741fac3f17c1320fbb684b7cba80052ef4a0bb56186d2bfb42c51578729d78a8698aaa95cd5ed081057d5d93d23da8ea2aaa6a8a0b5b8a4953827274e547967c84a92b78f12c9d7b70b9cfc4219bfd8d8e2b642526ed952189fd234be71ca16b67215726f126fb8e2c1929a63a4cb0902fee5072a16424e3a24dc480c118934646e88c5455bda1b0c5ceb43d195133a32b7e75855f7480feaacde0a9b8ec2b891e2c8c8b3e17917e0592d11a0787f3d5385ac3d7f51d848cb667d684f1a51d9ac9454b1032065c585ff9637147851c875b5b655fb1e0c2ba120bbd2f721a59058fec0bc7225e781762a19836b5945bc33b1748b2646a5061bdb32126f755d016b6846355d7e9c660a630af3640392833a4af1e0bfb060fe192a901e15ed283897d7cd217596987ef1b2e6d050e9380e15ec489857d184b91e2f1aa5fd4aafad3c7a3b30e4d94e3684db90b3d6206da40d42a06567c826491db80f02fe1c4a0fac85dacc72d55bca834b07fb0e8c4005770a20f592f152d557539ffc6040c72cd2dfa900d8279890518ec925bd4bb33170b8789451b8370d1870c132c4e3f10035e238db69599ebd6c344df8f41af6a47db97196b85c3c168b9e0d721a42c3f8cef86848351d68a04578e243dbb29998a4fe068fde79cf1725230820bcf828b7cedf0921b1b4f746dfc1d4fff315f5e37de0fe522ba3a2b90aafe64f33232f37c6661616661666601b3e0de7eaebf1cbd2172b9f9047cbb13122e887f48dc1304b510b134f307de4e5ecff4df823e91c8e515848df47afe5833717a03b972526947f93dde3e2e9d6f43dbb9dcc06d74c4f703099db042bbaf6f5c6d6e466622035ac0dbc5f3c137ce5c6e6e5ea146170e477c9b82c064449feac6e6566c32ef0e96a1e78b387bf8c3e323d192323f197bbbb9118c4673638980ce0ce5df563e9f8fc5bc8e4ccba937383bf8d3f34341fa268636be7515b0dc94eec634be9555f24a838ac5bef139b048e42dc6e60bbeef466448f9fc95ef3d63f066a6fce4d34d4b1b5b3a56005764613b7cf38b9e9968238be5b736bcc988af096fcabbccdf34b082b82233afc3b7fec62f137519fbc8ffe545467f4f1a8f02a4be85c115597816bef1cb40b01ed9d6e0258f58dcf9c9bdec54da88995c7ebed153a81b6f0f9abd43df986431773a32b9575761802b86c7155e7cbc0e686276b2d8001993db853a0cc4c6159888119ce2e3597026467ac9e826a3358e9e6cfdb494ece76158c090c2361c928936b2fc5736db6771cb274396354a6f015c61c58777d9e1542f19f36ffb602c6f81da239336fb5c618918092f3ebe0fcdc488958cf94d893d57cff4a58d3e1746c02291cbe08de26cc246663433d6b73f35c8b6b09d435770f1b18d9189119b336e0d834b27b3252256c0428a8f50b337654fc661dcae763e59b7b8f0c0828b8f70b37782c5f2f5e1dc8677ea2f0b0c2b132381c5470993cbcac5fc5fc3b925f4363460c8f0038a0f1cb33764850c63c040a037f08005151fbe63cc015921c31abc4255b0050c172ca8f8c0e6b2c062f961dc52fef5243813838a8f458c7aaaa7fe7e2731c678606d9104ccbff8081e633a65856c8b3dd7e22409987ff1f1167f1b36b049f6f6f106ee899afc8a8f6d40c0ecbec8de3e6c990801f32b3e70cb0e3718f35cdc26f244ffe203b7ec3064f345d6b9f89aac89457c8a8f8009c56030e6bef88cac89f9151f7f00cc1e69c18a18c6dc1744055b0b838179171f58634c9b6c7b67db476f4f128379161f302c3b1863c3276f6291e71e471236a11804c6b691bd2134c58877f101337b0718e39e6c8b1c6cc1a3f8709fc70c95cdef71cee2e08bb88945bc8a0fec31a607586c922517b97744bc8a0ffc31a617184bf758a48ad840d7833fc6f402c33a078ca9d7346091886baa1d5876b8c158daa2dd14e160eed32e41e731c3c198dae2332a3077f1f1860eec4f86606f6d5c40b7d7e5dc5ac879cc10b0184bbfdfa20373161fe0b2c305c6704856a0045b70340b70d9e106635706976294608ee20336c61c048b313a9f89b44d091699b1e5628180cb09c6ae87b6cf0b9081d9fa1e78d9e10263383be0a8a848c0ecc507748c3908c6aef458a405b3171f9009454f308635153d9835f381791ef3be8059c50789d9df6130abf82031fbbb0cd62b3e88ccfe2e83f50c9fc8ecef3258efb40b91d913812530f4c38f5f5bfa8a4c938bfaa608df6ddbffd73ffe8073cc8f781cfd8d81586f29448fc6ff47f50076df140826088edfcc9ffb2113ac8b7e9496f978c97c4eec74524ab7f7caa5b630deea74c7ef890cb08cdc11c4869812c7c514df581252295148f1d748728d4ff1fcb8c0f34a82e7bb8de62d1f2fb6cc88b51aa996aad6545eadc96a4da9d5d466ad9d68f3bc5cead41209a59948b46f9ae8ffd1464cb0e7bee0fabff76b46581a5f5ad21f8c2f091933df4cb0546d49966511fdf07c23d318e765b9936ede2454b9a6dcf09deb9b2eaf9412c2a89b982aaaa8a12b4dedc05b0db92b2882d052c525411947ed06fd536455553bed5ab321abe8615bfb4db483099d4ea353ebc86a53483532b5745956db429acf24d45afb9aef5edfa4d34a22d11a3198a8ca9deb9adab96e37d071a8ed6b7480e8375568aae82f0db9a6cada4359a9f18d7447ae753a72a7263bc0c6856bb5d51014a5860c023dbd54ebb43335b9a1a55f42be516bd76af3a69d488f164c685e2bb576a38d7e1ad719c428cb0df441abddb6da69345405b59b6eaddb513bb5b6dc6eb46a8d66a3ab5ea79c60724b501a2afa91d31d5e6eb4144568d75431a5017652699492322f8fda3a50ea294aa6292a4a4b11baada55617c1b65a5db1db525ae8d75673a9ddee76d1d3e3ad76bbd56da17798dedeefc7b42c1305fd4718cfe8e114904b6a7f4f65b4c7ce967c672488bd07cebfff7f561ef7590f60f74dff0560af099545f7798c0000000049454e44ae426082, 4),
(4, '2021-01-03 01:04:27.437853', 'chamindar', '2021-01-03 01:04:27.437853', 'chamindar', 'image/png', 'maleuser3.png', '82a14cb4-7885-40ea-9cd3-2af707d3a344employee', '923434855V-2021-01-03T01:04:27.416910300', 0x89504e470d0a1a0a0000000d49484452000000d8000000e9080300000071d809d700000174504c5445ffffff039ebd111224eea43901839bfcdbba66482c000000e6e6e6dadadbffcb99009cbc0099bafde4cd009dc10391ad00819dffe4c2e7a33d493830eaa23877593c000017eea23400001c0095b700a1c2e6a96df6f6f6000013e5e8ebeda02de8f6f8d9eff25c3d1ffdf9f3fece9eb4dce54bafc868452668421f007a94ec9e227c7d8694949a1415265b5b6400000e77c2d4cfeaf09fd2de2ea8c38ac9d869bbcf604e38693f154f615b248b9e38798485684dc3a5886c4e33b6997da4876ceeceaddcbd9e2f1c18412f298b77666cadb16c9b9af5cea6f4be87eeb57ef9ebd8eabf8bd99433e7dbcdecb163c687312325338d8d954646526c6c764d4d58333340466c6c55584b3d767d5e4c34535c511b78884a6969bea48d428a9442797d946943b08b6397765593b3aa4c9da9a0ae9bd9cfb6b5c5baddd0b580b7bbaaa483b1ae8f7db4c2389da897a17fc1a2575b8b84aca26bcfa250a4a170efaf57c0a25c799f8c7a9076efb15cc7841daaabaec3c5c85e7b607d00000dee49444154789ced9d8b43dad61ec77988a8412cd4414431bc0424011f685b5bdbe2ba5694aa8140ebdaad77dbedbadd6ddd566f77e7ec3f7fcf21819c84bc4e9ebae56b5921427a3efc7ee77b7ee7e4b140c0972f5fbe7cf9f2e5cb972f5fbe7cf9f2e5cb972f5fbe7cf9f2e5cbd775566e6b6b6d677377b73cd4eeeee6cedada56ceeb5659d3d6f6663348c4800844c3d7c1e6e6f696d7ed33a3dcd64e39b60481828ae201cb3b372b76f9ed721040292349f162c1f276deebf61a536ebb09534f9f8a4783a9dadcce79dd6a3dadac95978c32218a2d95d756bc6ebb86723b413358c3c8c5823b39afdbafa2fc2e689d492e9893b1d8ee75ec6d79533928835b2a5f37b4fcae1113348076cda2b6630f168fb6e335cd586bc1985d5850b1e09ad74443e5caf6858b17112be7bca60a04b6cd1ba1061ab1ed31160897fd58501e076d8d70880b8e6b1ef6341bcd5001cc337b5c712a0d478a953da91ff34d87b90059d383d17acbf0ccc48208c2f559f69ae3e1e21573d942b697dce10283b5ab239a6b5c2e936dbb9487bcdc2373972b185c7289cc2ddf10e58e836cb9ce05fa990bae9f7761f85290e323f54ad314582693092e000d9f9810d174baba32511f66320baf5fbcbc333d5da94c4fdf79f9e2f58209b858d959ae1d6caeccc2f99dbb55c8c4ab52a9debd73be808de66cad8f6d8899bd7b95eaf484aa957b7bb8684e5a630eb37f65165e552b9358c3c0555fe1468dc8390656c6c30abeb8ab823544bbfb028f2be85837c3ab38320b2f15925092902ff182e6546d95c3fa82337bd31ae11282368dd9d3728e8095717a58e6fe5d3d2ca8bbf771c808479211cb1133f775d2709c8e58644b4e3823cec268e68d412e4c3222683f17ced09cd93394874236e2f433fb8769ac218cf8d23817d002c69e09bbabe15d9c44bca7eb87a82aaf30c862bbf672e5311639327b863b18afea3906d992bd21c3b27abc4404fa72ca3899bd968f1530a34e8f84ec050699ad21c3e961f8018321334e46d8d8cb702c31f31a3b60c03fce71c872b681614d2f5f6159a200f672ca38997d63d90a4ed1b160820be8350659d0aef58f3567ad03aa0a72d130996d15238ed7630ece23555e4d1927b3cbf1735847204c7822d4975318644b395bc0b6b1563ad0f2f741418ba5f00079519dc220b3e96409ac2552b49c2a24f61faaa2151eee27905f565fe39035ede0c25ad39678c7678948e4514111ad50781489243e133754cea730c86ca9f1b10ef2a16085c711a8fd07d35238f0eac1fef0578fc5ed9517531864b62cebe02d759c23607ceb2389d6fe6308c76bfac1e3fd5682ffcdbe229801323b7c318775ae54e61c71fb564454ab7570b0bf7f70d0423746a615c1f4c908c2fa188d77380c0113325153622e56be9ac2215bb27ec00cef3004d2c70a2d7db056413162fa6436d48b585d0ca9ed0b8f13fa6062c844573444664327c33cbe22ae4f19c08a88bd6c3c8e19248b59e5dac23da3438858e1c018d88110b2ea945cda64963b19f611b13b3cd723635c70041f66e29d09306d32cb47cb3631c1325f550c3ae248c36e56b9770b8f8cd8b40886e71d41a158fccc8871081a1656d5fb935c9a6496dd03f7546662615a0ea660fbe826be6254e2d222b3ba8a8f774c0c6a38d344c0bebefde4f6d7522ce9260826cc33b16296b30466e27415988b22d8c1e7b76fdffe5c6291b24d106cc2ecf5c962d60a7c13e717655e5610b02f9e008a275fa060b24d104cc113f5c82c9e8564e28430786c0c13acfa2f054fd421b3e8f726cee0239e7e53c04bc5c237cfd4b9d4c82c4ec936f1fb18f1b48d80451e3df9fc896cb4966e02606d4d3065328b0319d6a2fd08acf4ed43c4ee5b07937e8f4630f1f0dbd2338d545421b3b8846f0a6c6eee3b9c01fabbb9391d3025326fc04ac6b92291923e9802994530ec8aca21b04932f7c1824d7cb03d3dae49328bc5a21930e2dfb860dfeb066c92cc2298893e06fecdb7dfe3807dffc608979ccc7df380ffe8028e2bee19e39291790316c40858c220968ccc229889ca032a26b67b5e45e23bd64d9159ac3cf04f6ee6c1de8d9badb6e7f11bde618021641657164d5ec612fb61dceea2f28e8be337fc60b48b49c92c16c126af63219e8aa9a8bc633115f5076745328bd3169317b2104db10b1d2bedf758fcbd81c15989cce244336ff24a4c24179592514cc4c83bbc808dc92c1efbc35fcc114226e6a20219c215d19e8aa99211c19c2530bc03d068c8dea993a15c3fe278224246583d0c6da6581c86ac8cb43e728ca21da3bf798b9d893c99e50553930399b497417314d08a12acc80f660206c908ab07c84c5fb7a85056a1e586494b14c9ac1e94c039055346569ec09890b944845acf59040b98bf7291f88f1e17e6d82c91552ed3ee0114d3217b66b28341bdb50cb66de19e1db1a74e71ad5b3f83256f018c8835554f1d68199e5f2a82593fe768c5341654fca73965aece4f56b8a6f66c38c9d4dc247a0cb6bcacb0b273b8bc6c09ecd62fd6b9ac5d810fc196973b8712aa0edc66096cdd8e936771af389582fdbccceba8733854e748d8602d1573368059317c0036372291e868ee672b60d6cd1eca4a2e02b0b9b9b68ceda80d365a01b3251381ccdf6e25b604c1205bfb68487774d46ef35b7eb6328ad9c365d617895870335f2ccd29aa54ccff326596cd0e4f84da3271af4b2216e3efb7aa4c561ace62d6deae9b615bb7edee1edad368221e8fc3874499cd516da044561a4d3c41d86e29481b6ccf2e2ecdd5c578fcfdafbf251793522d76c44f1727c190097547fed164f2b75fdf68b1d950278ea471d54efcd9458d4aa7c369996ac8aa9b3c662584ebb8063e8c6ab8abdac5ef1a6436deb3446d8180087ea849db356edf29f2712919ca153855f938f5614a056ddd2eeb8052bdbce582526c17101a3269364a16766a6a9fa72ed432316723985ac8d4b9a4214362268957e05239601a64b6064ca5608cff579d0b842ca14426e54a68ed80faa0988c395bc1944246bcd76a5638fd51b283e2641e06021fd50306c9de381e30c5f966fc0fcd66856bd263633066d2780522aa3d8cff6a7e9b0c991d334ca926c7b2f7da5c40d23d144b32ae80dee7c31321b3710c1b4b5e7e10ffd3cc4420ea504626e33ad4ddc19ff290d9577488cacb4216ffa0d7ae705842b2323323c9a3a26ec4d37fc8c06c58c35190dc3f2e741b46218515e492927574bf98b4ccf16d770ea1654d29982e17201343362368bca1a81ff07058bab66fbf73f0921cb725de6b5b1a0fd61e7d2933638d1ad736f2c5fc2e0998633723449331aeeb1d50426185708dc8d48b29140c750f87127128c419e31f0c7ce34261352313dca652fdca3e8eba87138e3812725d633c69a465616a5e1aae51d0e68dc41b542f0858ce413071c58a081a6a59387da9c005c834aa5fc9f72226a2c3f7311d7533e2ad31b070adb53ac9b5da32d2c320d868c2e96407e325dc12d3987700a5934a113396c7887bd8b344aa4d46287ac7e2a25adb0e2742b6aa5a4cc9f732720f278d6324de40e2f2ba43152c1c9e0c986abc26c02e86607b3917c0c0a41390bd4fca9af45c158ceac842b6aa5e4c4d7c3dc93dc70d51549e50f00e75b070fa440a76a2dec1169fcbbf15587bb8763bff2d62d23b34c0a8b62464ab6d75df9904fbf3d62d176fe69f5f9a98b36880856b2708d9ea8986d52f3e974533fd8733531555b289f5a9330db0f4290aa6554c2d9ec93f7ae1f2ff56e2583e126981856b3f8a5c3f6a8dcd72b07452f13c4e27554c4a63a60996be1443a6594cc9c0a8a4ca29c58eea9492b4480b4c2cac748a29291875aadf0a2754aaa12dd2040b7f34564c4976532b79c3150824c423127a60141fb2d596768989ec262d5d4a7657c5cb513b9feb8085299d626a04361ac8a84b2fba97a89210347d30585869145352b0b4776938d231ef8eba60e13028ac4ef4de238051eebbbc824a54da08180899563185805194e7e1e2757c5a4b9fe9478c3a39d19d9c2e9e9da56ba7d7215cbce6937fe983a58f8e74e7cd8b677f2555ae86f148ad334a7f295eff1dd459cb6b12b98a874995e3ec8695ae250fbdf57865152396d00096dac566de6bfe94d2cf48452a8a3abd5e7d4baee3c38f355cb63455fb78787d9c5055c79d24061ba04a766e00152f10376a7826922e147579136285aa38df394daad2a52153f2b4337f6ded4253c5e344a97d99ac015163c157c9cbf661e2f86642212a02c0488b3f8bbb150140379ec8972f5fbe7cf9f2e5cb972f5fbe7cf9f2e5cb972f5fbe7cf9f2e56bacd9bfa902d1bfa902a1bfa97cb09b264d309294bc121e374302d8003cd8baf05cf83b946a34b283c1e89df53e19621b83d00d110f46720d32d54d6553a15436daad93d96c8acc46af8038269a8d464364343a98058f6ecfe3f61a961031b69b65699aa1a334c3d1cc8061e81ed39fed47a3dc4c83999d657bb3b3bd4f3df0b7971153e90764a80e7ec01f12741d72946e025896a9731c97028f68b44b7643518e6b6cf43ecdd21cc37e8a36ae3e0da2ecea2ce97617231b038e65b32c3b480dc81047f706244bd67b7d00c1c2677536c5651996ebf6aed86e83a61b74a3c1645130b2d1e836180e7c94cc76496623c575fbe446949ca599fe557470f56923cbceccb2ee7b4717e6113d6c1ad3a0399aa6fbddc6557f036070dc15d31d703d9ae5e8d0d546b7cf34181a6c2051b0107945b35d92651960100dae51671a7d92e1ba20fd06b3dc279ab9a2612a6eb8cd95bd025f3847f7015bb701fecb75c11ff053677a4c033c6f707deeaa0f48bb7daecb747b005dc8c531180762dba5c183dbe0a25c971d0cc83e43a7b28d1ec934b21b2025c166f7ada35e4ff5520396257b241b02cf420368d403f01c6e61eb8350aa1eead5d9017c3908f5b22313188f6330802972f8003fa9e126e092707b9684cfe166d7b9cceb9f5979dc64f960374dff076c739250c4dac5300000000049454e44ae426082, 5);
INSERT INTO `employee_files` (`id`, `created_at`, `created_by`, `updated_at`, `updated_by`, `mime_type`, `name`, `new_id`, `new_name`, `pic`, `employee_id`) VALUES
(5, '2021-01-03 01:16:41.439678', 'chamindar', '2021-01-03 01:16:41.439678', 'chamindar', 'image/png', 'femaleuser.png', 'b9a3a3bd-cb59-4fc6-bb55-a3f3151b849femployee', '933423675V-2021-01-03T01:16:41.437683700', 0x89504e470d0a1a0a0000000d4948445200000200000002000806000000f478d4fa00000006624b474400ff00ff00ffa0bda7930000000970485973000030f3000030f301cafa8faf00005cdd4944415478daeddd77785455fe06f0f7ce4c26bde726a1f74b2f0a88140be862af6bd9b1b22beacfb682b2a2ae6b597bc7defbbaa3bb7645141bba0a52a58436101248cfa4f74cbbbf3f66c000299364e6ce2defe779784088c9dcf7de3be73be79c7b8e20cb328848ddec0e672c80f42e7ec5038806600dfc1ecc9f01a015802bf07b307f6e0450d9d92f9b2436f3ac11a99bc002802872ec0e6714808100860018dce6f76c1cdcb8c76aecd09a717051500a201f405e9bdf0b6c92e8e2554014192c0088c2c8ee709a000cc0c18d7bdbdffb013019341e1f80621c5c14b4fd7d9f4d127dbc8a88c28305005188d81dce740013008c0ffc3e01c05800714ca7479a016c05b039f06b0b80cd3649ac603444bdc70280a89bec0ea715c0681cded8f7613a8a28419b8220f06b3b871388ba8705005117ec0ee730003301cc02301dc028001626a32a1e003b00ac02f033805f6c9298cb58883ac60280a80dbbc3690170047e6ff067c23f218fb4a714c02f081404007eb349a287b110f9b1002043b33b9c49f07faadfdfe04f03c7ecf5aa09c06afc5e10acb249621d6321a3620140861298957f148053009c0c600a8c3b0bdfe87c00d601f80ac032006bf8d40119090b00d23dbbc3990de024f81bfcb900d2980ab5a30ac072f80b82af6d9258ca4848cf580090ee04c6f167c0dfe09f0c60120081c95037c80036c25f0c7c056025e70f90deb000205db03b9cc900ce0670268013012431150aa13a00df02f80cc0273649ac6524a4752c0048b3ec0e6722fc0dfe85f077f15b990a29c005e06b00ef03f8cc2689f58c84b4880500698adde18c07703afc8dfe290062980a45500bfc1308df07f0854d121b190969050b0052bdc04e78a7c2dfe89f063ea647ead4046029fcc5c097dc1191d48e0500a952e071bdb9002e0370068004a6421ad200e073006f0358cec70b498d580090aad81dcefe00fe02e00af8b7c925d2ba7d005e03f0ba4d120b1907a9050b008a38bbc36986bf6bff4af8c7f5cd4c8574c80bff7c8157002cb549a297915024b100a088b13b9c43e0ffa4ff67007d9908194831803700bc6693c43cc64191c0028014657738a3009c05e02af89fd7e7023d646432fceb0bbc0ce0539b24ba19092985050029c2ee706600b816c07500329908d161ca013c07e0799b2456300e0a371600145676877338809b00cc0310cb4488bad40ce02d004fd8247117e3a07061014061617738670058047f773f77db23ea3e1ffc4b0f3f6e93c49f1907851a0b000a99c0b3fb67c3dff04f67224421b31ac063003ee6d303142a2c00a8d7ec0e671cfc5dfc0b010c672244619307e049f8d714e0b2c3d42b2c00a8c7ec0e670280bfc23fc69fce448814530d600980253649ac631cd4132c00a8db029ff8af05b018400613218a982a008f0078963d02d45d2c0028687687331ac0d5006e0390cd448854a31cc043005eb049620be3a060b000a02ed91d4e2bfc2bf6fd1d403f2642a45ac500ee07f0aa4d125d8c833ac302803a6477382d002e07f00f008398089166ec03702f80376d92e8611cd41e16007498c0e37c1703b80bc0302642a459b900ee01f02eb724a643b100a083d81dcee3e19f5d3c916910e9c626000b6c92b88251d07e2c0008c0819df91e03702ed320d2ad8f002ce20e8404b00030bcc0b3fcb7c3ff2c7f341321d2bd56004f0078c026890d8cc3b858001894dde114e09fe0f720f8481f911195c2ff48ef5b3649644360402c000cc8ee70ce847f9c7f0ad32032bc75f0cf0ff88551180b0b0003b13b9c03013c0ce04f4c83880ef11e80c53649dcc7288c81058001d81d4e33fc1bf5dc03208e891051079ae07ffcf749ee3aa87f2c0074ceee704e02f02a80c94c838882b41ec07c9b246e6414fac50240a7ec0e670c80bb01dc0cc0c24488a89b3c001e077037f717d02716003a1458cce7650023980611f5d22e0057711121fd6101a02376873305c0a3f06fdc233011220a1119c06b00fe6693c41ac6a10f2c0074c2ee709e0be059007d98061185490980eb6d92f811a3d03e16001a677738b3013c0fe01ca641440af918c0b536492c6514dac50240c3ec0ee799f077cb65300d22525805802b6c92f819a3d02616001a647738e3e05fcbfb6aa6414411f612809b6c92d8c428b4850580c6d81dce2301fc1bc048a641442ab113c0453649dcc028b483058046d81d4e13804500ee0310c544884865dc00ee00f0984d127d8c43fd58006880dde1ec0fe06d00b3990611a9dc0f002eb3496221a3503713235037bbc3793e80cd60e34f44da301bc0e6c07b17a9187b0054caee7026007806c03ca641441af526801b6c92d8c028d48705800ad91dce91f03f673b9a691091c66d07708e4d1277320a75e11080cad81dceb301ac011b7f22d287d100d604dedb4845d803a0128159fef701b8155cc79f88f44706f010803bf894803ab0005001bbc3990effb3fd73990611e9dc72f8d70ca8641491c50220c2020bfb7c046010d3202283d80be05c2e1c14599c0310417687731e805fc0c69f888c6510805f02ef811421ec018800bbc36905b004c0354c83880cee05000b6c92e86214ca6201a030bbc39905ff237ed399061111006015fc8f0a96310ae5b0005090dde11c0de04b0083990611d141f2019c6a93c4ed8c42199c03a010bbc3391bc04ab0f127226acf60002b03ef95a40016000ab03b9c9701f81a400ad32022ea500a80af03ef9914662c00c2ccee70de0de02d700b5f22a2604401782bf0de4961c43900611298e9ff2a804b990611518fbc03603e9f10080f16006160773853e09fe97f3cd32022ea9515f03f2150c328428b054088d91dce210096829bf9101185ca7600a7d924318f51840ee7008490dde19c0ce057b0f127220aa5d1007e0dbcc75288b0000811bbc3390bc0f7003299061151c86502f83ef05e4b21c0022004ec0ee71fe07fcc2f89691011854d12fc8f09fe8151f41e0b805eb23b9c6701f81c401cd320220abb38009f07de7ba9175800f482dde1b401f8004034d32022524c34800f02efc1d4432c007ac8ee70ce07f02f0016a64144a4380b807f05de8ba9075800f480dde15c00e065e64744145126002f07de93a907e15137d81dce3b003c0940601a44441127007832f0de4cdd098e0b0105cfee703e0ce016264144a44a8fd824713163080e7b0082c4c69f8848f56e09bc57531058000421d0b5c4c69f8848fd6ee17040703804d085c0e4922799041191a62cb449e212c6d03116009d083c5ef23238e18f88486b640057d924f15546d13e16001d082c30f12f7098848848ab7c002eb149a29d511c8e05403b024b4c7e002ef24344a4751e00e7d924f153467130160087086c32f139b8bc2f11915eb40238c32689df308adfb1006823b0cde4d7e0c63e44447ad304e0249b24fecc28fc580004d81dcec900be07b7f42522d2ab3a00736c92b89e51b0000000d81dce21007e0590c94b828848d7ca011c6d93c43ca30761f819ee76873305c052b0f1272232824c004b03effd8666e802c0ee705a017c0c6034ef092222c3180de0e3401b605846ef017815c0f1bc1788880ce778f8db00c3326c01607738ef067029ef012222c3ba34d0161892212701da1dcecb00bcc56b9f8888005c6e93c4b78d76d0862b00ec0ee76cf89ff58fe2354f444400dcf0af11f083910eda500580dde11c0d602580145eef4444d4460d80193649dc6e9403364c01607738b3e07fd67f30af7322226a473efc6b049419e1600d3109b0cde37e83797d1311510706c3408f071ae5298027014ce7b54d44445d980e6089110e54f743009cf14f44443df0679b24bea9e703d4750160773827c13fe92f96d732111175430b80993649dca0d703d46d016077385301ac073084d7311111f5c05e00936d9258a9c783d3e51c00bbc36902f02ed8f8131151cf0d02f0ef409ba23b7a9d047817805378ed1211512fcd05709f1e0f4c7743007687f334009f031078dd12115108c800ceb549e2277a3a285d1500768773188075e04a7f4444145a75008eb249e24ebd1c906e8600ec0e672c808fc0c69f8888422f09fe458212f472407a9a03f0048009bc468988284c460378462f07a38b2100bbc37926804f796d121191022eb049e27fb57e109a2f00ec0e671f009b0164f09a242222055403986093c4422d1f84a68700ec0ea700ff32bf6cfc89884829a900ded6fafa005a9f03b010c01f782d121191c2660358a4e503d0ec1080dde19c08600d00436cdb484444aae30670b456f70bd064011078e46f3dfc333289888822652780236d92d8a4b517aed52180c7c1c69f8888226f24fc8fa16b8ee67a00ec0ee719003ee3354744442a72964d1235d53669aa00b03b9cd9f03ff227f25a23222215a90030de2689a55a79c1168d05fc3cd8f813a992bbb909ee867ab81a1be06aa887bbb11ead0d75f0b5b6c29a988ce8a4645893531093948ce8a414982c510c8df42403fe36ea5cadbc60cdf400d81dce73017cc86b8c28323c4d8d28dfb619e539bfa162fb2634d754fb1bfa8606b89a1a207bbdddfa7ef1597d90366c2452878e08fc2e21a9df40c0a4d75dcac920fe6893c48fb4f042355100d81dce1400db00f4e1b5454623cb325aaaabd0585e8cc6b212349495c0d5d800d9e783ecf5c0e7f542f6fa20fbdafc59f6222a3601d14949884e4a41746212ac49a988494e464c722ae2c5ac2e1bdae62a27cab7fc86b22dbfa13c6703aa721ddd6ee4bb2b3a31197d8f9a89fed38e41bfa933119d9cc20b80b4a604c0189b24d6a8fd856aa5007805c07c5e57a4573e8f1b153bb7a2be602feacb8ad1545e8a86b262349695a2b1bc185eb73ba43fcf1c1585a47e83903c700892060e46f2c0a148c8ee87da7db9071afdfae282c88662322163d4380c9c713c869f7c1662d338fa479af1aa4d12af54fb8b547d016077388f07f03d0081d714e985cfe346c5f61c946e5c8bd24d6b51be7523bcadad0ca60326b305fda71f0be98c0bd177cad11004be1d90aac900e6d82471859a5fa4aa0b00bbc31903ffacff11bc9e48cb7c1e379cdbb6a06cd35a946e5c87f26d6cf07b2ab14f7f48679c8f91675d88a8d83806426ab50bfe0d835ad4fa02d55e003c046031af23d2a2869222e4fdb00c25eb57b3c10f839894548cbff84a8c3cf34298a3f84401a9d2c33649bc55ad2f4eb50580dde19c04602db4f7a8221998aba10ef92b9623f79bcfe1ccd908ad6fb7ad05f199d99874d9ff61e84967c264e6db05a98a07c0549b246e54e38b536501607738cd00560398cceb87d44e966514adfd05bb967e88a25f7f0af9843d0a4ed280c19871d39dc89a388561909aac0730cd26895eb5bd30b516008b003ccaeb86d4cce77563cfb7cbb0edfd37519dbf9b81a88020081879d685987cd5425862621908a9c5df6c92f898eaee17b515007687732080ed0038bb8754c9d3d4889d5f7c806d1ffe0b4dce3206a242097dfa61c6a2bbd1e788690c83d4a009c0689b24ee53d38b5263016007f0275e2fa436ded6566cfdcf5bd8fa9fb7e06aac67202a270802a433cec7d46b6f81d96a65201469efd924d1a6aa7b444d0580dde19c09e0675e27a426b22c23effb2fb1e195a7d058ae997d3e282063e438ccbe6f09e2d233190645da2c9b24fea29617a39a02c0ee700a00d600e00c1e520de7d64d58fbfc23706edfc230342c364dc49c7f3e898c3113180645d23a0047d92451150daf9a76ddb81c6cfc49259aab2bf0e37d8bf1e50d97b2f1d7c3f9ac72e2ab857fc6ee659f300c8aa429f0b775aaa08a1e00bbc39900ffaa49d9bc3e28d2f6feb81cab9ebc17ad75b50c4387c69e7729265fb388cb0953a49402186193c48648bf10b5ac9a713bd8f85384b91aeab0faa907b1e7bba50c43c7b67ef00edccd4d38faa63b5904502464c3dfe6dd1ee91712f11e00bbc33904fec7fea2795d50a414af5b895f1eb9134d15e50cc320869d7c16662dbaa7cb6d9189c2a015fec702f322f922d4d003f018d8f85384f8bc6eac7dee51ecf8e43d866130b95f7d0ad9e3c1acc5f741309b190829291afeb6ef8f917c1111ed01086cf5fb03af058a0457431d7eb8f326946e5cc3300c6cc8ec9331ebf607b88f0045c2ec486e191cb102c0ee709a006c003091d70029adbeb800dfde761dea0af2190661e889a7e198db1f6410a4b44d008eb449a22f123f3c92835f17838d3f4540f9d68d587addc56cfce9803ddf2ec56f6f3cc720486913e16f0b2322223d007687d302600780613cffa4a4fcef97e1e787efe08e7dd4ae59b7dc8b61279fc5204849b90046d924d1a3f40f8e540fc03cb0f127a5efb2e59fe3a7fb6f65e34f1d5af9f83f51f2db6a06414a1a067f9ba838c57b00ec0ea715fe457f06f2bc93520a7ffd093ffc63017c5e0fc3a04e59e31371ea336f2379303fa39062f6c1bf38904bc91f1a891e80f960e34f0a2adfba112beeb9998d3f05c5d5588f6f6ebb962b41929206c2df362a4ad11e00bbc31903ff78475f9e6f52424d7e2e96fdf572b81aea180675cb8019b331e7bea7180429a518c0309b24b628f50395ee01b8066cfc49214dce327c73cbd56cfca9470a56fe80ed1fff9b419052fac2df462a46b11e00bbc3190f600f006eca4de1e7f3e1ab9be7a36cd33a66413d668e8ac2a9cfff1b69c346320c52423980a136496c54e28729d903703dd8f8934272fef3161b7fea35afdb8d9feebd059e961686414ac884bfad5484220580dde14c02700bcf2d29a16af74efcf6fab30c8242a2765f1ed63cc355024931b704daccb053aa07600180349e570a37afcb859f1eb8153e0f9ff5a7d0d9b5ec63e4fff40d832025a4c1df66865dd80b80c0d8bf220743b4e1b5a7519b9fcb2028e4d63cf5205c0df50c8294b020d0768695123d007f0190caf349e1565fb40f3b3eb233080a8be6ea0aac7f6509832025a4c2df768655580b00bbc36906b090e79294b0fed5a7e1f3b2eb9fc267d7171fc0b975138320252c0cb4a16113ee1e8073000ce179a470abd8b1057b7f5cce2028ac6459c6aac7ef61a1494a18027f1b1a36e12e0016f11c9212d6bdf42443204554e7efc6d6ffbccd204809616d43c35600d81dce5900a6f1fc51b815af5bc967fe49519bde7e110d25450c82c26d5aa02d0d8b70f600dccc73474ad8f9d97f180229cadbda8a35cf3dc2204809616b4bc35200d81dce1100cee479a3706badad41e1aaff3108525cc1ca1f509eb3914150b89d196853432e5c3d003721325b0d93c1e47efb05276451c46c78750943a07033c1dfa686e51b8794dde1cc007039cf192961f7b24f1802454cd9e60d28fcf5270641e17679a06d0da9707c4abf16402ccf17855ba5633baaf738180445d4fa579e027c3e0641e1140b7fdb1a52212d00ec0e671480eb78ae4809bbbffe842150c4d5e4edc29eef9731080ab7eb026d6cc884ba07e02c70cb5f5280d7ed46deb75f32085285dfde78961b5051b865c2dfc6864ca80b80ab788e480905bf7c8fd6fa5a0641aad0505204c7e71f30080ab790b6b1212b00ec0ee7100027f2fc901238f98fd466eb076f732e0085db8981b6362442d90370050081e787c2ada9a21c45eb573108529586922214aee69a14145602fc6d6d4884a40008ec58f4679e1b5242e1aa1ff9498b5469fbc7dc8e9ac2eecfa1da2530543d00a701e8cbf3424a28f96d0d4320755e9beb57a1ae682f83a070ea0b7f9bdb6ba12a00aee4392125c8b28cd28d2c0048bdd7e78e8fdf6710146e2169737b5d00d81dcefe004ee1f92025d4e4ed424b4d358320d5cafdfa53785a9a190485d32981b6b75742d103f01700e6c8e7414650bc61354320557335d62377f9170c82c2c90c7fdbdb2bbd2a00ec0ea709219c9148d495528eff9306ecfc84930129ecae08b4c13dd6db1e80b90006f23c90127c5e0fca36af6710a47ad5f9bb51b6691d83a0701a087f1bdc63bd2d002ee33920a554eddc0677630383204dd8c1470229fc7ad506f7b800b03b9cb100ce60fea49492df38fe4fdab1ef971fd05451ce20289cce08b4c53dd29b1e80530124307f524ac9068eff9376f8bc1eecfcfc3f0c82c22901feb6b8477a53005cc8ec49295e970be55b7f6310a4297bbe5dca1028dc7adc16f7a800b03b9cf108d14a4444c1706edf04afcbc52048531a4a8a505f52c820289c4e0bb4c9ddd6d31e80d301c43177524ae96f6b19026952c93a6e5c456115077f9bdc6d3d2d00d8fd4f8ae2f2bfa455c5dcb992c2af476d72b70b00bbc399082efd4b0af2b6b6c2b96d0b8308b194d42486a080920d6bb87b2585db2981b6b95b7ad20370268018e64d4a29dfba113e8f9b4184d859671dcf1014e06aa84385632b83a0708a81bf6dee969e1400ecfe2745b1fb3ff4443115279d3a0b6969ec055042c9fa5f1902855bb7dbe66e150076873319c049cc9994c40980a177eef97f80c56246dfbe190c4301c5eb580050d89d1468a383d6dd1e80b30158993329c5d3d28c8a1dec3e0da5acec741c3f7b2a00a05f5f918128a07ceb46785a5a1804859315fe363a68dd2d00ced44c14a40b655b36c2e7e5f87f289d77c15c98cdfe5b7fc4f0010c44013e8f1ba59bb93910855db7dae8a00b00bbc369017022f325259571fc3fa4060dea83638e3df2c07f8f193318168b99c128a0623b9f64a1b03b31d05607a53b3d00330070c610298a93a742471004ccbffa3c984cbfdff6d1d1568c18c15e0025347045400abf24f8dbeaa074a7003899d99292ea4b0af9f85408cd3ee1288c1c35f8b0bf9f307e18c351e27a2e2e6008a484a0db6a1600a45a79df2d6308219298188f8b2f6d7ffb8e4993240802330ab7fae22286404a086d01607738b3014c62aea4a4bcefbf64082172f1a5a72131b1fdfd4232c5544c9830822185597395934f0290122605daec2e05db037012007e4620c554ef71a0263f974184c0c8518331fb84a33abfc1e74e63500a6828652f00859d8020d7eb09b60060f73f298addffa161369b30ffeaf32074d1c73f521a884183b20d924ae4d417ef6308a484a0daec2e0b00bbc3690230977992526459c61e76ff87c429a71d834183fa04f5b5ec0508bffa12f6009022e606daee4e05d30370148034e6494a716edb84c6b21206d14b6969c9b8e04fc1afdc3d75ca68648aa90c2e8c1a4a8a19022972fbc3df76772a9802805bff92a2f2bee3a7ff509877c5d98889890efaeb4d2613e6cd3b8d4f048491abbe86219052ba6cbb83290038fe4f8a91bd5ee4ffb89c41f4d2c4492371f4f409ddfeff464a0371e20947e93011757035363004524a976d77a70580dde14c0230853992524a7e5b8d96ea2a06d10b515116ccbfea8f3dfeffcf3df7786467a733c83068adaf6508a494298136bc435df5001c8dee6f1844d463bbbefc9821f4d2d9e79e80ac5e34e0d6280baef8cb1930993816106aeefa7a86404a310198ded5177466263324a5d415e423ffa76f18442f0c18988db3cf9dd3ebef3374485f9c7aca0c1d24a22ead0d750c8194d4691bce02805463d33b2f013e1f83e8a1e8682b16de7c19a2a22c21f97e679f751cfe7022e7038492ab813d00a4a8599dfd63870580dde13403e083c1a488faa27dc8fbe12b06d10bf3ae381bfd076485ecfb0902f0a70b4fc439671fc77043c4d3d20c9fc7cd204829d33adb1eb8b31e80090012981f2961f3bf5f85ecf532881e9a3173124e38313cf5fae9a7cdc465979cd2e56a82149ce6ca0a86404a8903704447ffd85901c0ee7f52447d7101f62cff8241f45056563aaebee6fcb0fe8ce38e3b02ff77d5d9b058cc0cbc971acb4b190229a9c3b69c050045dc9aa71f84cfeb61103d60369bb1e0e64b111b1713f69f3565ca68dcf8d70b909414cfe07ba1c9c9028014d5e13c0016001451793f7c85c2353f33881ebae89253316cf800c57ede98d14370ffbd57e3d8632671c5c01e6a709633045252f77a00ec0ee7000003741b07a982abb11e6b9f7d8441f4d011478ec2e9672a3f412f2e2e06975f762a6e597409860ee9cb13d14dec01208565db1dce61edfd4347b303f9003085dd865796a0b99a13a27aa25fff2cfc75c125119d98274903f1f7dbe7614f5e31befd762dd6addf0eaf978f7176a5910500296f2680dc43ffd2d2c91713858d73eb26383eff8041f4406a6a126effc795884f8855c5eb193aa42faebaf22c5c78c10958bf6127366dde859d3bf7c1ede6bc8ef6341417320452da2c006f1ffa971d1500d39917854b6b7d2d7e7ae056c8b2cc30ba2936361ab7de311fa20ab7ed4d4e4ec09cd9933167f664b85c6e6cdf9e8f5dbb0b51565685d2b24a949757c3e3e1a39ed57b1c68aeaa446c1af75b20c5b4dba60b87be09071600aa07a08e8f17a42f3e1fbeb9f55a14af5bc92cbac96c36e1d6bfcfc7c4492343f63deb2b2b157bfdb22ca3b2b21645c515282828436161390a0bcb51565e059fcf58c5e0ac5befc7b0b967f0a226a57800c4db24d1d5f62fdbeb01180e36fe14261b5e7f968d7f0f5d75cdf9216dfc95260802323252909191828913861ff87b97db83e222270a0bcb5110f895b7a7082e1d0f2114aef999050029c9026034804d87fee5a12618220e52dcbeff7d871cfb6b0ca2072ef8d349983d479febf25ba32c183cb80f060fee73e0ef5a5a5c58bf610756adcac18e9d7b75375c54b2762564af1782990b2b9162268005004542cdde3df8dfc37770dcbf07e69c380de75d30d750c71c1363c5cc19133073c6045455d561d9d7bfe2a79f7ed3cd1c82d6fa5a54ecc8813876222f7052ca616d7b7beb008c674e144a0da5c5f8f6d66be0696a6418dd74f4f409b8f2eaf30c9d415a5a122eb6cdc583f75f8363664d84c9a48f1588b8001629ecb0b6bdbd02803d0014320da5c5f86ae19fd15856c230bae9a4536662e1a2cb60369b1806fc85c0bccb4fc36d8b2f8328a668fe78f6fdf40db7bf262575de0360773813010c664e140a6cfc7bce76f1a9b8e2ca73b9035f3b860eed87bbef9c8fe9d3c769fa386af6ee41ee775ff2849252fad81dce8cb67f71e8478bf100f88e43bdc6c6bf67cc6613aebbe14f38e78f27308c4ec4c45831ff2f67e28fe7ced6f4716c7cf339f83c6e9e5052ca41bd00ed150044bdc2c6bf67a263ac587cfb15386ef6548611a4534f998e8b2f3a49b31b1335941471454c52d2416dfca10500c7ffa957ea8b0bf0351bff6e4b4e4ec0ddf75e8b49478c6218dd3467f6649c73f6f19a7dfd9bdf7d199e96669e485242a73d002c00a8c76af373b1ecaff3d0c0c6bf5bb2b2d371df837fc5b061dc80b3a74e39793a86687467c2e6aa4a6cfbef3b3c89a4040e0150e855edde89650bff8ce62a27c3e88699b38ec0438f2c445636d785ef0d9349c0157f3e1d168b3617d6c9f9cf9b68adabe589a4701b6b77380fb4fb07fe607738b30124331fea2ee7f62df8faa6bfa0b5b68661042921210e0b6ebe1437de74896a76f5d3ba3e7d3270f659c769f2b5bb1b1bb0e5dfaff22452b8c50218b8ff3fdaf6000c6136d45d659bd6e19b4557c2d550cf308274e4e4d178fca9bf61c6cc490c23c44e9a3b0d43353a14b0fdc37fa33c67234f2285dbe0fd7f6001403d56b1630bbebded3ab89b9b184610fa0fc8c26d77ccc7ad7f9f8fd4d4240612062693803fcf3b4d93afdde77563c5dd3773188dc2ed405bcf02807aa4ae702fbebded3ace5e0e42525202e65ff5473cf6e4221c71e4680612667dfb8a076d2ca425cd554eacb8fb66f8bc5c1b80c266f0fe3fb000a06e6bae72e29b5baee6987f17a2a22c38fbdc3978e6f9db30f7e4193099b8a4af52a64cd6eee394e5391bb1e6d9477812295cdaed0118ca5ca82baec67a7c73cb3568282d66181d100401b38e39124f3d772b2ebae434c4c6c53014854dd6700100003b3f7d1fb95f7dca1349e13078ff1fda6e07cc1e00ea94cfe3c6f777dc88ea3d0e86d181d16386e2b2796762d8703ed31f4999622a060eccc2be7d659a3d86554bee45cad0114897c6f08452281ddc036077382d00fa3317eacc9ae71e41d9a6750ca21df109b158b8e832dc73df756cfc5562ea646dcfb7f0ba5c5871d7420eb551a8f5b53b9c56e0f721800138b83780e820f9df2fc3ce4fdf6710ed1834b82f1e7a7421a6cf98c8305464c2c4e19a3f8686b212fc78efdf207bbd3ca1142a26f8dbfc030500bbffa9437505f958f9f83d0ca21dc71c3719f73ff457646571253fb5c9484fd1c571946c588df5af3dc5134aa13404f8fd533f0b006a97a7a5052beeba89cffa1fc26c36e3f23f9f89934f9dc530542a26c68ae8682b5a5b5d9a3f96adefbd0971d4040c3af6449e580a85c1007b00a80b6b9e7910d5f9bb19c421aeb9fe4236fe1a909292a09b63f9e5d13b5157b4972795426108c002803a51f2db6aec5af6318338c4f917cec5b1c74d66101a909292a89b63713736e0873b6f82b7b59527967a6b30f07b0190cd3ca82dafdb8d5f9fbc8f411ce298638fc4f9179ec42034424f3d00005093b70bbf2eb99727967a2b1bf8bd00e00c263a488efd35d415b2bbb12d69e4605c73fd9f188486a424ebab000080dd5f7f06c7d20f7972a937d2011600d48efaa27ddc9af410822060fe55e76a76bf79e39e387d1ed69aa71f40a5633bcf2ff5140b006adf9ae71e81d7a5fd99d3a174ec71933178483f06a131f5f5fa7c7ac5eb7663c53d37c1d550c7934c3de12f00ec0e672c8058e6410050e9d88ec25f7f62106d44455970e1452733080d6ad0690100000d2545f8df837f872ccb3cd1d45db1768733d6047efaa73672d8f57f98b927cf4046462a83d0a03a1d17000050b8ea47383eff80279a7a229d05001d50bb2f0ff93f7fc7200ec1257eb54baf43006d6d7aeb05785a9a79b2a9bb5800d0ef72ecaf013e1f8368233e3e16c3470c64101a658402a0b9ba02db3ef8174f3675170b00f26ba9a9c69e6f973188438c9f30022693894168506bab0b2e97db10c79af3fe1b68adabe549a7ee6001407ef93f7c059fd7186f96dd3171d24886a051fb0aca0c73aceec6066c7ef7159e74ea0e1600e497fbdd5286d08eec3e2243d0a8ddbb8b0c75bc3b3fb1a3b1bc94279e82c5028080fae202546cdbcc20da91acc395e48c2237b7d050c7eb75bbb1f1ade779e229582c0008c8fbee4b86d0011600da959b6bac1e0000c85dfe396af37379f22918e92600f1ccc1d80ad7fccc10da613299909018c72034a8dc598dbafa46c31db7ecf562fd6b4ff302a060c49b00443307e3f279dca8726c6310edb058cc10049d2e26af7346fcf4bf5fe1ca159c0b40c1883601b03207e3aa726c87d7cdd9ffed71b9dc70bb3d0c428376ef36d6f87f5bb22c63ef8fcb79115057acec0130b8f2ed9cfcd7998606fd2f24a347db77e41bfaf8f37ef89a170175259a0580c171f67fe71a1bb8c4aad65455d5a1acaccad8f7f58e2d682831ee30080585430046575f54c0103acbc78013c9b4cee89ffef7cb5bf11543a0ce7008c0e81a2bca1942274a4b2b1882c66cdb96cf10e05fdd93a8131c023032d9eb45734d2583e844c13ecea6d69aed3bf2180280aadd3b5157b89741504738046064cdd595dcfdaf0b2c00b4a5b8d889da5a0edbecc75e00ea0487008cacb98adddb5d6101a02ddbb6e7338436f2580050c738046064326486d085aaaa5a4e04d410160007abc9cf85abb19e41507b3804606426c1cc1082b06deb1e86a0013e9f0f3b7772ccfb50357b7633046a0f87008c4c309b18421072b6ec62081a90975782961617833844f51e0743a0f644b305303093893d00c1c8d9cc02400bb66de7ecfff654e7b100a0f69900b43206839efc6876fe04a3a8a81cd5d5750c42e5b673fcbf5dd5b92c60a95dad2600ec3333a8b83491210429670bc751d5aeb0c8c910da519dcf6b97dae5620f808199a3a3119d94cc2082c06100756b6c6c466323f76d688fbbb1010da5c50c820ed5ca02c0e0e2c56c8610044e045437a36ffed3154e04a4767008c0e8e2c42c861004a7b31a65655c3659adcacaaa1942276af258c0d26138046074c9fd07318420711840bdcacad903d09996ba5a864087e21080d1654d9cc21082c48980ea555fdfc4103ae175f16d9e0ec32100a3cb9a38193071398860e4e4b000502b2e6bdd391600d40e0e01189d35210969c324061184da9a7a6e0e449ae475f1731e1d86430004f49938952104894f039016795b5b18021d8a430004644d6201102cce03202df2b107800ec7210002b226701e40b0b6e6ec86cfe763102a939418cf103ae1610140876b3501e066e706674d4844faf0910c22084d4d2dc8db53c4205466d0402e68d519af9b9ff3e8308d26005cdd84903de9288610a42d5c0f4075060d6201d0199fdbcd10e850952c00080090cdf50082c68980ea9396968484845806d101eef941ed6001407e5993a6c212c771d460ecd89e078fc7cb2054662087013a1497ce9d3fe9302c00c82f2a360e434f38954104c1e572c3b1339f41a8cc5153c730840ec4a66732043a140b00faddc8d3cf670841daca55015567dab4b11c06e8007b00a81d2c00e8776923462163d4780611043e09a03ed6280b8e99358941b4232e833d00741816007430e98cf31842100a0bcb18820acd993d192693c0200ec11e006a070b003ad890d9a7c01a9fc820ba50565a09b7dbc32054262d2d09938f1cc5200e11c302800e5769b24962338066664100608989c1d0b9a733882ec8b28c22f602a8d285179e88b8b8180611200802e2d2331804b5d56c93c4e6fdebbfb217800e90cee064c0601414b00050a3d494445c649bcb200262333261b24431086aab12005800d06152070f47e6b8490ca20b8505dc1a58ada61f3d0e471ec1e5ad01401c339121d0a1580050c7a4332e60085d28640f80aa5d7ae9c9484c8c337c0e2ce6a91d071500fc284307197cdc5cc4a6a533884e14b00740d59212e331eff2d32008c67e2a800500b5a314f8bd00c8631ed496d96ac5f88bae60109de09300ea3769e2085c7cd149c6bd8fa3a391c69d3ee970f9000b00ea8474c68588cfe4faea1de19300da30fbf82371ced9c719f2d833468e83c9cc098074983c80050075c21c158509975cc5203ac10581b4e1f4d36662ee1f8cb7e575e6b82378f2a93df9c0ef05c01ee641ed197ecad948ec3b804174a0a8b09c2168c405e79f8819338cb5d475e6583e0140ed3aa807a010000733e93026b30593e65dcb203ad0d4c835b4b44210803f5f7e3a264e1c61987b57e404403a9c0fc03e205000d824d103a080b9507b86ce3905c98387318876b4b4b8188286984c02aebce24c6465a5e9fe58fb4c998ee8c4649e743a54914d12ddc0ef3d0000e70150474c261c31ef3ae6d08e96965686a031b1b1d1b8f69a7361b5ea7b72dcf03f70496f6ad781b69e05000565e03127206d04375939147b00b4a97fbf4c5c7af1c9ba3d3e4b5c3c06cc9cc3134dedc9dfff0716001414411070e45f6e601087600f8076cd98311e03fa67eaf2d8061ff70798a3a37992a93dedf600f04900ea54bf69c740e4ace283b4b6b20740cb468e1aaccbe31ac6ee7fea58fefe3fb00780ba65d2e5d7308436a2a22c0c41ab0401eb37ecd0dd61c56766237bc2149e5fea08e70050cff49d32834b8bb6c17de7b5abacbc06d55575ba3baea1279c06984c3cc1d491fcfd7f387095d824b10c400db3a1ae8cffd35f1842405c5c2c43d0a84f3efe4197c735e484537872a9234d68f3c8ffa165e216e6435d1974dc5c24f6e9cf20c01e00ad72b9bd58b3769bee8e2bb1df40a40e957882a9235b6d92e8dbff1f8716009b990f7545309b31f6c2790c02405c3c0b002dfa75f5565d1ed7a0634ee0c9a5ce1cd4c6b300a01e197ef2d9b0c4b0fb9b43005a24e0fdf797ebf2c806cd6201409deab400e0100005c56cb5226b22671aa7a426f262d0983df9c5ba5dc02979c8709e60eacc416dfca105400e0099195130fa4d9d6ef80c060deacb0b414b04012fbdf4b12e0fcd1a9f88a8d8389e63ea4cc73d003649ac479b4704883ad367f20c431fbfd96cc28081d9bc103464d7ee225454d4e8f2d8e2447dae6a4821536293c4cab67fd1dec3a29c07404149193414716296618fbf6fbf4c2e04a429025e7af923dd1e9d252e9ea7983a7358dbce02807a2573f404c31efbe0c1ecfed7921d8e7dba5cf867bfd6ea2a9e64ea4c500500270252d062d2d20d7bec8387f4e305a019025e7e599f63fffb355757f23453670e6bdbd90340bd12939266d8631f3761042f008dd8ba3d1fb5b50dba3e464f4b333c4d8d3cd9d491a07a007603686656148cd85463f6006466a561087b003442c02baf7c6288232ddbcacf6fd42e0f80ed87fee56105804d12bd00f4b94c16855c8c410b80a3a68de7c9d7884d5b72515f6f8c4fc6a5bffdca134eedd96193c4c316bfe868cba855cc8b82e1f3790d79dcd38e36eee4472df1fa64bcf8e2878639de920dab79d2a93dedb6e91d1500bf302f0a466b4db5e18e39353509d2c8413cf91af0df0fbe87cbe536ccf156edda8eda7ddcd99d0ef3737b7fd95101b0927951305a6a8cf7e8d1ac638f8420083cf92a5759558f6fbe31d627625996b1edbf6ff3e4d3a1dafd50df6e016093c402b4d93398a823462b00a2a22c38fdcce378e2554fc0134bec863cf2dc6f3e470bd704a0df95da2431b7bd7f3075f23f711880bad4545166a8e33d7ece51484d4de28957b9d56bb7a1b4a4c290c7ee75b9b0fd1363163fd4ae0edb721600d42be55b3719e658cd6613ce3a7b364fbacab9dc5ebcfaea2786ce60e7a7efc1d3d2c28b81800ec6ff011600d40bb5fbf20cd5d53863e62464661977e123ad78e38dcfe1f3197b53d3d6ba5aecfeea135e0c04f4b0076033007d2f9d45bd52b679bda18e373e815badaaddde0227d6acddc620006cfbe01dc85e633ea64b073401f8ada37fecb000082c08c4874aa943659b8c55002cff6a25766ce723566ae5f6f8f0d0436f328880fae202ecf89473010c6eb54d123d1dfda3a98bff99c300d42eafcb85c25f7f32d431fb7c3e3cf5c43b8659554e5304ffac7f233df31f8cdfde781ecdd5c69c0c49003a19ff075800500f15ae5a015763bde18ebbb2b216cf3ff31e64d9d863cc6af3f5f2d570ecdccb200ee16e6cc0bae71f6710c6d5691bde5501f02b001f33a443ed5efeb9618f7dfdba6df8e2f31f7911a844514915fef39f6f194407f67cb714a59bd63208e3f1a18b65fd3b2d006c925807601d73a4b65a6aaa51bcc6d89d43ff7ee74bec72ece3c510616e8f0f0f3cf03a83e8c2af4f3d009f97c32306b32ed08677c814c437f98a39525bbb967e009fd763e80cbc5e2f963cf10e1a1bb97376c408029e7cca8e961617b3e8426d7e2eb6fff75d06612c5db6ddc11400cb9823ede76969c1d60fde6110009ce55578fe59ce078894af97afc6ce1d1cf70fd6a6775e4493d3582b771a5c976d773005c01a005c589a00003bbff82f5a6b6b1844c0dad53978e3b54f1884c27edbb49be3fedde46e6ec29ae71f6510c650057fdbdda92e0b009b24fa002c679ee475bbb1edfdb718c421befaf2677cf8df6f188442f6e497e2d967ffc3207a60ef8fcb51bc6e1583d0bfe581b6bb53a620bf19e70110762ffb184d95e50ca21defdbbfc277dffcca20c2cc59518bfbefe7a4bfde58fdf403f079382150e7826ab3832d00be06c0814e03f3793dd8627f8d4174e295973ec49ad55b184498d437b6e08e7fbcc8207aa9ae702f72de7b9341e8970c7f9bdda5a00a009b249602d8c85c8d2bef9ba5682c2b61109df0af14f82f6cdb9acb3042acd5e5c16db73d078f876bdb87c2e6775f4643693183d0a78d8136bb4ba66e7c530e031895cf87cdff7e953904c1edf6e091075f477e5e11c308118fd7877fdcf9129a9b5b194688785b5bb1e6d98719843e05dd56b300a02ee5aff81a75857cdc2a584d4d2db8e7ae17b8715008b8dc5edc71e74ba8acac65182156b0f20714aee28a963a1496026025803a666b2cb22c63d3bf5e6610ddd4d8d08c7bef7e11ab7fe59c809eaa6b68c1cd8b9e82b3bc9a6184c9ba5796701d0b9ddd36f0b7d54109ba00086c29c8076f0d66efffbe454d3ec7b47bc2edf6e08947dfc2d7cbb8a75677959655e3e69b97a0a9a9856184516d7e2ef6fdc4475875e4dbceb6ff3d94a99bdffc33e66b1cb22c63f3db2f31885e66f8da2b1fc1feee970c23483b1c05f8fb1d2fc0e7e33e644ad8f8f64bec05d08f6eb5d1dd2d003e01c085b70da2e09715a8dee3601021f0f187dfe1b9a7edf07ad9a875e697553978f4512e35ada49abc5d28f8f97b06a17d2ef8dbe8a075ab00b049622d827cbe90b46fd33b2f308410fa71c53a3c70efcba8a9a967188711f0e1273fe2f5d7d9c918917bfded17d90ba07d5f07dae8a0997af043de67cefa57b07205aa76ed601021b665f32e2c5af018d6afddca30021a9b5af18fbb5ec6974b39572252aa7277a270e50a06a16ddd6e9b7b52007c06803373746ef33b9cf91f2e75750d78f8c1d7f1eacb1fc2e532f692aceb7f73e0af373e8ee262272f8c08dbf40e5759d4b016f4608e5eb70b009b24d6835b04eb5ae19a9f51b133874184d9f2af5662f1a2270db96890c7ebc333cf7d88e79fff8017824a543ab6735d00ed5a16689bbbc5d4c31fc661001dcbf937d7fc574a5161196e5ffc143eff7485618eb9a0a802372e78021b37eee405a0328ea51f31046dea519bdcd302e00b004dcc5c7fea4b0a51b6793d835090c7e3c53b6f7d8eeaaa5a5d4fc432592c104c26dc7df7cb6869e1c3446a54b4e667b81a384955639ae06f93bb7f4ff6e47fb249622380a5cc5d7ff67cf3054388108fc70bd9e783ecf3013a2a044c66334c6633bc6e37bc5e6ee6a3663e8f1bfbfef71d83d096a58136b9fbf7662f7e2887017428970540c4c9b20cdffe4240c34c2613cc160bbc1e0fbc1e8fa68fc548f257708a97c6f4b82dee4d01f025800666af1fcead9b505fb48f41a8842ccbf079bd9a2b040e34fc5e2f3c6e633fe5a045251bd6c2d3d2cc20b4a101feb6b867f76a4fff479b243603f89cf9eb47ee375c84458df617023e9f4fb57304044180d962f177f5b3e1d7349fd703e7b6cd0c421b3e0fb4c53d62eae50f7f9bf9ebe4a6f7b891ffc37206a166b20cd9e7fbbd574005c580c96c86c962812ccbf0b8ddecead789b22d1b188236f4aa0db6f4f2872f07b00fc0409e076d2b5cf5135aebb9e77a440942d05f2acbf281de0041100041f0ff1eee976832c164f27f6ef0f97c6cf075aa9c058016ec83bf0deeb15ef500d824d107800f8deb00bbffd5a1278db8dca667607fef802ccb21e9213099cd305b2c305b2c100401be40f7bec7ed868f33fa75cbb96d33f70650bfd7026d70cfefef10bc88d701f09d40c35aeb6b51f8ebcf0c42050453ef6fc90305419ba2e0c01c82b6bf6419e6a828ffd87d60fcde6436fb5f8320409665783d9edf1b7c6ecf6b189e9666b454573108f5f2c2dff6f64aafdf6d6c9258082e0dac69e59b37c0e7e1a42db5085b577e60d8e0c02f9f0f1e97cb3f761f18bff77a3c9a7cf28042afa9a29c21a8d7b240dbdb2ba610bd9857783eb4abc2b18d21a888bf1740307c0e1459cd952c00542c246d6ea80a80a5008a794eb4a9920580ea082616001459ec0150ad62846825de9014003649f4027883e7459baa76b100501b411042321f80a8a75a6aaa19823abd1168737b2d94ef30af01e0b4518d69aa284773552583502141a147fb88da638ab23004f59111c227ef425600d824310fc0b73c3fda525f5cc010546cff8c7c22a599ad5686a03edf06dada9008751fe3cb3c3fdae26aa863082a673299d813408a3347453304f509691b1bea02e053009c39a221ae06eee7a40582c90441e09c00528ec9ca024065cae16f6343778e43f9cd6c92e806f01ccf9376b007403b0493c047044931d6f80486a02ecf05dad89009c7478ae701702f498d7035d433040d1104012693001601146e2943863104f56886bf6d0da99017003649ac00f026cf9736789a1b1982d608024c66ce0ba0f0b1c4c523b12ff778539137036d6b48856b50f109005c4b5403a2e2d8cda7550776e663214021963e7c240b4cf5f0c1dfa6865c580a009b24ee4688272b50784427a732042d1304ff53029c1b402194367c0c43508f4f036d6ac885735af1633c6fea179dc202400f8403c3022c04a8f7d2a5d10c413dc2d69686ad00b049e24a00ab78eed42d26398521e888600a14021c1aa01e3299a3d07fda310c421d5605dad2f09ceb30bf78f602a81c8700f449683334c0b15cea8efed38f41343f18a84558dbd07017009f00d80d52adb8349121e8d8fe4d854c66739b62800501756cf84967310475d80d7f1b1a36612d006c92e803f024cfa37a4527252321bb2f833080df8b01657b060408073636626f84bac5a4a4a2dfd1b318843a3c196843c34689b545df04c0ede6542c63cc44866030fb8b81b60db32008107add3b201cdee0b3cdd78c21734e83c91cc52022af120aaca713f602c026894d08d3338c141a9963c63304f213707851d0ad5f6083af552613a4d3ffc81cd4e18940db19de53aed0c13c0da002a44a19a3d90340647443669f8c94c15cfe57052ae06f33c3cea2c40fb1496283dde17c18c0a33cb7ea933e6214cc5151f0badd0c43617dfa8a18337618c68c198af4f464dd1fafc964c2638ffe15bb761762e5cacdd8b285738455715ecc164c9a770d835087876d92a8c836ad16050fea79003703c8e6f955d9cd6f89429a3406cead9b184618c508264ccd163169c80058668cc1983143919c9268b81c52531270d49451386aca2800026aeb9b909b5b88efbf5f871ddbf30000322f17450d3de94c24f51bc42022af1461d8f4a7238a150036496cb23b9c0f02788ae7587d061c7d2c0b8010b20a0286444563745c3ca68819181e654572a30b9065c8751e34cce0b08b9f8ce4c4581c3969048e9c3402a6ca0664bcfe1df6c459f0e5be42acaca941bdcfcb98c2c81c158589975ecd20d4e14125c6fef7b3287c702f01b805403f9e67751932e7546c78ed1906d1939b48103028ca0ac91a03c91a8331f109e86f32c3b4ff636cab0cb4b61ef87aa1be09f0fa00b3c99881759665532b2c2d6e482d6e4809e958909881ead438ac69acc7177b0b90eb6a65ef408849a79f8f84ac3e0c22f28ae06f2395bbdf94fc6136496cb53b9cf743c12e0e0a4e429f7e10c74e642f4010ac82800931719812138f51d131181a158da8439f6fefac9592015375037c19490cf310a6c69643b292915ad5889360c249d983e08eb3222fce82a57b0bf14b75151a7ddc74b4376252d3309163ff6a71bf4d125b95fc8196081ce46b001603e08093ca0c9d732a0b800ef4b144616a6c3ca6c6c463424c1cacbd5cd046a86e0058001cc6dcd8f9fb5f54930b52930b527c1a1624a6a3262d1eab1b1bf079de5eec71b51a24a5d039eada5b109da8ffc9a71ab017feb651518a1700364974d91dce7b01bcca73ae2e838f3f096b9e7f04b29763ae51828009d17198121b87a9b1f1e867b186f4fb9baa1bc094dbc9e5d01e804e083e19a9150d3819c0c9d983e08e8f465e9c055fec2dc02f55556862ef40a7fa1f350b434e389541a8c3bd36497429fd432d113ad8b700dc06800f9daa484c6a1afa1c310dc5eb561af2f8b32c51981a138f29b1f198141387e8302e5b2b54d7f3826b87a9b1e79fe2a31a5b2135b6e2a6b8342c4cc840755a3c7ea8acc01745c528f5f011d7b62c31b1387ae13f18843ae4c2df262a7f1d44e287da24d1637738ef01f036cfbdba48a79f67a80260843506c7c525e2a8d8780c88b22af6734dd50d2a4e25727a5300b425f87c48aba8c71f118d3ff61d82baa4587c5f5385afcacab0d7edd2784abd37e92fd7239e13ffd4e21e9b247a22f1832d113ce877e15f1780cf43a9c8a0597390d46f10ea8af6eaf618934d66cc4d48c689f14918a860a3df96c002a05de66e0c017447525d33ce36c5e2ec3e83d1106fc58ada1a7c5b510187abc5704f1588a3c763cc3917f16253874df0b7851111b1e79002bb1c2de0f957199309632fbc5c778765154c98159788fb33fbc3de7f18fe929211b1c61f004c551c02683797c6f04fe44b6874e1744b1c96640fc48723c660419ffe98101307233c941993928ae3ee7a1c82d9cc8b4d1d16847bc7bfce08b21cd9fad7ee707e08e05c5e07eae175b9f0e14527a1b94adb9b380a0026c6c4e1c4f824cc884b40aca0a2b7f8280bea1fbd22e22fa3be52d9732c984c903b999c97fde86730b544a68bbe35ca8c5f1aeaf1756d15b6b434e9ae6740309b31f7d197903de9289d1d99667d6493c488eebe645141088b009c06209ad7833a98ad568c3ee722cd2e0c3420ca8a13e39330273e091966355ce2ed707b2034b4404e88e1051720787d116bfc0120daedc59ce838ccc98c4343b405cbaa2bf1554d158a75328170f2950bd8f8ab472bfc6d5f4445fc23914d12f3c0ed825567e4597f82252e5e33af374630e1f484143c9d3d102ff7198c0b92d2d4dbf8efbff9f824c0c17934a9e739fe84560fce8f4bc66b7d87e08d31e370464a1ae24dda1d24183ce7148cbd407f437b1af644a0ed8bec3da792301e807f130452096b4222c65f384ff5af33dd6cc19f5332f04ebfa1b82e2d1323acdaf944cd8980073335a873219fec0617ae4dcac07f0749787afc781c1597a0a9f90229434660e6a2bb7981a94729fc6d5ee4ef3935bc88c0d687b7f1ba5097b117cc53ed1ae143add158949e8db7fa0dc105496948d0e0a7334e043c248fa61655bf3ec1ebc388da56dc93d1171f4b637163ff81181ca5ee914b6b4222e6dcbb049698585e60ea719b52dbfd7679cfa92894b700ace3b5a11ee6e8681c39ff46d5bc1e01c094d8783c98d91fcf650fc209f149304350cdebebf6f1b007e0e0ebad513b4bf95a5bdc38d9148317fa0cc25bd268fc213e09164165d7a2c98463fffe1012fb0ee0c5a51eeb10a1457fdabd44d4f2426c9228838f05aace90134e45e6d849117d0d5641c0c909c978b9df10dc2bf6c3a498385d64cbc5800ec9a351dd3d001dc96cf1e2a6f46c7c307c34aec8ee8b64933a1eb13be2f26bd06fda31bcb0d46541a0ad53c73da7a6646c92f80b80f7788da8cbd4ebfe0621029f6e924d665c9c9c8e7f0d188e1bd3b2d0df1ca5ab5cd903703093867a00da13ddeac179d604d8078dc003a3c744749d8901336663fc2557f1a25297f7026d9c7aee391586b4184013af15f5c818351ec34f3e5bb19f976a36e3bab44cfc6bc0305c929c8e440d77f3777af3f1298083686908a03382d787231a3d78a9cf60bc3c6e3c26c728fb344d52ff4138e6b6fb2352b453879ae06fdb54457505804d12f701b88bd78bba4cbdf66f619f10186b32e1b2940cbcd57f384e4f488145e76bb40a0d2d80dba3ef83ec06ad0e017466405d2beecbec87f7468fc3a949a9bdde46ba2b51f10998f3cf25888a4fe005a52e7705da3675dd732a0deb4900eb79cda847547c0266fced9f61f9546111049c93928e77074bb025a5214a36ceeaec9c07d0260b9df400b427b9d1851b5244fc77d8685c216623350c4bf15a626270e203cf21793037595599f5f0b769eabbe7d4f8a26c92e805301f003f1ea9489f23a761d4d9b6907d3f01c0dcb474bc3b7c34ae4a4a47acc778fbb7b3006893858e0b80fdac2e0fce8b4dc23b8346e0cabefd42b6e5b4c91285e3ef790a99e38fe085a42e1e00f3036d9afaee39b5a66693c48d001ee7f5a32e475eb90049fd07f5fafb1c9d928a7f8d9d808509e9486a356e9dc78980bf334201b09fd9e3c3b99678fc67d4389c959dddab592e26b305c7ddf928fa4d9dce8b487d1e0fb465eabce7541ededd0076f11a520f4b4c0c8eb9fd0198a37a36237f444c1c5e1c3b0e77258948abd7df986fb76f404e04f4e7d0ec82e0335e0f90b5b115ff674d827dc2244c4a48ec417026cc5c7c2f06ce9ac38b487d76c1df86a9f7be53f38bb349620b80ab00c36dd9ad6a19a3c663e62df776ebff49355bf0d0c851783ab33f06d5bb749a4cf7b107c0cf489ffedb935cd38407d3fae0854993906d09beb89e7ee3df31f4c4d37801a98f0ce0aa401ba6defb4eed29da24710580d7783da9cb90134ec5c4cbaf09ea6b2f1c32186f0f1d8989cdc6fb84d7e50d5815d90240309994fdd5c198b79a36028aa4c1554d787dc030dc35766c979b0f4dbefa6648679ccfd0d4e9b540dba5eef71f8d84f9370025bca6d465d2e5d760e8091d7ffa1826a6e3cda3a7619ed70a4bab3eb6540db548f700c83e9fa2bf7cdef6e742991b381c74e09af0fa7074bd1bef8f18833f0f1dd2ee72d7132ffb3f8cbb90bbfba95409fc6d96ea69a200b049620d80eb795da9cf8c5bfe79d852c12693097f9b3d1dcfa4f74556713543eaec06ac69e00017d803d01e73b30b1778a2f0feb80998d8666beeb1e75d8a49f3ae6540ea757da0cd52ff7da795446d92f811808f796da98b392a0ab3ef7d0a097dfa010046f6c9c4bbc7cec49cdc4a087c53ef9ad707a1aed1f03198d803d0a1f8ba663c24f6c7a2112330f2d47331e55a4d7cb834aa8f036d9536ee3b8d857b2d0027af3175894949c5090f3c8705c74ec793c95948d953c650ba73137222a0e127017649967142ab80076b2b915856ca3cd4a902fe364a3bf79d965eac4d124b015cc1eb4c5d926b9cb8f4e3d770523e3ff5f7049f0400ccbc6e82125b508253ffb110a37f5cca30d4e78a401ba5195aeb01804d123f07f002af35759076afc549772e42fcc69d0ca3a737210b000e017483e07263e21b6f60eef3f7c1e4e1e45a9578c926899f69eebed368d83703d8ce6b2e92178e0fb3567f84231e791c268e61f70a7b003809b027d2d66cc499f72f446c7d0dc388ac9d006ed2e47da7c5176d93c4660036005c512602ccb217272c7b0dfd5fb2437071bb865edf842c0074b315b0d262f24a71da3d3721ad44751bcd19851bc0453649d4e416f65aed01804d123701b88dd79fb2ac3e174e79e731a4bfff35e0e3f36b21b9090dbe1cb0e0f142e03a113d66a9a8c389f7de8601db37300ce5dd619344cd06afd90220e04900dff01a54467c6b3d4e79ea2e247cbf96618490d18700f8044008326c6ac58cc71fc6e09cd50c43393f00784cd3d78d965fbc4d12650097c3fff80585515a6d194e7ef076c46ee2de4ca12634b51afa13300b80105d471e2f8e7a660986ec5ac730c2af1ac0653649d4f4fae65aef01804d124bc04703c32ab3721f4ebcef7644e57335e67031722f80b9914f00848aa9d58da94f3e892179bf318cf0bada2689859abf5ef47026028f5fbcc86b32f4629beb70ec130fc2e4ac6518e1bc110d5c00b00720c47936b562ca92279156ce898161f2a64d12ffab8b6b454727e526009b796d868ee0f3e20fcfde0f4b11175f0c7bd655c69d0868620f40c8996b9b70fc93f7c3e4e5533a21b61dc00dbab9f7f47220814703cf0550c36b34348e7bfb59c46dcd65104adc88ec01a010b39654e2f8f79e6110a15307e01c9b24eae666d5530f006c92980be012707fb55e1bb2752db257fc8f4128c4d873005800844be6b72b3174e71a06d17b3280cb6d92a8ab254f75550000804d129702b897d76bcf595b9b31e50d4ea950f44634f05a001c02082359c691afbc08abab9959f4ce433649fc4477f79e4e4fd63d0096f19aed99199fbe01730527fd29c9c83d005c0638bc2c157538fefda71944cf2d0770872eaf0d3d1e944d127d7687f36200eb010ce1f5db3d191b36310485996a9b10dd672c6052b62617d222ffc9d0d2f2352f80304bf9750bcc1779e1359b1946f7ec857fa95f4d3fefdfe1bda7d7b36693c46abbc3792e80950062791d0727b9a61c96d24a06a1349f0fd1d66c202b4bd11f1bad82e396ebb99954b8991a5b30f6b7e5d83ce5148611bc1600e7da2451b76f887a1d020000d824712380ffe3751cbcc1399c301431a5e5c63be6ba3ac0a7cb0f57aa3370f52f0ca17baed1f23affc1d07501000036497c1bc0f3bc968393bd6d0b438894b232e31d737535cfbb42e2b6e4723260f05eb049e29b7a3f48dd1700010b01ace235ddb524079ffb8f98d252e31d73750dcfbb424c2d6e4c58f32583e8da2a000b0c714d18e1206d92e802700e807c5edb1d4baf2882b9a2864144885c66c02180aa2a9e7805f55dfd2b43e85c3efc8bfdb88c70b046e901804d12cb009c0aae14d8a1411cff8f2cf6005098c5eed887b8263ee2db811a00a706da0a43304c0100003649dc0eff72c1c6dd7bb51359db73184224197012a0cc1e0045096e2f26aefa9c411cce0dff8cffed463a68431500006093c41f00cce7f57eb8c49d1cff8f28434e02ace1795758e6ea750ce170f3036d83a118ae00000e3c19700faff9366f0ac57930d51877353a55686a02ea0db624309f02505cccee6224d71ab0d8ecd83d8136c1700c590000804d12ef06f00eaf7dbf415bf9a940158cd60b50c502406982cf87093f731820e09d405b6048862d0002e60358c17b00c8dcc1f17f5530da3c00f6004444c6da8d0cc1ffde6fe8e1604317006d1e0f34d4c48f4309b28c78471edf0ed4c0684f02b0072022a2f796412c37f43dbf1d067adcaf2346ef01804d126b009c06c0800f61fbf52d74c054df64f44b41150cb51640730bd0c2ad802373a1c918f7f352a31e7d3980d302effd8666f80200006c929807ff1a0175463cfe01396b7911a88591e600b0fb3fa252d71b72d9ef3af89ff567972758001c6093c4f5f0f70418eea3b0b86d1b2f00b52831d010000b8088b2165522b36cb7910eb909fe4ffeeb79f6fd5800b46193c49f019c0da0d528c72cc85ec4eddecb93af16461a02e0f87fc449eb5718e5505b019c1d788fa700160087b049e237002e04e031c2f1f6dfb30d42b361ea1df5abaa02dc0659a8923d001197966388f9cf1e001706dedba90d1600edb049e2a7002e03a0fb8dca076dd3f576d7dae3f3014ea7318e953d0011179b5b0c8b57d705a70fc06581f7743a040b800ed824d10ee06a00b29e8f336dfb569e6cb531c85a00327b00224e687563e4969f747b8901b83af05e4eed6001d0099b24be0ae026bd1e9fd9e346ecee7d3cd16a6394b5005800a842ff8dabf57a683705dec3a9032c00ba6093c42500fea1c7631bb47b33049721a63a688b511e05e410802a24ecd4e51371ff08bc775327580004c12689f70178446fc7d57f1b9f865123c32c06c41e0055882aa98658a1ab9ec04702efd9d405160041b249e262e8ac0848dbe1e08955230e0190c2a40dbad909f791c07b350581054037042e2c5d0c07585d2d88de53c093aa46469804e8f301b5865c785395d27374b119d83fd8f8770f0b806e0a742d2d84c69f0e18b47303048f9727548d8c3007a0ba069075fd808da6c4388a60f66af6fd4006b090ddfeddc702a00702934bae8286d709e8b76d234fa45ab5b6023535fa3e4676ffab8aa9c50569872617c9f301b88a13fe7a78de1941cf041e2fb9041a5d313075c74e9e44352bd5792f009f00509dfebf69ee71400f804bf8a85fcfb100e885c00213e741637b07443737217a6f094fa09ae9fd4900f600a84ee2f65c2dbddc5600e771919fde6101d04b812526cf808676111cba738d7f1216a997de9f046001a03ad6e22aa4d468e2ba6b02700697f7ed3d16002110d864e224f8f79a56bdbe5b37f3a4a99cded702903904a0c2932263f4fa6fd5fe2aeb009cc48d7d428305408804b6999c0340f5efdc293b39feaf7aec01a008c8d8a2eac701cb01cce196bea1c30220846c92b81ec0d10054bbc7667c430da20a0cb4e7bc5671122045404c5eb15a5fda76004707de632944580084984d12f300cc00b0428daf6ff08ef57cfe5a0b38099022c05cdb84ccf23d6a7b592b00cc08bcb75208b10008039b24d6c03f27e01db5bdb6cc5ddb7882b4a0ba1a70b9747c7c353cc72a35749baa1e077c07fe317f5e3061c002204c6c92e8b249e26500ee51d3eb4ace555d754f1dd1f330007b00542b75e70eb5bc947b6c9278994d12755c0947160b8030b349e2dd002e07e08ef46b317bbd7cfe5f4bf43a0cd0d8a8efde0d8d8bcb8ff83c003780cb03ef9d14462c00146093c4b7e11f12a889e4ebe89bbf0d825b930b171a935e9f04e00440558b2aad41424355a47e7c0dfc5dfe6ff34c841f0b0085d824f107f82707e647ea35f4dfb58527424364bd6e0ac4ee7f955f7832866f5f15899f9c0fff643fddec4dac762c00146493c4edf03f261891bb2b75b78327414bf43a04c00980aa97b943f1f50056c1ff989f6a1fa1d62316000ab349621980e3013caff4cf4ed8b38f27404b4af43a0450a5cfe3d291f8dc02257fdcf3008e0fbc3792822c8c40798159add7d91dced5005e04101bee9f99525d06539526562aa6fd743b0450c373ab72d622272cee5678a2a2c3f9639a01fc1fc7fb23873d001114b8f0670008fb0217fd1d1b19b8d6943b75b96893cc3900aa27b8bd18ba6b5d387f441efce3fd6cfc2388054084d924712380c9009685f3e764ed52cdb3bd142cb75b9fdde57c0a4013faedd810ae6fbd0cc0e4c07b1f45100b0015b049623580d301fc1340583ef2257101206dd2e36240ec01d084c4ddf9a1fe9632fcef71a707def328c2380740256c92e8037097dde15c03e05f00524276923d2e580b74bebb9c5e95960163c7e8eb98d803a009317b43fa9e5103e0129b242e65b2eac11e009509dc2053006c0ed5f7ecbf270782c7cb70b5488f1301d903a009a6c6560c2808c9e3809b014c61e3afc273cc08d4c72689b9f0af17f06228be5f9f5daadee39b3aa1bbc5803c1ea0be9e275623066d5ddbdb6ff122fccff7e7324df5e110804ad924b119c0357687731980d70064f4f47ba5e7ee66a05aa5b739007c04505392f6f478ee5005802b6c92f81953542ff600a85ce0069a00e09b9e7e8f382e00a45dba2b00d8fdaf25b1853dbafebe0130818dbffab100d0009b2496c0bf99d0cd00bab58d5a7a45114c350d0c51abf4b61c3027006a8aa5ac0651eee660bfdc05ff7bd44981f72c523916001a619344d926894f00380a40d0eb65f7776c62785a5657073437ebe778d803a02982d787c1b9bf05f3a5db011c6593c4276c92a8bfd5ab748a0580c6d8247113fc0b07bd10ccd78bbbb9b786e6e96918800580e664e76eebea4b5e807f611f7edad0184e02d4a0c004c16bdb4c10143bfadaa4dd7986c945b7caca812183757128328700342769efde8efec909ff44bfcf999236b10740c30237de04001fb7f7ef565733ac453add52d6484a75b488137b003427a6a0dd1ea88fe19fe8c7c65fc3d803a07136492c0570aedde13c17c0b300faecffb7feb93980d7c790344e2e2b83a09783610f80e658ca6a607535c3658d05801200d7db24f12326a37dec01d089c00d3906c0ab08ec27d077d75606a3079c03401124f87c18bce73719fef796316cfcf5833d003a6293c41a0057da1dce7701bc9cb27bd708a6a2032c0028821a3332dd428beb7a9b24becc34f4853d003a6493c4150026542766fe2a9bcc0c44ebf4b41c305702d40cd96446e1e469bfe6cf3c2ef3c80bce67e3af43822cf3914d3ddbf1cfc72eccdeb2f1f5e4a28238a6a1516633841fbf054c1aafd7ebeb219f743acfa706d4f61bd0543a7ed25f46ddb9e87da6a15fec01d0b951772e7abf60ead1a97b8f3ee60bafd5ca40b4c8eb059c15da3f0e4e0054ffa566b562efd1c77c5130f5e85436fefac739000630fe96eb5d00ced876ff92a3d3f6ec7a3f6b7bce40a6a23165654056a6b68f81e3ffeabec4468fdb573574c48563febee057a6610c2c000c2470630fda79f723ff97b575f363c94505f14c45234acb8009e3b57d0c2c0054a9b6df80c6b2b113168dbcfb9617b31987a17008c08046de7dcb8b0553a727ed3966ce6b2d49c95c28400bf43011904300aad29294ecdb73cc9cd70aa64e4f1a79f72d2f3211e3610f80418dbfe53a1f80f9390f3df3f7e4a2828ffb6eda30dde471331895d2c36240327b0054c1678942f1c42357d5f61b70ceb85b6fd0d97ed3d41d2c000c2ef0063063db7d4f1e9b91ebb08b3bb7f5652a2a54c21e00ea3de7c831c515c324db983b16fe348071181e0b0002008cb963e14f00faedbcebe105d9399b1e482a298a652a2aa2872100f600444c5d9f7ecda5e326de3ef29ec54b343e959442887300e82023ef59bc64dfb499497b8e3de1a5c6749163026a51a6834d9db80890e21ad345f79e634f7869dfb4994923ef59bc8489505b5c08883ab4e5e16763e2ab2a5ecccad97c715c75257b8b227db32e5f0a242468f6f5cb175c041416f1442aa03935cd533a76e2bf1bd333ae1ebff8fa162642ed6101405dca79f8d984b80ae72b7d72369e1f535bc3b5852375b3befd3a307c98665fbffc875381c6469ec8306a494ef1968e9bf8416346e6fc718baf6f6022d419160014b49c879f4d8a7796bd919db3e9ec98ba5a0e1f297db33ef220306b86365fbccb05f9f83ff02486496b6292af74dca4cf1b32b3e68d5b7c7d0d13a160b05b9782366ef1f57500fe98f3d0331909e5656ff4c9d978aab5a19e858052b43c11901300c3c2151f2f978c3fe2ab86ccec79e36ebd4107134548492c00a8dbc6dd7a43058033721e7a262bb1ace49dec9c4d275a1b1bb4fe98baea697a2d004e000c29775cbc5c326ee28afaecbe978ebbf5064eaca01e6101403d165843606ece43cf64c4573a9f15776e3b37bec219c564c2a454c33d0055553c7f21d09496e1291f35f693c60cf13a7ee2a7de620140bd16e811f8d396479eb3c4d4d63c90b17be7ffa514ec4d643221a6e502803d00bd52d37f5043e570e9a5e69494db039b7b11f51a27015258ecbcfb91ab53f7eeb933c3b1a3afc06b2c34c40c089f7ea8cdd7fecebb905f7899e7b01b644140c5885125d58386de37f29e5b9e6722146a2c0028acb6ddf7c409c945054f656dcb196b76f3834baf984c10567c0358b4d771273ffd1cf0de7f780e83e08db2a27cf4b86d35fd072c1873c74ddf30110a170e0150588db9e3a6ef008cdbfae053524259e98b59db738e8baeafe393033de1f301e54ea06f1fedbd763e05d0a5d6c4245fd9e8713f366465ffdfd8db6e7470530e0a371600a488b1b7dde8003067cbc3cfc6c5d6d6fc33655ffebcf4bcdde9600f54f7949569b300e024c0f609022a870cafac1938f8cde6e4943bc72fbebe89a19052580090a2026f708b002cda76df93c72694973e20eeda713457180c925627027212e0415a9253bcce11a37e6dc8ccbe7dcc1d0b7fca602414012c002862023b10cedaf2c8b3d698bada3b530af6ce4fcfdd9525f87c0ca7235a5d0c883d00904d26540e1b51563360d0ab2d49c9ffe46c7e8a344e022455d976ff92a9f1ceb287c55d3b8e89adae62817aa8334f8770ebdfb4f59a7d3ec8c79ee09fc36040cda9691ee78851ff6b14b3168ff9fb82b5bc88492df8064baa1278839cb3e591e72cd1f575b7261517cd4fdfb36ba0a5b5852b0d02da1c02a8ab375ce3ef898e912b878ed857d7b7dfabad89490f8dbfe53a0f2f5e521bf60090eae53cfc4c5a4c6ded6d89a5c57f4adfb3abbfd965e09ed3410321d8dfd1d66bcecb837cf13cdd9f1aafd58acaa1230aebb3fbbed7929cfce0b8c53770dc83548d0500694ace43cf64c6d4d5dc9e5452747eda9edd7dcd6eb7b102888981f0fdd7da7acd1b7e837cfd025d9e0e6f5414aa860e2faeebd3efbf2d49290f70795ed2121600a459390f3dd327b6b6fa1f49c545e7a6e5edce32798cd1cb2a7cf9199092ac9d17fced7790effca76ef2f7592ca81a32bcacae6fbf8f9a9353ef1d77eb0d25bc1b498b380780342bf0c67b2d806b731e7a7a406c4df59d8965a5a7a6eccdeb13d5d2acdf39036565da2a0074f008a03b2656ae1934a4a43e2bfbcbe694d47f8ebbf5af05226f41d2381600a40be36efd6b01802b0160cbc3cfc6589b1aaf8cabaab42595144d4a2a298ad5d58243a565c04849332f57d6e22a808280ba3efd9aebfaf4dbd894966e77c5c5bf327ef1f52d99bcd54847580090ee8c5f7c7d0b806702bfb0f581a726c4d4d5dc10ef2c9f9bba2f6f80b5b151dbbd035a5b0ba04a1b05802b3e5eae1e38a4a051cc5cde9294f2ccd8db6fdcaca17e16a26e630140ba37f6f61b37637fefc023cf59a29a1ae7c555575d9a54523439a9a8205e6bbb15ca6565d05405a3d21e00591050d76f40635d9f7eeb9b52d3de71c7c5bfc9c7f5c848580090a104dee05f0dfc42ce43cff4b336365c1653577b727c85735c527161aaead71c28610f404f78a263e4babefdab1b33c49c96a4e4af5cf1096f8fbbf586a214de1664507c0a80a88d2d8f3c6b8d6a6ef9637443dd39b15595d3924a8afbc5d654a96b9f82d1a320bcf692663295cffb1350acfc44f9e694346f5d9fbe45cd69e9ab5b13923e76c7c67cc8e577897ec70280a80bdbee5f32cdda586f8bada9393ede59363ca1bc2cdeec8e603b929a0a61e9279ac94f3ee124a0b925ac3fc31b654543665663a398b5bb392565852b3ed13ee6ef0b56f3ea25ea180b00a26edaf2c8b3564bab6b4e5473d35c6b63c39498da9a11f115ce8cb8ea4a8b224f1b0802841f960356abfac36a6ef11700213cf6a6d4744f638658d19294bcdb9590b8d61d1bb7dc136dfd9e9fee89ba793bb100200a8d9c879ee913d5d27c7a5453d3b1d1f57513636baa0626949725453537857c4e81f0febbc080feea0fa5b8c43f04d003eed838b941ccaa6f4e4ddbd79a98b8c91d17ff3f774cec675c7887283458001085d9d6079e1a6776b51e6d696d9d18d5d23c2aaaa971607443bd18535b9b185b536d117cdeeedfb84f3d014c9dac8183df06f9ca6bdafd27d96446734a8aa72539a5be3521d1e98e8bdfe78e89dde98d8edee4b146af0e3cbd414461c2a70088c26ceced37e600c869efdfb63cfc6c8cd9e39e62696d9d66696d196f696e1e6e6d6aec17d5dc946c696989896a6eb25a1b1bcd87cd3950f95a005e5986cb2b7bdd758d2ef790612deed8b85a575c7c91273676b7273a668bc71abdd61b15b566fce2eb5be279891045047b00883420e7e167d24c1eef30c1eb196cf678069aa64ded673e6666b6591044b320a4994d483609428c09b008022c0204b34980451004934980d904984c8220988403bf0b26c13f32e19365f864c83e59967d327c3e59967d80cf27c32bcbb2cf27c32343f6ca323c3ec0e393e516af0fb55e59aef2cab2d32ba3d427cb453e19fb7cb29cef93913b2e3d8e3be111a9dcff03e77aa3344b8ab2040000001974455874536f667477617265007777772e696e6b73636170652e6f72679bee3c1a0000001274455874455849463a4f7269656e746174696f6e00318458ecef0000000049454e44ae426082, 6);
INSERT INTO `employee_files` (`id`, `created_at`, `created_by`, `updated_at`, `updated_by`, `mime_type`, `name`, `new_id`, `new_name`, `pic`, `employee_id`) VALUES
(6, '2021-01-03 01:21:21.185574', 'chamindar', '2021-01-03 01:21:21.185574', 'chamindar', 'image/png', 'femaleuser1.png', 'd2efe702-53e8-44b4-9aee-84d7df3ae7deemployee', '943457656V-2021-01-03T01:21:21.184575700', 0x89504e470d0a1a0a0000000d49484452000000d3000000ef08030000005f61113d000000ff504c5445f7f7f7ff690fffdeccffa8bef7faf9f7c5aaffa1b9ff386aff6000ff6600ffa5bcffe4d4ff6300ff5e00ffdfcefffffff7fdffffacc1f6fffff6cab0ffceb5ffe4d0ffb8caffd6c0ff2362f7f4f2ffddc9ffd2bafe7932ffbccdffb3c6ffdacbfcc6d3ff6d17f8ede7fd986cffa67cffb18cff7122ff884effd2c9fbb89dffc4a7ffa175ff8e58ffc5a9ff1f5dffc1c4f8eef0f9e1e7f8e3d9ff7c38ff8142fbb093ffa0a5fbd0dafd9362f8e7dfff8a52f9d1c1ffaf8aff752bffb0afff949dff6883ff557eff93aaff819cffc8befbcdd8ffbeb8ff7188ffa5a7ff7e90ff5c7dffe7edff7694ff97adff4975ff406fff8d65ffa590ff876fff9796ff6c8e9e639073000010bd49444154789ced9d0b57db3816c789e304cbafb103262f48080142205028498102d316da994e996df7d1efff5956f233b62559b22d87eee67f4edb534824ff72afaeae9ed9d8586badb5d65a6badff6fc9f2aa9fa03cc996d5b2ba077777770707dd966559ab7ea082820477f78bf1754d570c28451f4d0e1b6f2deb973599d53a688c6b86a103500b05201d38bbff25ad25b70ea6d7d030359c74032cbabf1a9565f5278602b04001d6e12f45657517c0a0017954ca796bd54fca2aabfb60285940ae8cc9af612a6b634168443853815f21065a0dc066234fc0986edf9b07f22b0e83d6dbb9c141e49a0a755ce0fd427ba558f243766420d84b37460f07afcf0dadb7bb3c6e87c11adfbd325bb5a6798d144a371e365e15d52d6f4bc249190d5f4d9f65dd3d320770aa80b1782550d6502fea77a18cdb5711295a8d32fc2e903e7f0550303a948884a0564db4d13a2a1709424d566ca9d643d94830fcddae34508840828162b1c27eaaecb614420d570665951af19605baab421a8a42aae92b6a52f25d9ea455df657a99b1bd12efeb1ee7c81e94db31dbbb56e27dd62c478ea78cfb8cc6d50fab3794b5c8d1988c436dce6a5ce3aeeaae37577c308eb429731b04958789ee88bf3129534d1a717c026fab456a8db91b13d0cf358de76d6056a9a1ac7b6ecf03605b33b7b9a27fb586ea723b1e18b54dc979e47a9f3eaed050d621afe781e39e2969bc6f330eaa637acb3d35792d9912a7e7a1b755979fb7ae395d4f9f9b1089d3f35c55d54559db9c66d2df6b9224696734cf1b617f6adc570425f311c1140f2199a7b44f02f4b136ac2a9c5beca9808734d64cc8d4a3bdc6981272a6aaa2045ff032ce9095246d42694cca99468889ca79155182d34c306b75910e29ef42ed8d1014c1a40ae793b98297f1e02299e794c6041ea16f9a26a1800a9c8fcf4c301177917a940f02d4daa8bd6933ec6baa703e8b271f37161e9246ebd0f46dd37dd111b6415510f9649ee4154633c96d4cb794b0629c7a2f32db7807d0858fe15bb4f045785a8d36fb1c70c397e1d30cf1ddee1dbb994203d0e283dfe024729e217c5ec27a60ee9c8cf3c0a72896f523bdcf8e8fe68f8299d803b9721e3c2d65c66c19094673fc0b054773f6081120990e659ec84f3142e7234473b1b39716eb7482def09f9616f2124892b95849836245da0e90282951ccf15cf5f00d6a572413abeb81108912c5fdac29e67c84dc5c640f655147751824ca9069298847ce874f258ca1c01e8a6d301821e183b32b659a4692a436f633d0a7029d8f696a254432fb44aba2e94b0c12c1f9c0ad38260b1f979248a68fd406a4280e467d2c926462bb74702c8e8925d7d343a41e3181d7777b261689e47c02834437db4c4b48c4f441796f929008ce670c4521c9d9ab331192449ccb4bf6b471e7c3463ee55494f359d32c3b854892491a04027cc00bd5c37d6ee232090b9f8ee19108f83a293a84ce87ab044c4431c92366a43901499948c4a6e4bff514d7a78d4475ba07f4e604329100261d4a1b0af74e51818f9eec816c247dd4c846c28f76452dae514304039231cbf23befed7dcc47a7089a9370c74e80e0559948405f3018c935d47217757caca3e244657c16ac4bb9ddc62664a01ff44b042465de664492cca54951e5546b8f1571c15c8648871a6e120ed44224091bc4817ea4b1f89d5fc828623a374ded48a9819918a6ae01e6d8857377f5d947dac52119136623212dad7028e8c3825d96a8a1ee5b037d6a69a625a41e2e21d26b530e2321f54226bd878aed4343096182a17ce460e6e0c07188d4c6a4adc0183385bb98a1a279196f9de71a88e9a0ac5363a6a599f4c75e88941e5c00639e910be164065bc7c0b5c734d6c5eca7b21628a14ea62efa75306e30fbb51492f278cae976bea1fca40fdc7acb2247ba98d1867588e6ae124ccac4091e633b35aa55463cd12e66287f615ff766cbcca9aef485d8e9d6658af99e711bae49247d12e4278a0ca54fcd8049c8ca9af55e394bacba46938e5a624b36301e17f989a4a01a255c6d1393485873fd36ce6484d94e626a525726f9da5124ed16194af10a811d96fe2084e91145a13024c17c289cced20e8d65a0e3c376412214445172b9ebafc9cd803e16c1248f00803d60dbef3af4c7a05b82a1364002ba321a9f6b8589242f99f0c39ee48c044df1a174efd40cfa786516c67069620000745d516a93876da70c20542cccfaf423af39a13ce2bd904442a9e9634dd2801bd4a2c96e73319bcc27b3f1e1b46f9662a1a0dc53c30f11da0334d95c0813723098251f43bf3bde5e4a0e20892bf2a45d3e6933c30f11bb40d00268d74013f7261cb119e3b21f1fafdedcdf0283c2d24814130c44da6c849fbe2f5f66cffd477befbabb082677d648996aa7dc69767e28f72f2f4f12c7541b99d5f85d247f5b8f2e8e0985be6a911ebc4e5e11c7146e4ea948612e269229c82b2b420af7c008658af6095481140e9d85b4a76e98a72abc7326fc2cdedfda6934ce14c2b411e5dec6fb6d37711086d46ba3f2dbcbd7378899385aaec0b81e1fce8e4441690fc6ecf06c1ebbf349481e21c76623611eae1f8b6a57da31caf363d31b8296ded3b3425331863231bb88c1b5983161aa9e5d3186c2ed2115b3fa69ed5664289c99042d0258e99d0be05184a11cdcc60a20643e02b7eaae60f67615155a9a494bcc0294853dd29df180a6e33826e5ff3861372c8839b0863d42a8d3f6a448cef0f7771fbefe2139de0434fce78faf1fdefd3e7428ef216cc856c4cc59623785197de2c7ee9cfcd9f1f4f1eb3db4cfc9d78ffeffff3c21526157a86ba2f6f9e2cf9e8039c950cebbce66a04e67f31bfa2bfcff3b1214e9608798ad9632fe3e01529870fe8a10d2eafc8587c207889ab00d12845d617a1beb7dceb7cef38f8b0e0eac73f17df31b9689740c45d4461699705283e07dced78be66f2f7b4f9f3a17179d4817179b7f0f2effee7cc03291ef611093962f0da012de47d844b47961ff86f472b357ffc7d333d493ba7773097ff2dce99c6091889bd1c5a47b944dcbf8d1bcf3a173f1bcf15b5a2f9f3a9b1f716632c997f088dae56b11b7198e7ad8c681e25df3254174f57c017ffe19f729f44624a49a98e527b4f849dcb33bc1799ff37b07c5836fcd2f978185f69fbe5f7448518f76a989982e977af449c1a6137e384771e1c7f74fdf7f748230f8036756ed8c72f652d459350bbb03d2af13bbe9cbf988eda3b09e473d9f5733ee8420d1f7242ae7d838f1270eea33c6f368c720a074517b47a947090136f183c12f69a46ff71824137f823f2c5ccc8a1a12ad5effe0700aea73ccff3a9bd84ccf6ca7f7c0c4cc74266c2f36f5260cf772122cd55f9b4116f1edab8945221f83f0242aec651ebc2341c171d3091c47bd8b065229a4ac7bc7c49d6dc83a074084f2c6b7a4016e3692c033289927efa2ad7c1cc26d914b962b28db43cad834bfbc3196591a668b5c52220f7e5a994e423a7f46463a67b8015869086422667c4bf5b36e23f79098ee961579695df661a19a7bbc89d5ffcc68a71255c24ea020315db9a7cc89e12f81d4261dbf894bcc1c6c2086c37735745c90ed60468ff17e7091cd6963a3c5746f23d8ddea3330f5b71e99908425e59e980eb322a64623c3ffcc5ea3b1c576a9aad8e3ee2ca72403a606dd54fd063393a8717b20a606e531351ac4a4c26cbbbf6764127ada1daa95754c72998940e513b1fb9ee02b66982e6c8a98209514db7305ffd30e7fc7c6246eece48b34194b6482edaa17529966afbff41b3626f15701b518ae3a04d75223a6ad76bbd7ebb5db5bf11f9be915625c698289d8a239da879e787c8cb6dc7dae9912ee7a1b4c5748b87bebdb1948307c3031891be246ca1e6f78a796cc1ecd545b68369a8549e4d5111153b6f3f97b4128a6f2623ce17eb098aab94c353bf229e1711b3c55dbff2df5ea445fd55c679999c7c616d9d254ede897da24cbe6155df76dd16781532b37b108bed58efd8e7c71466026c1795128baf3e9c96916983af421d7d656bf9d1c5765cdbf82dd8aee90a6df1fad6027594c13bf2fddec13efd671cd54d97737d0a204ef566d337db47259d5dd204dbe12887ff739ee086c64f3ca9888234390679b36655a42f428635984abbef53c53cba8ad4df091d4a8ce4ca42f03c8be3f86a4d819cbc84a42b62a13d54a676a207d432007d4792ded7f46bf52a6f40a47fc381eb7ccde2c59229857fc8d2189d057c2713c6d9a3055d55f1892184629bb251c4b317be3e58dfffa61e5dfffd48ab678eae028738f2b93b4edf9d25786aee09b9282993e5d39eb95b579d9d44e1ffdb06edcafe01bad2cf71265a0dc725d1f934db53876ef33aaf20b5096a0263a00ff2c7e5a3f49e5fceb5807abf03c28f900fc5bb5cb3fdc30acdbff793457f15d6ab27c79b353afab3bb4bde279e4eca8f5facede955cf57774c9f2d55e53ddab4328ec26d0023a8148f51db569df5c5688054df4a5de4455dbe84fc986b2fd72eb6a1319ab0a2ce4730317086a0ffeabbe2913ca79838adcf18a579beabe70ac185008352c9169880adc8b2a50d5fafe8b302c58f0cb971810d40079c9a03c433903e47983581d08eb6aa3742cc87379b5874a4fc8464cea9bd298de04ad342ee8847b286494c5854abada87064a01b9cee7565996f70ddd3a767015a93012ee5f758b73c112ba575f066a13cbe356855a5459dee77a9e5722be32b53928c4e5fa1bb40f99c7ab077daaeae75298de785d13bdbe26e2cae587b053ddb709fe1697dba04bf13ecff306f4ea7c7bd9fbbc8986bc7163b3f020d9aefb97e07daee7e11b1396cbbed9e0a0926fea8c40ee539414fbbc98c7cae462ddb042c9dd0c974e16ed3e4661eff3631e57d5cdc1251395fcc2632424b793aadb0599eca82876a9ea1503947cc5491444df62799f9be7c5b2224635b3a1e4972677b101549151c7895aa7764d45a02e73945af7d3897a0126efa3c9557733a34dc9837c4c5ede977bccebb8d5f236a65074a42ff990829e376793f21a134b6f8b95ba4733d4658ec6e4337950f99ad4891a159147b42625f3f50ecb52773cc7c9c5e4bed3ce5f79dd2632e58a791194fb778e1cc96b4c9cbd6d5c64431530533d68e1fc4d2a684c790384573989297f6b72e53507ee26e53526e6dc152f523a21ef173153d86372267e5e9a97abb78dd54d602a546af4607c899f5d06122ce1128b7455ccf5c247e389135e7c288e54c70f3b8aba9e2bceaeb76067bb247507cb54bce0304e3042f9486530d5556cd42bc14c619c600b7e27a5c4074fb82e4abe29a3642ea83291eaea170c5339457344743f8a97d18c91300d4a2ed48f2f29f8dcb3a086b15797a07473ea9656b69f12d874a8e1f26bcb10a6872a92bf26e4a76ef4bed77f4d1921cf533a3d2a294478a5ef64420dfd5714ca9a13b5a67addfc235c5cf1fec40211ca47aa97d79850b0493195597c04856f53229030814f2ecfb191d43dffb171507e782819293d862a25335a52d0a6d4d4ad748e3f602ab32d794ac5bdb22b5007de905c4d5c28e37cf67ebc9373d68d526332989792edc5e51b229ed0fa69ab5a5ebf14aa9987e91f9c950469d26089699033c763a8bbf992684e2c03c267cee708a1ea7ea3724eea79d35686ba939939d36ac6dfdc2961f0f0befff9c3a51c48f6df0c95f133d94fcfbc4f12c574d53e714eec0201eff929f3034d26120ca991fdf389ff51208c4fa0fa712e08f27cb29f7e0a61fa9133cb8d795adeb145f33b3f5376baa776723d4c62592977eed0c97ec02fdc4ccf9b79478db0fb0d4616b93b5a7bf339b39a2453e608dafe996d7db206ee36d3021dadfd3db34125137306a6cd4f4546f7f660afd02cbffde947f94ccd4e76e41128fb5b272b447133d9cf2b66fad979ce78093fd3cf953365d59f666ad255ef5cfc54335e2352eacf8bcd7ac66b928377f97f411b6badb5d65a6badb5d65a6badb5d65ae2f45fa0cd06ef85bdb9c60000000049454e44ae426082, 7),
(7, '2021-01-04 01:28:13.317418', 'chamindar', '2021-01-04 01:28:13.317418', 'chamindar', 'image/png', 'maleuser4.png', '50ad12e1-3992-4973-9281-d71a37687764employee', '943463564V-2021-01-04T01:28:13.308443100', 0xffd8ffe000104a46494600010100000100010000ffdb0084000a07081111111111111211110f1211111111111111110f11101118181919181818181c212e251c1e2b1f18182638262b2f313735351a243b403b343f2e343531010c0c0c100f101a121218342421213434343431343431313134313434343434313134343434343431313434343131313434343134313434313431313134313131ffc000110800e100e103012200021101031101ffc4001c0001000105010100000000000000000000000102030405060708ffc4003f10000201020208030604040309000000000001020311041205062131415161718191a10713223252b12342c1d1336272b24392f014153553738283a2e1ffc4001a010100030101010000000000000000000000010203040506ffc4002c1101010002010204040505000000000000000102110321310412324105516181137191d1f022a1b1c1e1ffda000c03010002110311003f00f660400001204024010016a7592ddb7ec05d289544baf631dcdbdeca4af993a5f956e4bcca1d49732d8236956e4f9bf32920109492a4f9b290056aa4b995c6b3e28b209da1931ab17d3b970c22b536b7327cc69940b31adcfccbc99654049000000012400048020920000000299c92de4549dbb98eddf7916a7499cdbedc8a0920a2c004810000009200004810092000048105709b5b8a0903261352efc8acc34cc8a752fb1eff00b96955b1700059000000000004810515276ee4ce565731a4efb48b5310d820145804900003ce35e7178ec2627352c4568e1eb2cd04a578c26be686dddc1f885b1c7cd74f472de23114e9c5caa548538adf29ce304bc59e27535971f356962abb5fd797ec6b6b57a93779ce751f39ca537ea1a4e1bef5eb3a4f5ef0546ea0e588972a7b21fe77b3cae7318bf68d8a97f0e952a4b85dcaacbcf62f438901a4e2c67b6dd3cb5ef48bff00120bb5345ea1ed031f17f17baa8b94a9e5bf8a6724095bc98fc9e99a2bda3529b51c4d274b87bc849d4878c6c9af53b5c2e2a9d684674a70a9097cb383524cf9f8dd6ad6b054c0d5528b72a3276ab4b84a3cd7292e619e5c53d9ed8496f0f5a35210a9079a138a9464b8c5ed45c21ce80000248006452a97d8f7fdcba61a3269caebaf12d2ab62b0016400000016abcacadcfec05aa93bbe9c0a00335d208000920894924db764936dbe090187a634ad1c252756b4ad15b2315b6539f08c5733c8f58b59abe39da7961454af0a515749f07296f6c8d6dd392c6e26524dfb8a6dc28c6fb32adf2eef7f91a325d5c7c7aeb7b8000d00000000021bb2bbdc498b8babf9578fec116e9b4d1dadf8fc3658d2acfddc76469ce319c12e567b7d4f40d58f68d4b112852c5c6342b49a8c671cdee6a49f7bb878b6ba9e4209d31b8cafa689381f65dac12af4a784ab272ab422a54e527794e8b76b75cada5d9a3bd2ac6cd5d241002124c65677290066a77059a12e1e45e348a0000062cdddb65fab2b45f918a5724c00055600240839cd7dd20e8606a28bb4eab5463da5f37fea99d19e7ded5ab3b6129f06eb4df75962beec2fc7379479d0009758098a6da4936dbb24b6b6ceb7406a6cea5aa62b353a7bd53dd527dfe95ea572ca63d68d66ad6809e2e69bbc70f097e24f766fe58f5ddd8b7ad183851c5d5a704a30f86518add14e2b679dcf56a146108469d38a8422ad18c5592479f6b1686c6627175aa430f51c1c946126e31528c5257daf73b5ccb1e4f365d7b2257260ea709a8f8b9db3ba749759679794767a9d2e8ad4fc2d06a73cd5e6b6a73b644fa417eb72f79719ee6dcb6abeaccf1328d5aa9c70e9a7b6e9d5e91e9cd967da06ae7b89ff00b5528da854694e31dd4a76b5fa45dbcfb9ea4916ebd184e12a738a9d39a71945ed524f7a31fc5be6dab7abe7e0745adbab33c0d4cd0cd3c34dfc151ed707f44faf27c4e74eb9659b8aba6f6758a74f49e1edfe229d27d54a37fbc5791ee87cff00a997ff007960edbfdfc7eccfa048ac793b8002144004813176773293310bf41ecb722d2a2ae82016556abbdcbc4b05caafe27e45b295600042400003cebdab5379b093fcb96b43c6f167a29c97b4ac267c12a8b7d1a919ff00db2f85fdd05f8eeb28f2cc3616a547969d39ce5ca9c2537e8749a375271152ceb4a3421c57cf3b764ecbccdb7b39fe157ffa91fed3b131cf96cb64755ad4e88d5fc3616ce1052a9ff32a5a53f0fa7c0db18f88c6421b1ed97d2b6bf13196968fd0ff00cc8c2db7ba356b620c4a5a429cb65dc5ff0032b7a99611a4120c2c4694a5076bb94b9415fd77035b668350f4ec385395bac9232b09a4a9d47955e33fa656dbd9909d55fc56169d5a72a752119c26ad28c95d347926b66ab4f05375219aa61a4de59daee9f28cff0047c4f61343af1ff0ec57f447fbe269c795c6f4f756b80f66f86f79a4e87f246a557d32c6df792f33dc8f2cf63f81bd5c5625ad91a71a307d64f34bfb63e67a99d75cf9f700042a9040005da0f6f72d15c5d9aee2219401268ab126f6bee5049066b8000001200a2a538ce2e324a50926a5192ba69ef4d15900725a13452c255c5d28ab537523529ff44a37b783ccbc0dc35e1d791958d82ba95b6b566fb6e314e5e4f5574e37736c1a3a3a2a4e5379f6ecbfdd97dc6966c9f879fe8f873796f2f4af676df676efc0f16afab1a62552555e1ebbace6e7ef155a4a59afbd3cf75d06184cbbdd196567b6debb88d1d092f87e0974dde28c8a14bddc146eddb8b186cf9219ff00899219edf5d966f5b974cd7db51a6b152baa50bde56cd6deefba25dc26878412751679f1bfcabb230a87e262dcb846527e11565fa1bf09bd3a31dd3a116a0d53527ba2f2667d96f31319a1e1369d3fc377f8b95b9a5ccf2cd25ab5a5eae22ad5961eb4a6ea4e51a8aad2bdb33cb95b9dd2b5adc8f5bd14aaac3d155ff8ea9535536dfe3b2cdb7b9a6784c64d5db3c72b7d99508d925772b24aef7bee6bf4fe0258ac34f0f0df5654e17fa62e71cd2f0577e06c4bf848a72bbfcbb5747b88c3d51395d4abda3f034f0d4a146945429d38e58a5eadf36f7992403adca120000412000200c9ce4967302db574b60aa5bdf7292ab0000000024824802ce2e37876699806d651ba6b9ab1ab6adb0e7e69d76db8af4d29001935494559e58ca5f4c5bf24565bc452cf0942f6ccad75c00d46afc2f2a937c947cdddfd8dd18d80c22a3171be6bcaf7b58ca2136ee80804a033b051d8df376f2308d9d18658a5d36f734e29bcb6cf96f454003a5800920000000000ab282fe504e91b59aabe26505eaeb6a7d0b2280008480002410009303170b4afc1edf1338b7898668f55b514e4c7cd8ad85d56b4120e574a01a8d3f5eb52f77529c9a82bc66aca51bbdcda7e46ba1acb557cd0a72ebb624c96a74ea093969eb2d4e1082ef9997f43e371188ac9ca7f8704dca318a8c7734975dbf61e5a69d09201085dc3c73492e1bdf636263e129d95def7f62f9d3c58eb1fcdcfc9777f200068a009200004802a82dabb941768af8bb08864000d155bad1bc7b6d318cd31651b368ae4b450002a90024010480201200d762f2c6a65dce4b31648d33079e325bd47f52c50c4a7b25b1f3e0ce4ce7f5574e1e98bf3829271924e2d59a7b53468b13ab506dba73704ff002c9664bb337c495974b39da5ab3b7e3a9b3f923b7cd9bdc2e169d2864a71cb1dfcdb7cdb2e816da6c2aa2d39c60f7bbbb7446357c428ec5b65e888d169caaa93e52f1d84e33766d1976ade9201d8e5402401009000824002fd05b2fccb09197156562d8a2a4005950b35a1c7ccbc1a030815ce3676f228335c24812692bb692e6dd901241855f4b50a7bea26f945393f4d86af19acb953f774f33e72765e48c33f15c3874cb39bfd7fc2b72c67bba2224d2dfb175d870b3d65c4ca49b945453db08472a6b95ddd9b9a3895562a6a4e49f3dad3e4530f17867e9fd96e3b33dc959ba42719496569d97035d569715e45f056ddddbaa4d4d31a15a51dcf6727b517a38de71f264ce09eff0032d4a87264257658de51f3658a98894b8d9725b09541f345c8524babea059a749bdaf77dcd86064a3357b24932c8265d5da2cdcd37d1927b9a7d9dc939e954514e4de5495dbdd634d3d64c429b7092cbba319c54aeb9be25b3f17861af347372eb8fbd77441cde0759e5257ab4d77836afe0ff00736b434ce1e7f9ecf94935ebb8b61e2b873ba99cdfd7a2933c6fbb6041109c64af16a4b9a6992742c90415c55dd80ae8438f917c88c6cac497934a000240920014548dd75e07378ad3ea0dc634db926d3ccf2d9f6de74e68b58343fbd4ead35f8a96d5f5c57ea72f8b9cde4df0deb3fc7d3ea8b6eba3475f4ed79ee6a9ae8b6f9b35d56b4e6ef39393eadbfb94db87fa441f3b9f367c9eacadfbff00232b6d00066861622965775b9fa173018d95295d6d83f9a3cfaf7325ab9835e8b8ed5f2fd8d78f92cbd3ba3771bb8eb30f5e338a941dd3f34f932e1c8617133a72cd076e6b7a92ea74182d294ea593f827c9ee7d99e9f173e39f4bd2bbf8b9f1cfa5e959e00376e000014549c609ca4d28aded98f8cc7c296c6f34fe98ed7e3c8e7b1b8d9d57f13b456e8adcbf7663cbcf8e1d3bdfe7763cbcf8e1d3bd5dd25a41d5765754d6e5f53e6cc6a14b33dbf2adfd48a349cba47999d18a4acb71e672725b776f579f6dcef9b24a400314aba75251778c9a7cd49a7e867d0d355e1be79d7f32bbf3de6b417c3973c3d3959f74cb67674587d634f654a6d3e7177f4674b417c2a5669c92766acd74673fabba1ed6af556ddf4e2f875b7d8e98fa0f05f8d961e6e5bdfb74ebf76b8dbaea000ed4800004904810000343a6f422ab7a9495aaef92dca7fb3392945c5b8c93524ecd3d8d33d2cd6695d0f4f10aff00254e134b7f46b8a3ccf19e03f12f9f8fa65ef3e7ff0054cb1df58e141938dc0d4a12cb38b5ca4b6c65d998c78796371baca6ac660601031aae1b8c7cbf631a51b6c66c889453de932d32f9aba63e1f1f569ec8cddb94be2466c34ed4fcd08becdc4c496163c1b5ea5b7847cd1be3e232c674c97c793931e92b3e5a767c29c17795cc4afa4aacf63959728da3ff00d2dac2be68b91c2ae2dbf419788caceb91793932ef931126f76d66452c3719791931825b9244985cf7d229a1200155800bd86c34eac9429c5ca4f96e5d5be08496dd416923a6d07a0ad6ab5d6ddf0a6f872bfec66e88d071a369ced3abbd3b6c8f6ebd4dc9ed784f87f96ccf97bfb4f97e7fb34c71f98003d65c000000002482408000000016eb518ce2e338a945ef4d5d1ce690d59df2a0ff00f1c9fda5fb9d3830e6f0fc7cd359cfbfbfea8b36f36c4509d3965a919425ca4ad7edccb67a4d6a519acb28c64b9357469b15ab5465b60dd37cbe78f93dbea793cbf0bcf1ebc796e7d7a5fdaff652e1f271e0dce23573110f912a8ba4945f9335f57035a1f3d39c7c1dbcce1cf83970f56167dba7ebdbfba9658c601f90319400085b2002fd2c1d59fc909cbb2667e1f57b133f9a31a6b9ca4afe4ae6b870f267e9c2dfb7fbec6ab52554a9ca7251845ca4f728abb3aac2eac528d9d493a8f92f857ee6ef0f86853596118c57456bf7e677717c33932eb9df2cfd6fecbcc2fbb99d1fab52769567963f427793eef723a5c361614a39611515d37beef897c1eb70786e3e19fd13afcfdff9f45e6320003a12000000000000120010c90000000844800082400001306974b7e872588f99f700f17e25ea532514b79d5688e1d8033f86facc1be8ee45401efe4b8002a20900084480000000800090001fffd9, 8),
(8, '2021-01-04 01:34:02.446807', 'chamindar', '2021-01-04 01:34:02.446807', 'chamindar', 'image/png', 'femaleuser4.png', 'cfee15d4-e9ea-4d22-bdc0-1a2757ddd2efemployee', '893464053V-2021-01-04T01:34:02.445811', 0x89504e470d0a1a0a0000000d49484452000000e1000000e10803000000096d22480000014d504c5445f5eee5fffffff2cea5e6a4226b363ed98c21e6c19ccc751fd4b08cf5eee4bb8660cb7215a3705fd88a17262626f4ede3cc9872f7f2ebf6d3a8b4856ee59f0068313afbf8f4fcfaf7e6a216662d36f4ebdbf3d0aa622530e9c29af6f2eeefcaa1000815e3b68360202be39f22d7af84dcb893efd2a4e7a729d78500dc9121c29069dfb68e151a1eca6f0bd2ae8bfcf7ede8e1e2ae9392f2e0c1eab75ce9b250ecc27be8ad41edd3b0f1c997efc387dc952ecd9e78dfa268e4af7ae6b0701c1e21b59b7e6b5e505c5246d07f30c1947ae8d8ce733e41774950c5b1acd0c0bf5c1523b9a19f8e67687e4d4d97777bdacdccdd9940e1a85deebf7deab358ecb96be09e4becc37dd996563b3732e3a960b0977bd38741695c4e8d7a64e8b476cca284dda775e0bca5ce9061cb8432b271378c5139ab6436c17231965e42e2cbbb612c3f916d738b605ea3888c92655d777ae9ea000012f149444154789ccd9df977d3c616c7ede0383679ae9189d7c83298383bd908214b212c8db33871a04081b694f25edbf780d0ffffc737926c4b1add59eed584f47b4e7b482259fae8ae3323c9a9f4e5ab5aad541c8b293594fb8353a954bfc1c1d3a94bfdf46a8561158b2e543e1595f733fb936555aa974a7a59841e1b001697b705b3e865615e0a61c562e7ad668b72e65356e5324ec6386195b925922ea0644e6bdc9466092b16d676714ad3a63448c87c3321dea5409a22ac1ac20b204db9ab19c28a55348737802c1a32a409424b7dbe443906ce2e3161d5326dbdb0f2c99d352161d5bc7b7288c5a48c890819dfa5e2f94ac89880b06a19cc9e32e51325563ae1b7e2f319e939874a58f9867cbea8b5834658bdbc022116d155498457c1e7317e23c2ea15f1b92298114ff84d2a844845bc19b1845769405f583322099dabe64ba19b551ce155a598a87049154358cd27ad81912945b2f2284f4510569280398ed3686c786ae4d90f094911e55f9f90784a8c2ebf31bb736fab16686ef3feec4631913df573aa362111aff16067b3363555ab5d0b8b514e4d6dee6c141d3aa461c22aa10db59c8dd97bd778b830e6d4d6fd0daa21b583518fb08ae6b39cc62c339e882ea0dc9a253bab1ea2166105dbc658a98d7b534a3c9f71aa365ba43116b5f28d0e2116d0cacf6eeae1f99a9a9b4d9118b5103508918096f5600bc3e7316e6e90ba251d443521f2d0ce06ca7e03d56a3bb47054b7704a420765412bff1381cf33e3568382585422aa08718d8cb3b13545e273cd38b741b2a2ca511584b818746685c54f8b7196128caa589413e200adfb6403fa9adabe0444296115036835ee2504741149b1282dfd324254276335369378e8107196148b32441921e6185663cb002043a4a51b1a21aad92e9a0164e98632d195976108ff82ba96f97b8600afd55e918c281e2f0a095185d07a650a90211a2e8b2242d4aca1b39d388b8608efd326f444d94644884aa31b0601991e341a4542972a401410a296ae1b73460117e60b85e7efb6b1a3ffbc20146142d4679b0cc26bd7ee8cbb2a14e60bcf5b4846b8090709514168cd9af4511fd0a79c5f78804304fd1424447d6cc3bc05479a7f811b52e912a23ed431e9a31c20b3e32eaa7640a10810e2fa6da3799407740312e3a9500f0e1022f8984c756b30a0eba9a860d421c4e55193696601241c9fc7386adc4f6384b825d0bc41130a00592c62c226e6a731c22b33612ccb04888f92f829ff0bdccc9365ae9b11032243916fc179421ce003732614f9a867c4e79826524e88bb95d2313171a10664461c4318d19111e2d28cb5a1b7f652bb36b7b5b5b9b535375713cd36ca7cd4b3222612ab1242a409efab096bb5ad7b3bdb63d39ec6b67f7c3907422a005191c80d322284c89b65d4a3a65aede5ced8f4582046b9f3f25a8c51eea3ae0d5f6386c5552121ce84ea3c53dbdc0ee30d29c75e718c2a1f751137f44f2c6ac43021aa2165848ad9a7dadc0ec007312a4dc8dcb4496d4fc384c88903c5b0a9b63926007419b7436958c384e38517d4314688106b42793f537b25e6f3187f1c6daa01c8101b88730b1b3144887cacc0913a69ed473920436c0d7a5a0d1f1d47f6dfe1480c1162efb79099500de8ea652d62c282d486b7316e9a8708915128cda42a171d9ad17503d78485426161f7f5ebd7cf17d8bf0484ef70530f00210e30e5fc2476524d4086c8acc8985e3fda69b93fb1ff5a3bef1660c6059c8fc509b1f7e5595b62c04d4d40d78abbaf77dc6e27f4abe99de710e33c8eb01223c4ce3137c43e3aa7cbe7f14cc72fc7f46f49534da8600c0991a54216863551a147706fefc6cc881a5f840ac69010fb049a380c6bf71203ba8a21a2ba9a50c11812e2f8980d5f8a08313e2a45e493298e70946b52b43c231e57e85542b5a6b73923e2666b52a35c93a239694a3811bc650690213e8a22e23ad3c04d5344271535a5b56d438063313f7d8e5d390d13a29dd4da81c3b0f6d294099976a246dcc5125642846827158d0d4da5194fd3bb8908076eea13e26fe286138da93433d06f8544364c0584f887998a601822da353ded2623ac8e081db40d05a9d4609a71351d31229ad077d31425930a7a36c33eea6a37910d532342f48d5660b1309a477d456b221ab03824c43fd004160ba37974a890110be8d3f4ea458a522be0c5fb606eb4d46a36973c355b0a82d218db7486c9ddb654e2ff1c36229ed00bc414250ca159a820089b337b3742da5b125296c696f616af075a9c69728cd3df2721f4a66b5294477e524e6c803f1a332ddd886baf09f235f7aec7b4b8c4114e1a20243c57e8f0057f58099b009fab99b81d5b009fc718de74fa4d224237105394304c393ce0d6e8b40588379638c02598effaf5bd880d7f999c486243cb27c4ef6971613837baee2d3ff49a2def372d964540c4d21070716f908ddc4ddd985c8c7ae92f131313096ce8131276ccd70480ae9ff299a5b917479c19d82b9a594aadbdc5e8ced3cf9211a6a884d145993945b356f2a3738677d1453e73ba8cdc2f262646886442ca3b04a284d02221a7bd88095bf18013a83511209208ab8c90f2887698f0ceb84ebf1d2e18a53d5dc0b1edc900914458618494375935c28b7f052161cc090786b9ce6514c1764cb70784134442964c53a4a7d003c20577554880975bc982e7ee993070da52762527827c38249c20dad025a4ec3722f4168e1e81808fdf2e2fef3f81fee49930407ab2bfbcfcf63188c85a9a899148848c0f3f740a0807f764bf03324de9f1adef98969fc6ffd48c9af0e932db6eff1688c85a9a807092f4ce8a740abb601110de192cde165e43b9f4ed779e6efdcc9f79c9ab85c3aa50fad9bb12dfedbf056df8cb4442c2222324ece612de0916a79f03e7d6f14ffcbbfd2731dbdc08e799d293fdc1a5e8009fd27a969490f191dee7d1a84516df81e1d1ca90f0d718e162a454fc3a245c0108b7271213566884f9c8341f542eb2cbfe892fbfe709bd5a31ea6f4aef871b42a3c8edbb0608490f197184c082e1f0ccf763cec7259aceb2e04ab87a389998d049915e5dc9113e02524debe9adfdfd6520457a844187c392eef2fefeada7900923c5824698b768af6be0085f40c9b4f4f8c9d3f740c9e70859c17ffff4095c0ec7defc4308c777c1d6bb548acf2c0184c20d99c2a994e8a566080bf0f9c18a130ad59a344148124f8899cd4710debefb8f21fc0d41d8d2268c261a2221513c21d4994a09f9792998f0cd3f8670fc3966c562315cf1a5849144432624edc613427d9b506e5f7a4367c3d65d238424f184824130287f6ca1b3e56d138454c3c7ee7541b8e99266aae112cd15db101c220ad4d29c878a0c0eaf9a707c171188a51b7a6eda9a304368a2a741d6fc25bd7a717bd204a199ae0d59f3c7f8d944507c185e352138bc1069efba464974979dcc10261f1f7a42000e66f515a1cb87217df464861015887e4954547dae1a52091d13f334e88aa8d39bc6c2f02a67a23ca15a53964e175be2d50a4f5c35a41392e64b01c202a6356588aa0d5abc9392e74b8d11a2ea855a0f792725ce795769eb161021a671532b562be8b3faa4b5278010d5b8692806485e9921ad1f4284851d93807ccb4625b4886bc02021aaad51889bc020137a6bc094697d8810d7d628146b68a836ac10ef540009a1e50baa1ec66a0591b04abcdb042634984d0127a51392ee8902bd1435f52d550b00a41152ef6b13109a2afad3f1724f24f4ef6bc3dfa92f2044f6a612c26700208570706f2221d508082543a81220e1c6b18113d98615ea3dc222426149ccdd0404dd9be09910ca33341b56a9f7790b08c745b7b8957ef817a01f0484db2020c986e47bf54584c2259a1c442898158e8f7da984a37bf5f18128b4a17001e3661cf083e8c63e908f64c3e1f316f8dba2848442237662803705d742644202e1e89919fcc379621b8a86faa50f3ca0c8da60b5277ae988101d881242513ae5928d105090482984a167d7d08128266435515431c25614a551ee36a884360c9e3f44bba98410bc8fcfb76276986e6ec277d67a8a4db125200c3f076c9050b2a85f6a753e7cf8d091cc230ad30c8130f21c30d64d6584e3f3b2d54f59b336064e5ed06d187e961bdbd648090b5ab721c012f31108a3ef54304a286a38959a11a6193c21f74e05a49b2a085788881d9384dc7b31906eaa20cce54888d915a384e92821aee82b092956ccaee40c12c6de4f83eb4d9584042b32409384b1770ce1dc544e783b4740ecb8fb18248cbd270a976b1484ded9e67298850c7f971949394412c6dff58532a28230eb9dee4a4eef2e52a6967f4972f0040d89301d2744bdb44f41e8236ae79bc1e6b9ac3942e89d7b98b96f25e1c04fd9496b1870b871c71c21f8de444cc1501206881d5534065b668d110ade7d8928186ac2007145ca3874500fd018a1e0fda58848d4200c10d9c90b524e2b9b8b001a2314bc831661441dc23022e8accdf0061ea02942e17b84f52351313ecc02882e442b64bd0ef7374f4d2384e27741eba75329e16e360b23e65656729d4eb6d3e9b07fac0080d92cb82483b6a1f87ddeda4694cf626403e5b4146c2f99c4d02694bd935ddb88521b2e6571889dd0e64b26663164efd5d74da7b2d9c447d988784f950266b3bf8b23519390ffee2efedb20343f4532239ce52565ecf05bbf493c5f9a9613ea0d3124eb16314019638c4f86a849a8fa8e123d3f15ad908e3f8400458c109feba8138956d77820da7705c1779b8cbf68c2e70c3176047c4ccd3720a31ea1fabb82b48c08dc235cd87db7243ce721654749e76be9cdb3bbb47b1335beef492bd970cf01cfcf175edf56e121f5fb9bc9bb77f14fe7c57168dfbb161032baf1efb30786f17c1d7cfcf74488528750ef7bd734fc744858d8fdbe73e07dcc25007acbd38cf2d9a436a1e677e7694cd9b8848585fffcf1e7fa709703499221a97930fce8e33ffffaaf9b7a34084118e897aa7c6aad16c6fff85f37f3b9fe65b4cf27b388cd4fa34feed9e54cf7cfbf9edd5d553997fe77584afd74355f3c5aef7efe5cce6432e5c3601fa38821c0f417f74899cf9fbbeb47c5fcaae4cc10df432a1c64acae1e1caf5fd8763d33507d2dd8e7a339c4e6c7d0b91c968707b3ed8bf5e383559812f75db250285aab454697b1ebc303ba6a1f07bb543f1a23fc18f2b7b57ae878e5ba9d619445c861452482df5739bad4a7de453d4ae75dd6afe17d54855c579d70401dd9dc311965f9a2779ee228b1dfe91c8422b3dd41af5f6fc7e8325c20a6d38e21c24840f5ebd071d9f9f47b07c5c063d1dfcbed235aabf983a3fe214ce7bbe95a781f338811c0aae8c899b2dd3eeb1f1de43d5b12be5b9d21aeba74806b8665f722fb38061c359a12cfdb92a33387ad1f32ca5531a08cd0e9b6e574de310ea33b551366d4481675f51572528eb2dd850b858a307dcec738a493356eaf4488e13ae84be71cec7309858c307d7ca2fef4fa3abf5782d21f073c9639e9f0221ff37b6913a67b1a9f9f89ed45ee51835e74a40b5598b0647724659013b29e5079003b7e05d7b214c666967778f6491ac7efc5f6c210a6d79587289fc6f77208c1d8fc08a40b659ec9b4635182244c7f553a2a18e707ca290d4e4b710f652654faa812504da8460c0da142c2991134a08607a9013508d58789150c5f07dad1d8cc420664574975645b0da843a8cca850247a27a85937963e090ab62a0adb8a24a34d98ee29ea625b547119a30ab2d914f1a51dc5614fe4650243983eb6a521cfb76e1146a9af36b3423ec1a822382850a6e884e9f38c14d1965c4de7e0a3c090cde6c7034943296f1acb1959ab86274caf756517b49c919ca90bb9d26c7178adec8a0c2f1d9abd8054efc2e98d4e98ae9eca2e6964ac1fd7d77af7ef9b1f829155e7c3cdbfbbf52f5242693b659f8a86f4316913b2aa214ba927129f393f64275b76c772ddb3b38bb3b32efb973b2cabd72591b4263b9a4619a410a68f25a3c5725778517ba1345576153a53b1e94f25c7925d994484e9b533b1e788fcb4fa45660cfb50104e121fb5cf7443104fe8b670e2191bf0c2ae65e4555b90f3c5638a32c6430984e963714e2d0397f6487c45863a018c5f15e6d17a17e3a114c2b4d317791d50f7d503938c9b176339b52f3261bb2faf302608dd890581196dce1ace85ce240bb34b86b3bea811aec391609c909951d0c4453be17379ab175239da610a2610cb765f38ed6b98909d8320a98607c31a2118ba3621f3afc11da27da6d9a619214c577ba0ab9683b5a8af7a1e3a3aff2fc37aea8059a6deee6977314608bd8c039c49b9ec6702798f0769148c87c0a52b13324c6242e6aaa740a0950fdd5359834e53a14165fc12dfb36c9fa26abc314297316ec73a433c2f234230903b2f18af13e5f6292d004d1032c68b93d892e2614f3b89726a7f8d01964f2e12f12526f47c95f3ab32de4387aa73bbd6ed64f63342c882ee6b996a34a9d8a77e4d107f0609595eed1d8afa1cb2eaedc31e397f86658490e9bcdf3668c8b2ddee2776cf814c1132431e9dd68d4096edfae911a53f83658e9069ede8d4e6f30e5275db3e3d32107d818c123239c7fd3ad55f996fd6fbc746822f24d384aed67aa7195b7d0b40048ed92e63d878035d06a1abf3a3fe857ba783fa56877add6e672efa9742e7eab2085d396b47ebfdb3fa49db762d1ae9e4caeee4a26db74fea67fdf5a335d39e19d66512faaa3ae7c747bdf5fee9d959b7db6574ecff6767a7fdf5ded1f19a431c1221f47fc6ab1132c8cc6efc0000000049454e44ae426082, 9),
(9, '2021-01-04 01:36:11.827809', 'chamindar', '2021-01-04 01:36:11.827809', 'chamindar', 'image/png', 'femaleuser5.png', '3b4d3b0b-510a-43de-91be-ee85814f3955employee', '933346457V-2021-01-04T01:36:11.825814400', 0x89504e470d0a1a0a0000000d49484452000000c500000100080300000034b442710000013b504c5445020202d8aa8bffffffce57b5e4e4e4e5e5e5e3e3e3000000f3f3f3f9f9f9ecececf1f1f1f6f6f6e9e9e9fbfbfbe8e8e8d37ec0d7a786da87c8ce54b6d8ac8ad9af88c79e83be977e131010cd51b7deaf8fd6a482554741cea386b7927bcd52b6d59796d8a78dd176a7cecbc9eddbd0d48c9ccf66aed384a0ce59b4d7a290d49199dcd9d7a9a4a2130000bcb9b8555555846b5d725d51382e28a1806adec3b2dbb399f1e1d8a88773826859ca41afdd93cdd06dabd27fa3d174a888817d6361602a2523a39c9847413f68605cc3c0be797573342b251f1a194a403a908e8e827a75a99c95acabab3a35327d7c7b1d11092c2d2e5d4c42675348937664524136e9cfbf756b66ecccb8ebc9e2f3dde9dbaccb945d77a44a90000c004e2743863b75d99ec9b751a0733365251820eac1e1351c2ee5d1da9f4b8ad894c3c31b344a000015bf49444154789cdd5d0b7bd436979e716ccb962f8a995c67c8a5242484a1909099040a85706fbee5b221a4fb95edb6f0ed96edffff05ab8b3d966d59bedbc3ea69078c35d679e7e84847d2eb737a8aa2389a662b8aad690ebed034cd541443d320be5035157f424db314c5c57704955d45b162950d4531356828e3b74f9ede3f7b737676f1f4fcaeae40c7af4c1e16adac217c81622d8b2bdbac7254cc5e332894f1b3e780961e08ca8bb7a4f9e650a83a114c57c96d55d5f1d70d5525b77555275f5755f22c5d25cf42416587dd276dc52a9bca4b02610df47001f493fd0dbc1a93275b5c659da0d055f2fb68aa4e04d3b9875941cb3a1393554689ca3dc7714cd7b51cc7725d135fb8ae0b1dc7705ddb7120bbb05dd76017792a2bca5b2230969ac26050c80558c3ff3fdfc13fc1ec61ecc916bb70e993d9c31c71cbe2cad0ed699ceaa25d5ba53d08696a1e3dab819e95f16bd28d7cd909168a07f88870c7b294a0327958bcef1af4c9acefaa367db2c3b79cb0405219a3e03b85e6778a048ad97d37d473b432150cc15758de35c07a12d106139ffe0deb82fec31dc347c1f75dee61f8c92a6b99479126a64e50d8b66d599661db06fe83bf306217f1fbf1cae49fdcf18f54fa1e1599c260d64195e3ab04807b96c9be2f7e72d1966dabc7ab8ed3b3aa71a03535ec41223d0795adbbbc2df766e287053035ad694ef0e4a4d6fd87a9a1d655ae72282657598e22e880f95018e700cc040733a12310a899e0b20373a1082c300b05d50e24da81beaa20513584e402d20b0b92fbc1055f19f295cd736a056c880dc6d9a8267c20a4d28e216859f0e49496a3624aac5bf77f21dd8cd960c4ba1dbfb26add017492e00c415040a01300519675ab4ceb6a0eeb968db4a8c048ebbc04fecf2c163f01e50d44aac04be0475ace4bc818691142f859164244307c416e23440443887cdd41083fcb40887c1ddf77c5951d9575a46c083328f7a065064f76674f2682cd9e6c5331fc962362ba41cb261133cd03d1234e851efa0188afec7b203a56ed7350000183019ee950abc703a9c11b341ce3ed59510c140678811d9206bdc122ba30efac1556c40cc72f3be4c969bad0f5d07594e962e65cb39f5be42fdbdc2f94a86c59773e94c4e00379b7e37b6033ebce5a03c4c4948e51f9f4fcf24d150c0cc73d272298688cd2ca7a834ccf4895cd17f05e550c0cc7397404f305bf92918ad9334d97cccda66943085dd3c59fb6699249d1354d7c619a66fcbe41ef63af5f795607060a63eda5126fd9a62d5bac65b998223f2a658c4a78fddabb9a40501cafa0c3b946c2312acd8f5253bdc1a8ea04dea07da73e0c0cc70e3463de74d4d711a1f0c728a35cb1adebf582a0d6e196942618a3fc357da6d7efdb98ad7ea819438f0d56c890af01c44b52f1489b8622e8adfc72a8561c1fc676817577882234f66030e0c62433182cd8fde0c23c6f0604350e856bd91f0d056244c5641e881a3a15e235bdc57bfdca3f1ac24061dc85592b19ce035105de60be91d67ada1c0802e38e9dcb1b5463de204cf56905de0db4ee3509823aecbcdf147ad3111411c748eba9fe12418ff8b002afdfdfd1541ad50483f16f56c47be6f65263ae367557d47cde20efd31a8d832030de5a529f564df8b46a1a48a12e8c5f9b07414dbca02e94d83a9b2d70d356c3cfda0041608c61da0a7fb61d30135341dc1895ed0dc2974dcd1349187aca918d50cc22f3051ab70502c37807e5f345649b8ccedde1261be4f702f13c699bec824e9ac65a6b20308c5fddb065db948989e7eec01bf4c7289937f8a2451018c65b98b6239cf4a372fbb4c69d5641100bd7e43e2d87821c0418ec20c030e217b66107ff64b468143e8ce766705e118a211693b36e5572c28315f5ae651018c6335360ddc2b55ede75774b3345040518a38c757730d292c34cc80e2b216417dcc927f4cf540dd8767fa230de99ec3417f2a7b90231030f44957b204ac38e6c1a8cbbf293f522de2046b1d30908dca7b2f706796f304317afbb41d103e78a4417116f50b867ceaf3750cb530587028462543dbfb0de7485a207fe51d7f985f1b633105819464d6c16a54d2f3001e38991c56671f2b0599cbb1d82c0ca40b5b059ace75da2c07e0813bc129bc536c79d82e8813545c666b172b2599e748ba20776500d6c962e3ca8088a5fad7c6c96a8aa6cfec27dd931086cdfd93d2a8bcd62b5bb4e15c2b85b99cdd2894b1e43f13473a4751c9e26e220d79d6d5fe1f9ce553a9d2c7c14c0549054cc2c0f04beea1e05ee525a356fd0ead2fb98a1780f2b79835a47cba368011f8c0c5d64587787ee6c58f0588bb2fc28e98a751ecc02c378e95462b33470ac5da2807398c9662147b2d8510f6922d891f769225af7b30529e0bac2d82c2962ca77d550e7ee072b0048fda80c364b77db06b14236111c2d7d8753ca1271bbf6ca830276ec0a6c966eb6049305dc712ab059eecf0b8a27b03c9ba5f3155250c02b5b46ba919f4e9ecc090832d49667b374bc711016f0efb9d92cfea93de72cce852f480af810a2488aa9491914cefce80238a5d92c704ea66eba775e9acd324f28500e368b2d64b3ccc7ea8216bcf44e25dd60bb908e517384c22dcf66991b14c4a9cd62b3f893a24f13092745638eecc24a173364b308fda8391a697fb44ab3591c7d6e509c59c9156b9ccd423821ec337261cc0f8a776eba9896215feb397383e24505368bc579e600b4e9a6c71a03ef73b0596082264236175cd3fe257cd3f9e8f0ac252034d6c3c5a7c8ebc8cf9474315d27633f2ae400838be1b07f7a74061a85c2a2555c5cae0e878711146f1de97e947c6ff03c44d11bf6fb4382e4c17dd00414f6d0371f2f57482bfde1c7088a1d2465b3c84f8ac3690f808d3e2da48dd54b5f2975bd22c65470b8b94111d0662e222890fc2c49ba67ae72cb24b0d90f0b6e6cb87afce0fa9b20644925f1c1fd8f97a72100d602cff0033f5639bfd0b8f33070cc371240e9af9e5e1efd3203930b1057f7cda7a3cbcd956114007b38cfa021676215ce2f8c7712142196617f63f3f4f2c1c5a7d7205759fb74f1e0f27873a32f925f84e23c43173c9bc58db159b06ece335144d0e0b2b1b2b2797a7c7c78f8e0e8e8e3c7ebac5c1ce17278787c7cbab9b21154953f8e2796811d9864b37062669dc270e6bd2a6d55884850723fe2233fe156781b979c779bb3b81e6bb905a8a5f0f305785e9acdc22edc8090030edb45d1dfe4509cdbd5d82c8ecf0606a05d0c5819dcf0b8a349cf2f32d82cba86fc8552ebaae80f8f82df0f7cb04ab05922178a1f74a86d104197220150de9b55d92cf0014571d93e0a36d662d7108c2bb35926c7a0fd018aa138a5288e861f955c6c165721b39ee2063411f27eb24b69220a1cad1014a71da0e80fc919109e6ca78a4bd92cae6244c5740231333c1034f1862468471720fafd15127a67a33f1a6b95b8cd9ae691b1a2f551d62fc34bfa037a13548ddbbcebe1871dad7484a23fdc3c22ab9a29ca8ecd223b9da428bae94e3e0ef231ca7cd75ebe62bdf23a44302b233bebfd0bf9eec19ca038c98acd12eee4407f8b04863b3970322728a05c4cf9ae9a362728f4ac77c4a43b9cda9cf428358ccd5282cd629fcc058abe592d368b3bea1a002ede24f33dd68cd82cd3ae21e0e29d548ccde2ce83618c8c686c96a26c16acba39e8525394f9aebd223b295635a7fbb17674a289de744bb0599080cdc28ec311829d2b638ac5d0989849360bca66b3508e7ad7f63ddaad2336cbb863654c9d3a62b3a06e2d032ff4f2c66649da854f1341f81770bb44e15d919845a976918bcdc25477d2659fca1d3f2a2b368bd55d9f1a8df3c766c98aabe64e3b8231da75a311ddd2e6ee7c31eeba01418ca2ced82c56bf036d7813376f6c960ccf3d2856fb9d6a742565c847d617d2b51e1f9b65d2ee48e5117f5c1479a9526c1645d99d8edad28737f2267474cc8a899a64b3883617c812237c9546db6dc7a9f226274ed0b22f864c4c571a5b3e19131ab5b3681a397e94e2b4ac2705d92cf1f084edb88653a740dc663efa749e585ef84770da00e15da1b498a869f38592239eb91ec6336fa34b8d8cc2f1cc93aa93c6966f65834ae1f63c6a8c2dcf651a6ade30c8f653f14c4382733d4a13616fa94307f9f97ee87dd8fc58eb9d385ccb366d39eb5caf60fe0bb4db78971ad94184fc3a320de99131cabfaf598d77a9a9523c174916f760f64ffe85dd3408efcae0037a1831314ab15912397a1a3f98198dfd96670b86aa998604289ca6a7ef292a8122478f8a6690329a1da5bcdd44cb397a5441ebd69bde12f1daca34d42888ab5239dd221ccec8ac17cc3d0e3febe1ca4a93538667b0c068b396fd592f12918c8a19e17016f540486e92e62c63b46bb79569c86c6ee69b369869488f671a6aca3fc73e79d94c437a623f2a33d7216a08c404d100a135e5bfc8ca3484b426fa9437314a641acac16689ab2ec8e76034306978d330586b46ced4626c163fca6ef485207261c0ddfa61387ecb308cef3b1343ba93e394ce34e4d40cc31b6aa878a6a15c6c16412e925965586ba7c2dd29e9ebe4dfe194be3b19bf88dcb74feae3e27953c3908a2113d32a9c6988f7979d9dba18cfa32b87cf3b9973a4cdcf6691e51785cfc0a73ad441b6c7f99625de60daae5a894c43c17d93bc85b45919c6686ad0c6ec58cb5690694874226657cb34e4845e3f79a901808fd5d48115e1fff69a34075e25368b60a49dcda84ffc570baa90d04713b768ced454364b240645fcd43e4819aac5f38b82e0358f77ab257178d3ddb0e548ce54d6b21feb3138b58fc4a0889cda17cb6ec379fd4a18e70b80a38d12383c6f37b192d1e559db6bca34c4553ee35f452b8ec3f326340daa20376e56f6ccaa998638af3f1a66b4280eafbfaba1f49ca94575a1a4b0bc34bf7772a0d9d908ab8c12115f098ed59c6f157afd2bda1823a8f8168710d33a6f17fe2a339de5a5e566b388c6284b90fe89bc6e729a07c7c6091990c2dfa7d0185596cd129b2f889e9594107e18c883950c201bababb2954ccef9422dcc6649ccddc64eea0bd018c7ebe31f52816cacacae6cae3af1e9d82c3a779762b344bd7e271d44d0b32e45333a86800bfed0c345683cf7bcdc8fca788ba448f64c5b0e82e100d7379210c87f2b5817631e4532977af1dd83bc8491b0b8992018102cf1461c02f90f7f9c146f555a8a6795b5726693059b2bf4a7276fadafae6eae6c3214f4e324cf9e51c2ba256f2e085048475ae349ce500de094fdf29be46385e920e85127f1ae8de27db760865f797cda289b05ba8a913b0103380efa8fffe7ec6f1bde8919265016b6ec428ecde2df97c5a72d94f9ba48365970897f75d2a928804da2057cb9414cc5a374657f2f5560dd220f44fe7655a1bdc15705027f101481065688f8a1ad3314e2be5b766f30f729ccb850921bc97bed7951e43f855172ec99534f53795f2c020b78204121f59e4bec992755273abf3014fd75c13032321457b9f7b5eb64b320b7787e65398a9cba28c266f117b891b7d4839c0bf8be5d2af73b384a47316147757ef8c6b0e52067aa837c360b152360b3c42a7362e6b06e4d795b2626914c171398dfbab55ad82c08be2815584982a23f652852e78b3ad82c91bc30cab864907c290a33934e502b9bc52a9d0e5786a29fcdb3f47b502d6c16e359e9a063b210225e5e1495d92c44956ec1992e8242126f6a6415e95129f7f3b2598cf715a2bf45e2b0c5518cf358b7560b9bc538af00a20736d25190adcda0efd6e247a5e7d7b32a255c900611c193378d2b660b53e68562d8b3347f19f9f5523d10ab5a4a5f705fb62b3545f57a2069de20727a9542224a07dafe4847ad788346c5fc61f26072de04d5ea99a78d5115336f8137f26dce9191b2624ddb332fb362b5cd8a2136b3c366190e12af6452ce2f4ae4c6ad9ae0304704336fa2234e1742565c1a9b2591a75898335ad11b570579856a7aa5433b91069a67b3387cce68516a6b299be569e3aaf081f4af2cd283caeeaa25cf2fb85ceaa8aa2a32627646814c76d9f150cd6c16b3aa554867bc2410cf9b9c50e72e14c38e7256ec126c968a591a01281cfccbc346b2eb92f5442d6c16aac78a19ab4ac68924d63e76cab359ec681a00f77a355514eb4f5120fd09a4675d26cb46807b19958c9e8805175cb602db4e63b368d53a54c58878e415d69359af28cf66a99623ba06ae1101b24b85a9c066b12ae5372c30c8ca80106bb715eca5d0cca522360b97510589181455d27ed618019658bb81adb71c9bc5a86016926dcd7240fa57bb0edb822bc866299fb00a34108b974e89c1568394cdc2bbc008969e2d9a00e103999e706b3d27be3014b05960d99d0fd060fc57cfeb5f694e01360b14b06d7281e8ad341ab0d31b4dc6666e364bb92c8d005c6f124280035a3eb52593cd520605a8679ac8c4e1e1b1371f9b25f7b93c87e1a2a5f0af4bde34be7b2064b3d8ff7151100500f7ab139cf361583ab8b9bfff4fdb8c076d49ac58a7c3421e2d00e0aca5d0d44b3fdc18ac6f0db6d6d7affd165b18c6510cbde183fc24099206a5253df4976f0e060bac0c1e2e7e8322360b3576cbdedb5f5ace898240787d58860d5ca62cf5f7d617c23278f8d9f087d6049bc5bd35d8da7af49f3973a25cbfdcc89fcea26259dede1a2c44cac39f0c4dbc37b8486a0e7e97a3a0087e39dc2c9091a33a88c7eb0bf1b2be88f893e219fdf62756f5abc4a7a509750e37fb2d2248f4a6a06c2dc2994f3bdb33773f3ff4fbdc7fa5a020103e9eb68b0097e5835b030108ac8d9fdcc4f9c56f0f03cbf94388824068b51b05206e8a14c16ce3338c9f5f8480ff14a0c0180ebb08cfbeb4f428150486f14d8bb059e097add9bdaf220ab990e6db7859de1e887b93df6d6e292659870763d4b787dccdf8c21b803f1e1f2c2d2fb58d61a9ffb34411d434be281c9bc5dee3200ffe056220fe1c0cd607376ef75b05b2b47c5baa08d6a7a016b259fec9ab62213a6300f03b7d1876621eddfc6179a92524cb07c2f135dea7ae29b6edc79687b15bffcd67bf025f67bf0876c5f6f60fda00b2d4bfb19ea908aa0c2b1869d1e7186a6e940a3431033258bff578bb612359ee3fce8701cbf353c066b113d34a78d68d6d22f9cdf541837d6b0963887b4d526530368bf23ff10e18da37f82be527d8222ae9d78f6469f9e0e70218b023f2858db4ca5ee25bb7666f147e4dff3e35f75aad0477d4db7b79fbd24c5648d82c303a4031017dcb007fc81f495472e3763d9d6b6979791bafe60a62201338f50617455ffc8bbda42a5145124979284bd8186effbc551cc202e95208a3b093aa58f0fd73f057de91627dfdd6cf37c9fc5e18ca1241b0fd78af1c04d2f61e992f3e6f09ef110307ff2af064ac9385bdc7b70f9673425922f22fffb0bd7f636f7d3d7b964e2f0ff59eea246d9b0985fb14f8df820f1c902d8abd1bfbdb077d0a260187fe1b167eb97fb07dfbf10dac81f5422392a8acffd643df841d6a818e5379cc22590678665cdfbaf5e8c6fefe368643ed7679998d0007dbdbfbfb371eed2d60f1b102aa02a065eb730f7d11762852be9644e19701550c29b76859f0afb60635493f6be8ef9e60b298ddfdbd708feaa40c167b4a5a8722b77fffb33d592a94bdde6f1214d836da12a45219f4c4e3ecf7556ef5feaed5d03a29d82e84eec7f755fe9fa0f8d2dbeb5a86ea05cf7adfbf2ab06bde4b9ff4be9f027b8bd421f89ecbd6df4aefcbe2e2b56bd71617833f669fe9178d562ef1b06fcaff01c51f8b5ce66688320000000049454e44ae426082, 10);

-- --------------------------------------------------------

--
-- Table structure for table `payment`
--

DROP TABLE IF EXISTS `payment`;
CREATE TABLE IF NOT EXISTS `payment` (
  `id` int(11) NOT NULL AUTO_INCREMENT,
  `created_at` datetime(6) NOT NULL,
  `created_by` varchar(255) NOT NULL,
  `updated_at` datetime(6) NOT NULL,
  `updated_by` varchar(255) NOT NULL,
  `amount` decimal(10,2) NOT NULL,
  `number` varchar(255) DEFAULT NULL,
  `payment_date` date DEFAULT NULL,
  `payment_method` varchar(255) DEFAULT NULL,
  `sample_receiving_id` int(11) DEFAULT NULL,
  PRIMARY KEY (`id`),
  KEY `FKjrgj4j0fxoolb4qsx9jjkr5y5` (`sample_receiving_id`)
) ENGINE=InnoDB AUTO_INCREMENT=22 DEFAULT CHARSET=utf8mb4 COLLATE=utf8mb4_0900_ai_ci;

--
-- Dumping data for table `payment`
--

INSERT INTO `payment` (`id`, `created_at`, `created_by`, `updated_at`, `updated_by`, `amount`, `number`, `payment_date`, `payment_method`, `sample_receiving_id`) VALUES
(3, '2021-01-10 04:25:59.785159', 'sarithag', '2021-01-10 04:25:59.785159', 'sarithag', '200000.00', 'GRIP210000', '2021-01-09', 'CASH', 2),
(4, '2021-01-10 04:38:01.579193', 'sarithag', '2021-01-10 04:38:01.579193', 'sarithag', '300000.00', 'GRIP210001', '2021-01-09', 'CASH', 4),
(6, '2021-01-10 04:40:59.502507', 'sarithag', '2021-01-10 04:40:59.502507', 'sarithag', '30000.00', 'GRIP210003', '2021-01-09', 'CASH', 6),
(7, '2021-01-10 04:48:30.239982', 'sarithag', '2021-01-10 04:48:30.239982', 'sarithag', '375000.00', 'GRIP210004', '2021-01-09', 'CASH', 4),
(8, '2021-01-10 04:50:59.596966', 'sarithag', '2021-01-10 04:50:59.596966', 'sarithag', '500000.00', 'GRIP210005', '2021-01-09', 'CREDIT', 5),
(9, '2021-02-25 05:01:09.352726', 'sarithag', '2021-02-25 05:01:09.352726', 'sarithag', '200000.00', 'GRIP210006', '2021-02-24', 'CASH', 7),
(10, '2021-02-25 05:02:18.086453', 'sarithag', '2021-02-25 05:02:18.086453', 'sarithag', '100000.00', 'GRIP210007', '2021-02-24', 'CREDIT', 8),
(11, '2021-02-25 05:02:18.308423', 'sarithag', '2021-02-25 05:02:18.308423', 'sarithag', '100000.00', 'GRIP210008', '2021-02-24', 'CREDIT', 8),
(12, '2021-02-25 05:02:35.793921', 'sarithag', '2021-02-25 05:02:35.793921', 'sarithag', '200000.00', 'GRIP210009', '2021-02-24', 'CREDIT', 9),
(13, '2021-02-25 05:02:51.102887', 'sarithag', '2021-02-25 05:02:51.102887', 'sarithag', '100000.00', 'GRIP210010', '2021-02-24', 'CASH', 10),
(14, '2021-02-25 05:03:09.749661', 'sarithag', '2021-02-25 05:03:09.749661', 'sarithag', '500000.00', 'GRIP210011', '2021-02-24', 'CREDIT', 11),
(15, '2021-03-01 05:15:51.118048', 'sarithag', '2021-03-01 05:15:51.118048', 'sarithag', '75000.00', 'GRIP210012', '2021-02-28', 'CREDIT', 13),
(16, '2021-03-10 05:21:58.096085', 'sarithag', '2021-03-10 05:21:58.096085', 'sarithag', '37500.00', 'GRIP210013', '2021-03-09', 'CASH', 14),
(17, '2021-03-23 05:42:23.476929', 'sarithag', '2021-03-23 05:42:23.476929', 'sarithag', '100000.00', 'GRIP210014', '2021-03-23', 'CREDIT', 16),
(18, '2021-04-22 05:47:27.052711', 'sarithag', '2021-04-22 05:47:27.052711', 'sarithag', '100000.00', 'GRIP210015', '2021-04-22', 'CREDIT', 17),
(19, '2021-04-04 05:53:37.341008', 'sarithag', '2021-04-04 05:53:37.341008', 'sarithag', '450000.00', 'GRIP210016', '2021-04-04', 'CREDIT', 18),
(20, '2021-04-16 05:58:33.689157', 'sarithag', '2021-04-16 05:58:33.689157', 'sarithag', '100000.00', 'GRIP210017', '2021-04-16', 'CASH', 19),
(21, '2021-04-20 06:02:06.252122', 'sarithag', '2021-04-20 06:02:06.252122', 'sarithag', '100000.00', 'GRIP210018', '2021-04-20', 'CREDIT', 20);

-- --------------------------------------------------------

--
-- Table structure for table `role`
--

DROP TABLE IF EXISTS `role`;
CREATE TABLE IF NOT EXISTS `role` (
  `id` int(11) NOT NULL AUTO_INCREMENT,
  `created_at` datetime(6) NOT NULL,
  `created_by` varchar(255) NOT NULL,
  `updated_at` datetime(6) NOT NULL,
  `updated_by` varchar(255) NOT NULL,
  `role_name` varchar(255) NOT NULL,
  PRIMARY KEY (`id`)
) ENGINE=InnoDB AUTO_INCREMENT=9 DEFAULT CHARSET=utf8mb4 COLLATE=utf8mb4_0900_ai_ci;

--
-- Dumping data for table `role`
--

INSERT INTO `role` (`id`, `created_at`, `created_by`, `updated_at`, `updated_by`, `role_name`) VALUES
(1, '2021-01-01 08:13:49.999038', 'anonymousUser', '2021-01-01 08:13:49.999038', 'anonymousUser', 'ADMIN'),
(2, '2021-01-01 08:13:50.368133', 'anonymousUser', '2021-01-01 08:13:50.368133', 'anonymousUser', 'SQA'),
(3, '2021-01-01 08:13:50.551781', 'anonymousUser', '2021-01-01 08:13:50.551781', 'anonymousUser', 'QA'),
(4, '2021-01-01 08:13:50.625893', 'anonymousUser', '2021-01-01 08:13:50.625893', 'anonymousUser', 'TM'),
(5, '2021-01-01 08:13:50.659355', 'anonymousUser', '2021-01-01 08:13:50.659355', 'anonymousUser', 'LA'),
(6, '2021-01-01 08:13:50.695284', 'anonymousUser', '2021-01-01 08:13:50.695284', 'anonymousUser', 'CA'),
(7, '2021-01-01 08:13:50.743614', 'anonymousUser', '2021-01-01 08:13:50.743614', 'anonymousUser', 'HR'),
(8, '2021-01-01 08:13:50.779512', 'anonymousUser', '2021-01-01 08:13:50.779512', 'anonymousUser', 'ACC');

-- --------------------------------------------------------

--
-- Table structure for table `sample_receiving`
--

DROP TABLE IF EXISTS `sample_receiving`;
CREATE TABLE IF NOT EXISTS `sample_receiving` (
  `id` int(11) NOT NULL AUTO_INCREMENT,
  `created_at` datetime(6) NOT NULL,
  `created_by` varchar(255) NOT NULL,
  `updated_at` datetime(6) NOT NULL,
  `updated_by` varchar(255) NOT NULL,
  `amount` decimal(10,2) NOT NULL,
  `batch_no` varchar(255) DEFAULT NULL,
  `number` varchar(255) DEFAULT NULL,
  `sample_code` varchar(255) DEFAULT NULL,
  `sample_receiving_status` varchar(255) DEFAULT NULL,
  `compound_id` int(11) DEFAULT NULL,
  `customer_id` int(11) DEFAULT NULL,
  `discount_ratio_id` int(11) DEFAULT NULL,
  PRIMARY KEY (`id`),
  KEY `FKnx9yk0isw7j2qrdrlmnqfkvw7` (`compound_id`),
  KEY `FKabotpy92dim50i8xar6dxct27` (`customer_id`),
  KEY `FK8x0822y3hdlctbsvffntygivh` (`discount_ratio_id`)
) ENGINE=InnoDB AUTO_INCREMENT=21 DEFAULT CHARSET=utf8mb4 COLLATE=utf8mb4_0900_ai_ci;

--
-- Dumping data for table `sample_receiving`
--

INSERT INTO `sample_receiving` (`id`, `created_at`, `created_by`, `updated_at`, `updated_by`, `amount`, `batch_no`, `number`, `sample_code`, `sample_receiving_status`, `compound_id`, `customer_id`, `discount_ratio_id`) VALUES
(1, '2021-01-10 04:05:43.903154', 'sarithag', '2021-01-10 04:17:50.163915', 'samindak', '0.00', 'B0001', 'GRIR210000', 'GRIS210000', 'PAID', 1, 1, 1),
(2, '2021-01-10 04:11:49.261145', 'sarithag', '2021-01-10 04:25:59.787146', 'sarithag', '200000.00', 'B0002', 'GRIR210001', 'GRIS210001', 'PAID', 2, 1, 3),
(3, '2021-01-10 04:13:31.022715', 'sarithag', '2021-01-10 04:23:17.092045', 'samindak', '0.00', 'B0002', 'GRIR210002', 'GRIS210002', 'PAID', 3, 1, 4),
(4, '2021-01-10 04:27:51.392314', 'sarithag', '2021-01-10 04:48:30.242973', 'sarithag', '375000.00', 'B3488', 'GRIR210003', 'GRIS210003', 'PAID', 10, 2, 2),
(5, '2021-01-10 04:28:57.011707', 'sarithag', '2021-01-10 04:50:59.598922', 'sarithag', '500000.00', 'B8934', 'GRIR210004', 'GRIS210004', 'PAID', 5, 3, 3),
(6, '2021-01-10 04:29:34.223653', 'sarithag', '2021-01-10 04:40:59.503504', 'sarithag', '30000.00', 'B0030', 'GRIR210005', 'GRIS210005', 'PAID', 4, 4, 2),
(7, '2021-02-25 04:54:09.801297', 'sarithag', '2021-02-25 05:01:09.355720', 'sarithag', '200000.00', 'B0004', 'GRIR210006', 'GRIS210006', 'PAID', 2, 8, 3),
(8, '2021-02-25 04:54:39.784032', 'sarithag', '2021-02-25 05:02:18.088450', 'sarithag', '100000.00', 'B0031', 'GRIR210007', 'GRIS210007', 'PAID', 2, 8, 2),
(9, '2021-02-25 04:55:27.381361', 'sarithag', '2021-02-25 05:02:35.794952', 'sarithag', '200000.00', 'B0032', 'GRIR210008', 'GRIS210008', 'PAID', 2, 5, 3),
(10, '2021-02-25 04:55:59.226552', 'sarithag', '2021-02-25 05:02:51.104844', 'sarithag', '100000.00', 'B0045', 'GRIR210009', 'GRIS210009', 'PAID', 2, 6, 2),
(11, '2021-02-25 04:56:33.265822', 'sarithag', '2021-02-25 05:03:09.750658', 'sarithag', '500000.00', 'B0021', 'GRIR210010', 'GRIS210010', 'PAID', 5, 7, 3),
(12, '2021-03-01 05:06:40.285571', 'sarithag', '2021-03-01 05:12:28.987891', 'samindak', '0.00', 'B0004', 'GRIR210011', 'GRIS210011', 'PAID', 3, 1, 4),
(13, '2021-03-01 05:07:07.671372', 'sarithag', '2021-03-01 05:15:51.121079', 'sarithag', '75000.00', 'B0005', 'GRIR210012', 'GRIS210012', 'PAID', 1, 2, 3),
(14, '2021-03-10 05:19:26.452158', 'sarithag', '2021-03-10 05:21:58.100075', 'sarithag', '37500.00', 'B0023', 'GRIR210013', 'GRIS210013', 'PAID', 1, 6, 2),
(15, '2021-03-15 05:24:50.423789', 'sarithag', '2021-03-15 05:30:22.122011', 'samindak', '0.00', 'B0029', 'GRIR210014', 'GRIS210014', 'PAID', 5, 1, 4),
(16, '2021-03-23 05:40:23.649004', 'sarithag', '2021-03-23 05:42:23.480938', 'sarithag', '100000.00', 'B2345', 'GRIR210015', 'GRIS210015', 'PAID', 6, 7, 2),
(17, '2021-03-30 05:44:12.843948', 'sarithag', '2021-04-22 05:47:27.055703', 'sarithag', '100000.00', 'B0034', 'GRIR210016', 'GRIS210016', 'PAID', 6, 5, 2),
(18, '2021-04-04 05:50:01.201083', 'sarithag', '2021-04-04 05:53:37.362949', 'sarithag', '450000.00', 'B3456', 'GRIR210017', 'GRIS210017', 'PAID', 9, 2, 2),
(19, '2021-04-16 05:56:02.834830', 'sarithag', '2021-04-16 05:58:33.692147', 'sarithag', '100000.00', 'B5643', 'GRIR210018', 'GRIS210018', 'PAID', 2, 7, 2),
(20, '2021-04-20 05:59:40.309375', 'sarithag', '2021-04-20 06:02:06.256113', 'sarithag', '100000.00', 'B4545', 'GRIR210019', 'GRIS210019', 'PAID', 6, 3, 2);

-- --------------------------------------------------------

--
-- Table structure for table `sample_receiving_lab_test`
--

DROP TABLE IF EXISTS `sample_receiving_lab_test`;
CREATE TABLE IF NOT EXISTS `sample_receiving_lab_test` (
  `id` int(11) NOT NULL AUTO_INCREMENT,
  `created_at` datetime(6) NOT NULL,
  `created_by` varchar(255) NOT NULL,
  `updated_at` datetime(6) NOT NULL,
  `updated_by` varchar(255) NOT NULL,
  `acceptability` varchar(255) DEFAULT NULL,
  `lab_test_name` varchar(255) DEFAULT NULL,
  `remarks` varchar(255) DEFAULT NULL,
  `sample_receiving_lab_test_status` varchar(255) DEFAULT NULL,
  `sample_receiving_id` int(11) DEFAULT NULL,
  PRIMARY KEY (`id`),
  KEY `FK8j57592pe714f474p7uyl6o61` (`sample_receiving_id`)
) ENGINE=InnoDB AUTO_INCREMENT=61 DEFAULT CHARSET=utf8mb4 COLLATE=utf8mb4_0900_ai_ci;

--
-- Dumping data for table `sample_receiving_lab_test`
--

INSERT INTO `sample_receiving_lab_test` (`id`, `created_at`, `created_by`, `updated_at`, `updated_by`, `acceptability`, `lab_test_name`, `remarks`, `sample_receiving_lab_test_status`, `sample_receiving_id`) VALUES
(1, '2021-01-10 04:05:43.914125', 'sarithag', '2021-01-10 04:17:50.019618', 'samindak', 'ACCEPT', 'PYSIC', NULL, 'RESULTENTER', 1),
(2, '2021-01-10 04:05:43.940056', 'sarithag', '2021-01-10 04:23:35.334782', 'samindak', 'ACCEPT', 'RHEO', NULL, 'RESULTENTER', 1),
(3, '2021-01-10 04:05:43.944046', 'sarithag', '2021-01-10 04:24:20.697830', 'samindak', 'ACCEPT', 'VIS', NULL, 'RESULTENTER', 1),
(4, '2021-01-10 04:11:49.264137', 'sarithag', '2021-01-10 04:22:20.445856', 'samindak', 'ACCEPT', 'PYSIC', NULL, 'RESULTENTER', 2),
(5, '2021-01-10 04:11:49.266171', 'sarithag', '2021-01-10 04:23:48.940412', 'samindak', 'ACCEPT', 'RHEO', NULL, 'RESULTENTER', 2),
(6, '2021-01-10 04:11:49.268128', 'sarithag', '2021-01-10 04:24:26.110785', 'samindak', 'ACCEPT', 'VIS', NULL, 'RESULTENTER', 2),
(7, '2021-01-10 04:13:31.024706', 'sarithag', '2021-01-10 04:23:16.988324', 'samindak', 'ACCEPT', 'PYSIC', NULL, 'RESULTENTER', 3),
(8, '2021-01-10 04:13:31.026702', 'sarithag', '2021-01-10 04:24:05.217914', 'samindak', 'ACCEPT', 'RHEO', NULL, 'RESULTENTER', 3),
(9, '2021-01-10 04:13:31.028660', 'sarithag', '2021-01-10 04:24:32.540021', 'samindak', 'ACCEPT', 'VIS', NULL, 'RESULTENTER', 3),
(10, '2021-01-10 04:27:51.394302', 'sarithag', '2021-01-10 04:32:52.947777', 'samindak', 'ACCEPT', 'PYSIC', NULL, 'RESULTENTER', 4),
(11, '2021-01-10 04:27:51.396297', 'sarithag', '2021-01-10 04:33:36.145963', 'samindak', 'ACCEPT', 'RHEO', NULL, 'RESULTENTER', 4),
(12, '2021-01-10 04:27:51.398294', 'sarithag', '2021-01-10 04:34:38.760771', 'samindak', 'ACCEPT', 'VIS', NULL, 'RESULTENTER', 4),
(13, '2021-01-10 04:28:57.013704', 'sarithag', '2021-01-10 04:30:09.230469', 'samindak', 'REJECT', 'PYSIC', NULL, NULL, 5),
(14, '2021-01-10 04:28:57.014701', 'sarithag', '2021-01-10 04:33:48.436945', 'samindak', 'ACCEPT', 'RHEO', NULL, 'RESULTENTER', 5),
(15, '2021-01-10 04:28:57.016701', 'sarithag', '2021-01-10 04:34:48.643715', 'samindak', 'ACCEPT', 'VIS', NULL, 'RESULTENTER', 5),
(16, '2021-01-10 04:29:34.225647', 'sarithag', '2021-01-10 04:33:19.722782', 'samindak', 'ACCEPT', 'PYSIC', NULL, 'RESULTENTER', 6),
(17, '2021-01-10 04:29:34.227681', 'sarithag', '2021-01-10 04:34:01.397158', 'samindak', 'ACCEPT', 'RHEO', NULL, 'RESULTENTER', 6),
(18, '2021-01-10 04:29:34.228638', 'sarithag', '2021-01-10 04:35:00.420344', 'samindak', 'ACCEPT', 'VIS', NULL, 'RESULTENTER', 6),
(19, '2021-02-25 04:54:09.813228', 'sarithag', '2021-02-25 04:58:20.588707', 'samindak', 'ACCEPT', 'PYSIC', NULL, 'RESULTENTER', 7),
(20, '2021-02-25 04:54:09.816263', 'sarithag', '2021-03-01 05:13:23.444773', 'samindak', 'ACCEPT', 'RHEO', NULL, 'RESULTENTER', 7),
(21, '2021-02-25 04:54:09.818251', 'sarithag', '2021-02-25 04:59:55.151351', 'samindak', 'ACCEPT', 'VIS', NULL, 'RESULTENTER', 7),
(22, '2021-02-25 04:54:39.786026', 'sarithag', '2021-02-25 04:58:39.039439', 'samindak', 'ACCEPT', 'PYSIC', NULL, 'RESULTENTER', 8),
(23, '2021-02-25 04:54:39.788025', 'sarithag', '2021-03-01 05:13:35.341921', 'samindak', 'ACCEPT', 'RHEO', NULL, 'RESULTENTER', 8),
(24, '2021-02-25 04:54:39.790017', 'sarithag', '2021-02-25 05:00:00.605892', 'samindak', 'ACCEPT', 'VIS', NULL, 'RESULTENTER', 8),
(25, '2021-02-25 04:55:27.384398', 'sarithag', '2021-02-25 04:59:00.496885', 'samindak', 'ACCEPT', 'PYSIC', NULL, 'RESULTENTER', 9),
(26, '2021-02-25 04:55:27.386385', 'sarithag', '2021-03-01 05:13:47.627995', 'samindak', 'ACCEPT', 'RHEO', NULL, 'RESULTENTER', 9),
(27, '2021-02-25 04:55:27.388342', 'sarithag', '2021-02-25 05:00:06.372059', 'samindak', 'ACCEPT', 'VIS', NULL, 'RESULTENTER', 9),
(28, '2021-02-25 04:55:59.238557', 'sarithag', '2021-02-25 04:59:21.065579', 'samindak', 'ACCEPT', 'PYSIC', NULL, 'RESULTENTER', 10),
(29, '2021-02-25 04:55:59.240515', 'sarithag', '2021-03-01 05:14:09.627046', 'samindak', 'ACCEPT', 'RHEO', NULL, 'RESULTENTER', 10),
(30, '2021-02-25 04:55:59.242545', 'sarithag', '2021-02-25 05:00:14.238169', 'samindak', 'ACCEPT', 'VIS', NULL, 'RESULTENTER', 10),
(31, '2021-02-25 04:56:33.267816', 'sarithag', '2021-02-25 04:59:44.449190', 'samindak', 'ACCEPT', 'PYSIC', NULL, 'RESULTENTER', 11),
(32, '2021-02-25 04:56:33.269811', 'sarithag', '2021-03-01 05:14:21.548840', 'samindak', 'ACCEPT', 'RHEO', NULL, 'RESULTENTER', 11),
(33, '2021-02-25 04:56:33.271805', 'sarithag', '2021-02-25 05:00:20.728791', 'samindak', 'ACCEPT', 'VIS', NULL, 'RESULTENTER', 11),
(34, '2021-03-01 05:06:40.302525', 'sarithag', '2021-03-01 05:12:28.849356', 'samindak', 'ACCEPT', 'PYSIC', NULL, 'RESULTENTER', 12),
(35, '2021-03-01 05:06:40.305515', 'sarithag', '2021-03-01 05:14:33.167668', 'samindak', 'ACCEPT', 'RHEO', NULL, 'RESULTENTER', 12),
(36, '2021-03-01 05:06:40.308506', 'sarithag', '2021-03-01 05:14:56.078147', 'samindak', 'ACCEPT', 'VIS', NULL, 'RESULTENTER', 12),
(37, '2021-03-01 05:07:07.673365', 'sarithag', '2021-03-01 05:12:54.842829', 'samindak', 'ACCEPT', 'PYSIC', NULL, 'RESULTENTER', 13),
(38, '2021-03-01 05:07:07.676359', 'sarithag', '2021-03-01 05:14:44.193735', 'samindak', 'ACCEPT', 'RHEO', NULL, 'RESULTENTER', 13),
(39, '2021-03-01 05:07:07.678352', 'sarithag', '2021-03-01 05:15:02.726331', 'samindak', 'ACCEPT', 'VIS', NULL, 'RESULTENTER', 13),
(40, '2021-03-10 05:19:26.462130', 'sarithag', '2021-03-10 05:20:24.962763', 'samindak', 'ACCEPT', 'PYSIC', NULL, 'RESULTENTER', 14),
(41, '2021-03-10 05:19:26.466120', 'sarithag', '2021-03-10 05:21:17.325907', 'samindak', 'ACCEPT', 'RHEO', NULL, 'RESULTENTER', 14),
(42, '2021-03-10 05:19:26.468116', 'sarithag', '2021-03-10 05:21:29.172915', 'samindak', 'ACCEPT', 'VIS', NULL, 'RESULTENTER', 14),
(43, '2021-03-15 05:24:50.434756', 'sarithag', '2021-03-15 05:30:21.832178', 'samindak', 'ACCEPT', 'PYSIC', NULL, 'RESULTENTER', 15),
(44, '2021-03-15 05:24:50.437752', 'sarithag', '2021-03-15 05:30:40.097557', 'samindak', 'ACCEPT', 'RHEO', NULL, 'RESULTENTER', 15),
(45, '2021-03-15 05:24:50.440742', 'sarithag', '2021-03-15 05:30:53.485063', 'samindak', 'ACCEPT', 'VIS', NULL, 'RESULTENTER', 15),
(46, '2021-03-23 05:40:23.660972', 'sarithag', '2021-03-23 05:41:08.276011', 'samindak', 'ACCEPT', 'PYSIC', NULL, 'RESULTENTER', 16),
(47, '2021-03-23 05:40:23.663964', 'sarithag', '2021-03-23 05:41:37.862167', 'samindak', 'ACCEPT', 'RHEO', NULL, 'RESULTENTER', 16),
(48, '2021-03-23 05:40:23.665960', 'sarithag', '2021-03-23 05:41:47.119350', 'samindak', 'ACCEPT', 'VIS', NULL, 'RESULTENTER', 16),
(49, '2021-03-30 05:44:12.854918', 'sarithag', '2021-04-22 05:46:25.659743', 'samindak', 'ACCEPT', 'PYSIC', NULL, 'RESULTENTER', 17),
(50, '2021-03-30 05:44:12.858908', 'sarithag', '2021-04-22 05:46:45.856644', 'samindak', 'ACCEPT', 'RHEO', NULL, 'RESULTENTER', 17),
(51, '2021-03-30 05:44:12.861901', 'sarithag', '2021-04-22 05:46:59.321697', 'samindak', 'ACCEPT', 'VIS', NULL, 'RESULTENTER', 17),
(52, '2021-04-04 05:50:01.214046', 'sarithag', '2021-04-04 05:52:10.980098', 'samindak', 'ACCEPT', 'PYSIC', NULL, 'RESULTENTER', 18),
(53, '2021-04-04 05:50:01.216043', 'sarithag', '2021-04-04 05:52:38.707891', 'samindak', 'ACCEPT', 'RHEO', NULL, 'RESULTENTER', 18),
(54, '2021-04-04 05:50:01.219035', 'sarithag', '2021-04-04 05:52:59.970417', 'samindak', 'ACCEPT', 'VIS', NULL, 'RESULTENTER', 18),
(55, '2021-04-16 05:56:02.848793', 'sarithag', '2021-04-16 05:57:33.981210', 'samindak', 'ACCEPT', 'PYSIC', NULL, 'RESULTENTER', 19),
(56, '2021-04-16 05:56:02.851785', 'sarithag', '2021-04-16 05:57:52.009318', 'samindak', 'ACCEPT', 'RHEO', NULL, 'RESULTENTER', 19),
(57, '2021-04-16 05:56:02.853780', 'sarithag', '2021-04-16 05:58:06.146944', 'samindak', 'ACCEPT', 'VIS', NULL, 'RESULTENTER', 19),
(58, '2021-04-20 05:59:40.321342', 'sarithag', '2021-04-20 06:00:56.353627', 'samindak', 'ACCEPT', 'PYSIC', NULL, 'RESULTENTER', 20),
(59, '2021-04-20 05:59:40.324335', 'sarithag', '2021-04-20 06:01:17.483725', 'samindak', 'ACCEPT', 'RHEO', NULL, 'RESULTENTER', 20),
(60, '2021-04-20 05:59:40.326329', 'sarithag', '2021-04-20 06:01:31.766235', 'samindak', 'ACCEPT', 'VIS', NULL, 'RESULTENTER', 20);

-- --------------------------------------------------------

--
-- Table structure for table `sample_receiving_lab_test_result`
--

DROP TABLE IF EXISTS `sample_receiving_lab_test_result`;
CREATE TABLE IF NOT EXISTS `sample_receiving_lab_test_result` (
  `id` int(11) NOT NULL AUTO_INCREMENT,
  `created_at` datetime(6) NOT NULL,
  `created_by` varchar(255) NOT NULL,
  `updated_at` datetime(6) NOT NULL,
  `updated_by` varchar(255) NOT NULL,
  `lab_test_result_status` varchar(255) DEFAULT NULL,
  `result` float NOT NULL,
  `sample_receiving_lab_test_id` int(11) DEFAULT NULL,
  `specification_id` int(11) DEFAULT NULL,
  PRIMARY KEY (`id`),
  KEY `FKtirgedd4r2hfnw8rgjd6qfepo` (`sample_receiving_lab_test_id`),
  KEY `FK69g6rqxksfvbqkdasu077vw2p` (`specification_id`)
) ENGINE=InnoDB AUTO_INCREMENT=272 DEFAULT CHARSET=utf8mb4 COLLATE=utf8mb4_0900_ai_ci;

--
-- Dumping data for table `sample_receiving_lab_test_result`
--

INSERT INTO `sample_receiving_lab_test_result` (`id`, `created_at`, `created_by`, `updated_at`, `updated_by`, `lab_test_result_status`, `result`, `sample_receiving_lab_test_id`, `specification_id`) VALUES
(1, '2021-01-10 04:14:08.691404', 'samindak', '2021-01-10 04:17:50.020622', 'samindak', 'PASS', 1.5, 1, 1),
(2, '2021-01-10 04:14:08.726792', 'samindak', '2021-01-10 04:17:50.020622', 'samindak', 'PASS', 68, 1, 2),
(3, '2021-01-10 04:14:08.728754', 'samindak', '2021-01-10 04:17:50.021616', 'samindak', 'PASS', 46, 1, 3),
(4, '2021-01-10 04:14:08.731754', 'samindak', '2021-01-10 04:17:50.022630', 'samindak', 'PASS', 35, 1, 4),
(5, '2021-01-10 04:14:08.733740', 'samindak', '2021-01-10 04:17:50.022630', 'samindak', 'PASS', 35, 1, 5),
(6, '2021-01-10 04:14:08.735768', 'samindak', '2021-01-10 04:17:50.022630', 'samindak', 'PASS', 36, 1, 6),
(7, '2021-01-10 04:14:08.738726', 'samindak', '2021-01-10 04:17:50.023612', 'samindak', 'FAIL', 2, 1, 7),
(8, '2021-01-10 04:14:08.741718', 'samindak', '2021-01-10 04:17:50.023612', 'samindak', 'FAIL', 32, 1, 8),
(9, '2021-01-10 04:14:08.744709', 'samindak', '2021-01-10 04:17:50.024615', 'samindak', 'PASS', 35, 1, 9),
(10, '2021-01-10 04:14:12.827171', 'samindak', '2021-01-10 04:22:20.445856', 'samindak', 'PASS', 46, 4, 15),
(11, '2021-01-10 04:14:12.830163', 'samindak', '2021-01-10 04:22:20.446848', 'samindak', 'PASS', 13, 4, 16),
(12, '2021-01-10 04:14:12.832158', 'samindak', '2021-01-10 04:22:20.446848', 'samindak', 'PASS', 15, 4, 17),
(13, '2021-01-10 04:14:12.834829', 'samindak', '2021-01-10 04:22:20.446848', 'samindak', 'FAIL', 13, 4, 18),
(14, '2021-01-10 04:14:12.835826', 'samindak', '2021-01-10 04:22:20.447843', 'samindak', 'FAIL', 565, 4, 19),
(15, '2021-01-10 04:14:12.868829', 'samindak', '2021-01-10 04:22:20.447843', 'samindak', 'FAIL', 325, 4, 20),
(16, '2021-01-10 04:14:12.871819', 'samindak', '2021-01-10 04:22:20.448841', 'samindak', 'FAIL', 56, 4, 21),
(17, '2021-01-10 04:14:12.874777', 'samindak', '2021-01-10 04:22:20.448841', 'samindak', 'PASS', 16, 4, 22),
(18, '2021-01-10 04:14:12.877518', 'samindak', '2021-01-10 04:22:20.449803', 'samindak', 'PASS', 16, 4, 23),
(19, '2021-01-10 04:14:14.914789', 'samindak', '2021-01-10 04:23:16.989331', 'samindak', 'PASS', 1.5, 7, 29),
(20, '2021-01-10 04:14:14.916783', 'samindak', '2021-01-10 04:23:16.990319', 'samindak', 'PASS', 45, 7, 30),
(21, '2021-01-10 04:14:14.917780', 'samindak', '2021-01-10 04:23:16.991314', 'samindak', 'PASS', 46, 7, 31),
(22, '2021-01-10 04:14:14.919775', 'samindak', '2021-01-10 04:23:16.992315', 'samindak', 'PASS', 44, 7, 32),
(23, '2021-01-10 04:14:14.920769', 'samindak', '2021-01-10 04:23:16.992315', 'samindak', 'FAIL', 49, 7, 33),
(24, '2021-01-10 04:14:14.923784', 'samindak', '2021-01-10 04:23:16.993312', 'samindak', 'PASS', 16, 7, 34),
(25, '2021-01-10 04:14:14.926791', 'samindak', '2021-01-10 04:23:16.993312', 'samindak', 'PASS', 28, 7, 35),
(26, '2021-01-10 04:14:14.928764', 'samindak', '2021-01-10 04:23:16.994314', 'samindak', 'PASS', 44, 7, 36),
(27, '2021-01-10 04:14:14.929754', 'samindak', '2021-01-10 04:23:16.994314', 'samindak', 'PASS', 46, 7, 37),
(28, '2021-01-10 04:15:31.714264', 'samindak', '2021-01-10 04:23:35.335781', 'samindak', 'PASS', 56, 2, 10),
(29, '2021-01-10 04:15:31.716259', 'samindak', '2021-01-10 04:23:35.336804', 'samindak', 'FAIL', 88, 2, 11),
(30, '2021-01-10 04:15:31.718286', 'samindak', '2021-01-10 04:23:35.337779', 'samindak', 'PASS', 45, 2, 12),
(31, '2021-01-10 04:15:31.719251', 'samindak', '2021-01-10 04:23:35.337779', 'samindak', 'FAIL', 15, 2, 13),
(32, '2021-01-10 04:15:33.329003', 'samindak', '2021-01-10 04:23:48.941454', 'samindak', 'PASS', 12, 5, 24),
(33, '2021-01-10 04:15:33.329997', 'samindak', '2021-01-10 04:23:48.941454', 'samindak', 'PASS', 16, 5, 25),
(34, '2021-01-10 04:15:33.331993', 'samindak', '2021-01-10 04:23:48.942445', 'samindak', 'FAIL', 13, 5, 26),
(35, '2021-01-10 04:15:33.333133', 'samindak', '2021-01-10 04:23:48.942445', 'samindak', 'PASS', 13, 5, 27),
(36, '2021-01-10 04:15:34.951137', 'samindak', '2021-01-10 04:24:05.218913', 'samindak', 'PASS', 45, 8, 38),
(37, '2021-01-10 04:15:34.953100', 'samindak', '2021-01-10 04:24:05.218913', 'samindak', 'PASS', 26, 8, 39),
(38, '2021-01-10 04:15:34.956090', 'samindak', '2021-01-10 04:24:05.219909', 'samindak', 'PASS', 16, 8, 40),
(39, '2021-01-10 04:15:34.958123', 'samindak', '2021-01-10 04:24:05.219909', 'samindak', 'PASS', 56, 8, 41),
(40, '2021-01-10 04:15:53.086526', 'samindak', '2021-01-10 04:24:20.697830', 'samindak', 'PASS', 16, 3, 14),
(41, '2021-01-10 04:15:54.273967', 'samindak', '2021-01-10 04:24:26.111773', 'samindak', 'FAIL', 23, 6, 28),
(42, '2021-01-10 04:15:55.682518', 'samindak', '2021-01-10 04:24:32.540021', 'samindak', 'PASS', 56, 9, 42),
(43, '2021-01-10 04:30:06.666109', 'samindak', '2021-01-10 04:32:52.948775', 'samindak', 'PASS', 1.5, 10, 127),
(44, '2021-01-10 04:30:06.668108', 'samindak', '2021-01-10 04:32:52.948775', 'samindak', 'PASS', 46, 10, 128),
(45, '2021-01-10 04:30:06.669701', 'samindak', '2021-01-10 04:32:52.949783', 'samindak', 'PASS', 45, 10, 129),
(46, '2021-01-10 04:30:06.671717', 'samindak', '2021-01-10 04:32:52.950770', 'samindak', 'PASS', 26, 10, 130),
(47, '2021-01-10 04:30:06.673698', 'samindak', '2021-01-10 04:32:52.950770', 'samindak', 'FAIL', 87, 10, 131),
(48, '2021-01-10 04:30:06.676687', 'samindak', '2021-01-10 04:32:52.951766', 'samindak', 'PASS', 59, 10, 132),
(49, '2021-01-10 04:30:06.678682', 'samindak', '2021-01-10 04:32:52.951766', 'samindak', 'PASS', 15, 10, 133),
(50, '2021-01-10 04:30:06.680025', 'samindak', '2021-01-10 04:32:52.951766', 'samindak', 'PASS', 15, 10, 134),
(51, '2021-01-10 04:30:06.681026', 'samindak', '2021-01-10 04:32:52.952763', 'samindak', 'PASS', 55, 10, 135),
(52, '2021-01-10 04:30:06.682515', 'samindak', '2021-01-10 04:32:52.952763', 'samindak', 'PASS', 45, 10, 138),
(53, '2021-01-10 04:30:10.746756', 'samindak', '2021-01-10 04:33:19.723778', 'samindak', 'PASS', 55, 16, 43),
(54, '2021-01-10 04:30:10.748598', 'samindak', '2021-01-10 04:33:19.724777', 'samindak', 'PASS', 66, 16, 44),
(55, '2021-01-10 04:30:10.749599', 'samindak', '2021-01-10 04:33:19.724777', 'samindak', 'PASS', 12, 16, 45),
(56, '2021-01-10 04:30:10.750596', 'samindak', '2021-01-10 04:33:19.725773', 'samindak', 'PASS', 58, 16, 46),
(57, '2021-01-10 04:30:10.752591', 'samindak', '2021-01-10 04:33:19.725773', 'samindak', 'PASS', 55, 16, 47),
(58, '2021-01-10 04:30:10.753588', 'samindak', '2021-01-10 04:33:19.725773', 'samindak', 'FAIL', 51, 16, 48),
(59, '2021-01-10 04:30:10.755584', 'samindak', '2021-01-10 04:33:19.726772', 'samindak', 'FAIL', 16, 16, 49),
(60, '2021-01-10 04:30:10.759622', 'samindak', '2021-01-10 04:33:19.726772', 'samindak', 'FAIL', 15, 16, 50),
(61, '2021-01-10 04:30:10.760604', 'samindak', '2021-01-10 04:33:19.727769', 'samindak', 'FAIL', 12, 16, 51),
(62, '2021-01-10 04:30:16.866560', 'samindak', '2021-01-10 04:33:36.145963', 'samindak', 'PASS', 15, 11, 136),
(63, '2021-01-10 04:30:16.868555', 'samindak', '2021-01-10 04:33:36.146991', 'samindak', 'PASS', 16, 11, 137),
(64, '2021-01-10 04:30:16.870551', 'samindak', '2021-01-10 04:33:36.146991', 'samindak', 'PASS', 45, 11, 139),
(65, '2021-01-10 04:30:18.612990', 'samindak', '2021-01-10 04:33:48.436945', 'samindak', 'PASS', 45, 14, 66),
(66, '2021-01-10 04:30:18.616021', 'samindak', '2021-01-10 04:33:48.436945', 'samindak', 'PASS', 89, 14, 67),
(67, '2021-01-10 04:30:18.617967', 'samindak', '2021-01-10 04:33:48.437943', 'samindak', 'PASS', 45, 14, 68),
(68, '2021-01-10 04:30:18.621010', 'samindak', '2021-01-10 04:33:48.437943', 'samindak', 'PASS', 15, 14, 69),
(69, '2021-01-10 04:30:20.086081', 'samindak', '2021-01-10 04:34:01.397158', 'samindak', 'PASS', 26, 17, 52),
(70, '2021-01-10 04:30:20.090070', 'samindak', '2021-01-10 04:34:01.398155', 'samindak', 'PASS', 45, 17, 53),
(71, '2021-01-10 04:30:20.092070', 'samindak', '2021-01-10 04:34:01.398155', 'samindak', 'FAIL', 48, 17, 54),
(72, '2021-01-10 04:30:20.094095', 'samindak', '2021-01-10 04:34:01.399151', 'samindak', 'PASS', 155, 17, 55),
(73, '2021-01-10 04:30:28.244078', 'samindak', '2021-01-10 04:34:38.761777', 'samindak', 'PASS', 17, 12, 140),
(74, '2021-01-10 04:30:29.773679', 'samindak', '2021-01-10 04:34:48.644716', 'samindak', 'PASS', 16, 15, 70),
(75, '2021-01-10 04:30:31.133382', 'samindak', '2021-01-10 04:35:00.421329', 'samindak', 'PASS', 12, 18, 56),
(76, '2021-02-25 04:57:19.142484', 'samindak', '2021-02-25 04:58:20.588707', 'samindak', 'PASS', 46, 19, 15),
(77, '2021-02-25 04:57:19.145516', 'samindak', '2021-02-25 04:58:20.589704', 'samindak', 'FAIL', 46, 19, 16),
(78, '2021-02-25 04:57:19.146474', 'samindak', '2021-02-25 04:58:20.589704', 'samindak', 'FAIL', 989, 19, 17),
(79, '2021-02-25 04:57:19.148469', 'samindak', '2021-02-25 04:58:20.589704', 'samindak', 'FAIL', 5, 19, 18),
(80, '2021-02-25 04:57:19.150463', 'samindak', '2021-02-25 04:58:20.590701', 'samindak', 'FAIL', 68, 19, 19),
(81, '2021-02-25 04:57:19.151949', 'samindak', '2021-02-25 04:58:20.590701', 'samindak', 'FAIL', 56, 19, 20),
(82, '2021-02-25 04:57:19.152949', 'samindak', '2021-02-25 04:58:20.591736', 'samindak', 'FAIL', 5, 19, 21),
(83, '2021-02-25 04:57:19.154672', 'samindak', '2021-02-25 04:58:20.591736', 'samindak', 'FAIL', 665, 19, 22),
(84, '2021-02-25 04:57:19.156670', 'samindak', '2021-02-25 04:58:20.591736', 'samindak', 'PASS', 13, 19, 23),
(85, '2021-02-25 04:57:21.227002', 'samindak', '2021-02-25 04:58:39.040480', 'samindak', 'PASS', 56, 22, 15),
(86, '2021-02-25 04:57:21.229032', 'samindak', '2021-02-25 04:58:39.041472', 'samindak', 'PASS', 15, 22, 16),
(87, '2021-02-25 04:57:21.231992', 'samindak', '2021-02-25 04:58:39.041472', 'samindak', 'PASS', 12, 22, 17),
(88, '2021-02-25 04:57:21.234981', 'samindak', '2021-02-25 04:58:39.042468', 'samindak', 'PASS', 16, 22, 18),
(89, '2021-02-25 04:57:21.431886', 'samindak', '2021-02-25 04:58:39.042468', 'samindak', 'PASS', 55, 22, 19),
(90, '2021-02-25 04:57:21.506106', 'samindak', '2021-02-25 04:58:39.043464', 'samindak', 'FAIL', 12, 22, 20),
(91, '2021-02-25 04:57:21.512132', 'samindak', '2021-02-25 04:58:39.044460', 'samindak', 'PASS', 12, 22, 21),
(92, '2021-02-25 04:57:21.518122', 'samindak', '2021-02-25 04:58:39.045429', 'samindak', 'PASS', 12, 22, 22),
(93, '2021-02-25 04:57:21.522064', 'samindak', '2021-02-25 04:58:39.045429', 'samindak', 'PASS', 12, 22, 23),
(94, '2021-02-25 04:57:22.549936', 'samindak', '2021-02-25 04:59:00.497881', 'samindak', 'FAIL', 56, 25, 15),
(95, '2021-02-25 04:57:22.553886', 'samindak', '2021-02-25 04:59:00.498843', 'samindak', 'PASS', 15, 25, 16),
(96, '2021-02-25 04:57:22.556933', 'samindak', '2021-02-25 04:59:00.498843', 'samindak', 'PASS', 12, 25, 17),
(97, '2021-02-25 04:57:22.559870', 'samindak', '2021-02-25 04:59:00.499879', 'samindak', 'PASS', 16, 25, 18),
(98, '2021-02-25 04:57:22.561866', 'samindak', '2021-02-25 04:59:00.499879', 'samindak', 'FAIL', 44, 25, 19),
(99, '2021-02-25 04:57:22.564859', 'samindak', '2021-02-25 04:59:00.500872', 'samindak', 'PASS', 89, 25, 20),
(100, '2021-02-25 04:57:22.568894', 'samindak', '2021-02-25 04:59:00.501870', 'samindak', 'PASS', 13, 25, 21),
(101, '2021-02-25 04:57:22.571886', 'samindak', '2021-02-25 04:59:00.501870', 'samindak', 'PASS', 16, 25, 22),
(102, '2021-02-25 04:57:22.574831', 'samindak', '2021-02-25 04:59:00.502868', 'samindak', 'PASS', 16, 25, 23),
(103, '2021-02-25 04:57:23.653281', 'samindak', '2021-02-25 04:59:21.065579', 'samindak', 'PASS', 56, 28, 15),
(104, '2021-02-25 04:57:23.656272', 'samindak', '2021-02-25 04:59:21.066578', 'samindak', 'PASS', 13, 28, 16),
(105, '2021-02-25 04:57:23.660262', 'samindak', '2021-02-25 04:59:21.066578', 'samindak', 'PASS', 15, 28, 17),
(106, '2021-02-25 04:57:23.662312', 'samindak', '2021-02-25 04:59:21.066578', 'samindak', 'PASS', 16, 28, 18),
(107, '2021-02-25 04:57:23.666254', 'samindak', '2021-02-25 04:59:21.067575', 'samindak', 'PASS', 59, 28, 19),
(108, '2021-02-25 04:57:23.669238', 'samindak', '2021-02-25 04:59:21.068574', 'samindak', 'PASS', 88, 28, 20),
(109, '2021-02-25 04:57:23.672281', 'samindak', '2021-02-25 04:59:21.069567', 'samindak', 'FAIL', 23, 28, 21),
(110, '2021-02-25 04:57:23.674226', 'samindak', '2021-02-25 04:59:21.069567', 'samindak', 'PASS', 16, 28, 22),
(111, '2021-02-25 04:57:23.677269', 'samindak', '2021-02-25 04:59:21.070566', 'samindak', 'PASS', 16, 28, 23),
(112, '2021-02-25 04:57:24.776423', 'samindak', '2021-02-25 04:59:44.449190', 'samindak', 'PASS', 13, 31, 57),
(113, '2021-02-25 04:57:24.780378', 'samindak', '2021-02-25 04:59:44.450187', 'samindak', 'FAIL', 16, 31, 58),
(114, '2021-02-25 04:57:24.784403', 'samindak', '2021-02-25 04:59:44.450187', 'samindak', 'PASS', 46, 31, 59),
(115, '2021-02-25 04:57:24.787405', 'samindak', '2021-02-25 04:59:44.450187', 'samindak', 'PASS', 13, 31, 60),
(116, '2021-02-25 04:57:24.789399', 'samindak', '2021-02-25 04:59:44.451184', 'samindak', 'PASS', 45, 31, 61),
(117, '2021-02-25 04:57:24.792393', 'samindak', '2021-02-25 04:59:44.451184', 'samindak', 'PASS', 16, 31, 62),
(118, '2021-02-25 04:57:24.794371', 'samindak', '2021-02-25 04:59:44.451184', 'samindak', 'FAIL', 13, 31, 63),
(119, '2021-02-25 04:57:24.799327', 'samindak', '2021-02-25 04:59:44.452181', 'samindak', 'FAIL', 55, 31, 64),
(120, '2021-02-25 04:57:24.802350', 'samindak', '2021-02-25 04:59:44.452181', 'samindak', 'PASS', 56, 31, 65),
(121, '2021-02-25 04:57:31.568440', 'samindak', '2021-03-01 05:13:23.445767', 'samindak', 'PASS', 12, 20, 24),
(122, '2021-02-25 04:57:31.593152', 'samindak', '2021-03-01 05:13:23.445767', 'samindak', 'PASS', 13, 20, 25),
(123, '2021-02-25 04:57:31.595113', 'samindak', '2021-03-01 05:13:23.447763', 'samindak', 'FAIL', 16, 20, 26),
(124, '2021-02-25 04:57:31.597108', 'samindak', '2021-03-01 05:13:23.449760', 'samindak', 'PASS', 23, 20, 27),
(125, '2021-02-25 04:57:32.574702', 'samindak', '2021-03-01 05:13:35.342896', 'samindak', 'FAIL', 56, 23, 24),
(126, '2021-02-25 04:57:32.576702', 'samindak', '2021-03-01 05:13:35.342896', 'samindak', 'PASS', 13, 23, 25),
(127, '2021-02-25 04:57:32.581650', 'samindak', '2021-03-01 05:13:35.343893', 'samindak', 'FAIL', 16, 23, 26),
(128, '2021-02-25 04:57:32.583645', 'samindak', '2021-03-01 05:13:35.343893', 'samindak', 'PASS', 12, 23, 27),
(129, '2021-02-25 04:57:33.619784', 'samindak', '2021-03-01 05:13:47.627995', 'samindak', 'PASS', 12, 26, 24),
(130, '2021-02-25 04:57:33.622776', 'samindak', '2021-03-01 05:13:47.628957', 'samindak', 'PASS', 13, 26, 25),
(131, '2021-02-25 04:57:33.625772', 'samindak', '2021-03-01 05:13:47.628957', 'samindak', 'PASS', 26, 26, 26),
(132, '2021-02-25 04:57:33.629778', 'samindak', '2021-03-01 05:13:47.629952', 'samindak', 'PASS', 23, 26, 27),
(133, '2021-02-25 04:57:34.569910', 'samindak', '2021-03-01 05:14:09.628047', 'samindak', 'PASS', 13, 29, 24),
(134, '2021-02-25 04:57:34.571905', 'samindak', '2021-03-01 05:14:09.628047', 'samindak', 'PASS', 16, 29, 25),
(135, '2021-02-25 04:57:34.572937', 'samindak', '2021-03-01 05:14:09.629043', 'samindak', 'FAIL', 22, 29, 26),
(136, '2021-02-25 04:57:34.574158', 'samindak', '2021-03-01 05:14:09.630042', 'samindak', 'PASS', 13, 29, 27),
(137, '2021-02-25 04:57:35.489923', 'samindak', '2021-03-01 05:14:21.548840', 'samindak', 'PASS', 45, 32, 66),
(138, '2021-02-25 04:57:35.491920', 'samindak', '2021-03-01 05:14:21.548840', 'samindak', 'FAIL', 88, 32, 67),
(139, '2021-02-25 04:57:35.492726', 'samindak', '2021-03-01 05:14:21.549850', 'samindak', 'PASS', 45, 32, 68),
(140, '2021-02-25 04:57:35.494726', 'samindak', '2021-03-01 05:14:21.550813', 'samindak', 'PASS', 13, 32, 69),
(141, '2021-02-25 04:57:48.218983', 'samindak', '2021-02-25 04:59:55.151351', 'samindak', 'PASS', 23, 21, 28),
(142, '2021-02-25 04:57:49.155857', 'samindak', '2021-02-25 05:00:00.606893', 'samindak', 'FAIL', 23, 24, 28),
(143, '2021-02-25 04:57:51.017628', 'samindak', '2021-02-25 05:00:06.373064', 'samindak', 'PASS', 23, 27, 28),
(144, '2021-02-25 04:57:52.225898', 'samindak', '2021-02-25 05:00:14.239146', 'samindak', 'PASS', 23, 30, 28),
(145, '2021-02-25 04:57:53.195336', 'samindak', '2021-02-25 05:00:20.729789', 'samindak', 'PASS', 16, 33, 70),
(146, '2021-03-01 05:07:40.860139', 'samindak', '2021-03-01 05:12:28.850354', 'samindak', 'PASS', 1.5, 34, 29),
(147, '2021-03-01 05:07:40.863131', 'samindak', '2021-03-01 05:12:28.850354', 'samindak', 'PASS', 45, 34, 30),
(148, '2021-03-01 05:07:40.864981', 'samindak', '2021-03-01 05:12:28.851351', 'samindak', 'PASS', 46, 34, 31),
(149, '2021-03-01 05:07:40.868968', 'samindak', '2021-03-01 05:12:28.851351', 'samindak', 'PASS', 13, 34, 32),
(150, '2021-03-01 05:07:40.871180', 'samindak', '2021-03-01 05:12:28.852348', 'samindak', 'PASS', 13, 34, 33),
(151, '2021-03-01 05:07:40.873322', 'samindak', '2021-03-01 05:12:28.852348', 'samindak', 'PASS', 13, 34, 34),
(152, '2021-03-01 05:07:40.876046', 'samindak', '2021-03-01 05:12:28.853346', 'samindak', 'PASS', 55, 34, 35),
(153, '2021-03-01 05:07:40.878039', 'samindak', '2021-03-01 05:12:28.853346', 'samindak', 'PASS', 23, 34, 36),
(154, '2021-03-01 05:07:40.880035', 'samindak', '2021-03-01 05:12:28.854342', 'samindak', 'PASS', 56, 34, 37),
(155, '2021-03-01 05:07:42.149763', 'samindak', '2021-03-01 05:12:54.843824', 'samindak', 'PASS', 2, 37, 1),
(156, '2021-03-01 05:07:42.154747', 'samindak', '2021-03-01 05:12:54.843824', 'samindak', 'PASS', 68, 37, 2),
(157, '2021-03-01 05:07:42.157775', 'samindak', '2021-03-01 05:12:54.844824', 'samindak', 'PASS', 56, 37, 3),
(158, '2021-03-01 05:07:42.160767', 'samindak', '2021-03-01 05:12:54.844824', 'samindak', 'FAIL', 23, 37, 4),
(159, '2021-03-01 05:07:42.163759', 'samindak', '2021-03-01 05:12:54.844824', 'samindak', 'PASS', 35, 37, 5),
(160, '2021-03-01 05:07:42.166716', 'samindak', '2021-03-01 05:12:54.845818', 'samindak', 'PASS', 35, 37, 6),
(161, '2021-03-01 05:07:42.170705', 'samindak', '2021-03-01 05:12:54.845818', 'samindak', 'PASS', 23, 37, 7),
(162, '2021-03-01 05:07:42.173696', 'samindak', '2021-03-01 05:12:54.846823', 'samindak', 'PASS', 12, 37, 8),
(163, '2021-03-01 05:07:42.175725', 'samindak', '2021-03-01 05:12:54.846823', 'samindak', 'PASS', 36, 37, 9),
(164, '2021-03-01 05:07:48.099546', 'samindak', '2021-03-01 05:14:33.168664', 'samindak', 'PASS', 45, 35, 38),
(165, '2021-03-01 05:07:48.102575', 'samindak', '2021-03-01 05:14:33.168664', 'samindak', 'PASS', 26, 35, 39),
(166, '2021-03-01 05:07:48.103534', 'samindak', '2021-03-01 05:14:33.168664', 'samindak', 'FAIL', 14, 35, 40),
(167, '2021-03-01 05:07:48.105572', 'samindak', '2021-03-01 05:14:33.169693', 'samindak', 'FAIL', 13, 35, 41),
(168, '2021-03-01 05:07:49.574190', 'samindak', '2021-03-01 05:14:44.193735', 'samindak', 'PASS', 56, 38, 10),
(169, '2021-03-01 05:07:49.576185', 'samindak', '2021-03-01 05:14:44.194693', 'samindak', 'PASS', 89, 38, 11),
(170, '2021-03-01 05:07:49.578180', 'samindak', '2021-03-01 05:14:44.195691', 'samindak', 'PASS', 55, 38, 12),
(171, '2021-03-01 05:07:49.581183', 'samindak', '2021-03-01 05:14:44.195691', 'samindak', 'FAIL', 23, 38, 13),
(172, '2021-03-01 05:07:54.426864', 'samindak', '2021-03-01 05:14:56.078147', 'samindak', 'PASS', 56, 36, 42),
(173, '2021-03-01 05:07:55.818098', 'samindak', '2021-03-01 05:15:02.727332', 'samindak', 'FAIL', 13, 39, 14),
(174, '2021-03-10 05:19:44.098170', 'samindak', '2021-03-10 05:20:24.963754', 'samindak', 'PASS', 1, 40, 1),
(175, '2021-03-10 05:19:44.102123', 'samindak', '2021-03-10 05:20:24.963754', 'samindak', 'FAIL', 5, 40, 2),
(176, '2021-03-10 05:19:44.104635', 'samindak', '2021-03-10 05:20:24.964751', 'samindak', 'PASS', 46, 40, 3),
(177, '2021-03-10 05:19:44.106629', 'samindak', '2021-03-10 05:20:24.964751', 'samindak', 'PASS', 36, 40, 4),
(178, '2021-03-10 05:19:44.108624', 'samindak', '2021-03-10 05:20:24.965748', 'samindak', 'PASS', 36, 40, 5),
(179, '2021-03-10 05:19:44.110618', 'samindak', '2021-03-10 05:20:24.965748', 'samindak', 'PASS', 35, 40, 6),
(180, '2021-03-10 05:19:44.112775', 'samindak', '2021-03-10 05:20:24.966745', 'samindak', 'PASS', 22, 40, 7),
(181, '2021-03-10 05:19:44.113774', 'samindak', '2021-03-10 05:20:24.966745', 'samindak', 'PASS', 13, 40, 8),
(182, '2021-03-10 05:19:44.116764', 'samindak', '2021-03-10 05:20:24.966745', 'samindak', 'PASS', 36, 40, 9),
(183, '2021-03-10 05:19:49.746500', 'samindak', '2021-03-10 05:21:17.327906', 'samindak', 'PASS', 56, 41, 10),
(184, '2021-03-10 05:19:49.753482', 'samindak', '2021-03-10 05:21:17.329893', 'samindak', 'PASS', 89, 41, 11),
(185, '2021-03-10 05:19:49.758472', 'samindak', '2021-03-10 05:21:17.330890', 'samindak', 'PASS', 45, 41, 12),
(186, '2021-03-10 05:19:49.760466', 'samindak', '2021-03-10 05:21:17.331887', 'samindak', 'PASS', 13, 41, 13),
(187, '2021-03-10 05:19:54.873594', 'samindak', '2021-03-10 05:21:29.173913', 'samindak', 'PASS', 16, 42, 14),
(188, '2021-03-15 05:25:47.023769', 'samindak', '2021-03-15 05:30:21.833176', 'samindak', 'PASS', 13, 43, 57),
(189, '2021-03-15 05:25:47.027786', 'samindak', '2021-03-15 05:30:21.834173', 'samindak', 'PASS', 15, 43, 58),
(190, '2021-03-15 05:25:47.030524', 'samindak', '2021-03-15 05:30:21.834173', 'samindak', 'PASS', 56, 43, 59),
(191, '2021-03-15 05:25:47.032518', 'samindak', '2021-03-15 05:30:21.835170', 'samindak', 'PASS', 13, 43, 60),
(192, '2021-03-15 05:25:47.034513', 'samindak', '2021-03-15 05:30:21.835170', 'samindak', 'PASS', 45, 43, 61),
(193, '2021-03-15 05:25:47.036525', 'samindak', '2021-03-15 05:30:21.835170', 'samindak', 'PASS', 13, 43, 62),
(194, '2021-03-15 05:25:47.040497', 'samindak', '2021-03-15 05:30:21.836173', 'samindak', 'PASS', 56, 43, 63),
(195, '2021-03-15 05:25:47.042493', 'samindak', '2021-03-15 05:30:21.837166', 'samindak', 'PASS', 13, 43, 64),
(196, '2021-03-15 05:25:47.045391', 'samindak', '2021-03-15 05:30:21.838165', 'samindak', 'PASS', 56, 43, 65),
(197, '2021-03-15 05:25:53.361060', 'samindak', '2021-03-15 05:30:40.098555', 'samindak', 'FAIL', 56, 44, 66),
(198, '2021-03-15 05:25:53.363055', 'samindak', '2021-03-15 05:30:40.100550', 'samindak', 'PASS', 89, 44, 67),
(199, '2021-03-15 05:25:53.366084', 'samindak', '2021-03-15 05:30:40.103540', 'samindak', 'PASS', 45, 44, 68),
(200, '2021-03-15 05:25:53.368049', 'samindak', '2021-03-15 05:30:40.104545', 'samindak', 'PASS', 23, 44, 69),
(201, '2021-03-15 05:25:58.971942', 'samindak', '2021-03-15 05:30:53.486059', 'samindak', 'PASS', 16, 45, 70),
(202, '2021-03-23 05:40:41.907578', 'samindak', '2021-03-23 05:41:08.277041', 'samindak', 'PASS', 46, 46, 71),
(203, '2021-03-23 05:40:41.934072', 'samindak', '2021-03-23 05:41:08.278002', 'samindak', 'PASS', 56, 46, 72),
(204, '2021-03-23 05:40:41.936615', 'samindak', '2021-03-23 05:41:08.278002', 'samindak', 'PASS', 13, 46, 73),
(205, '2021-03-23 05:40:41.938610', 'samindak', '2021-03-23 05:41:08.279000', 'samindak', 'PASS', 13, 46, 74),
(206, '2021-03-23 05:40:41.968835', 'samindak', '2021-03-23 05:41:08.279000', 'samindak', 'PASS', 15, 46, 75),
(207, '2021-03-23 05:40:41.970830', 'samindak', '2021-03-23 05:41:08.279996', 'samindak', 'FAIL', 55, 46, 76),
(208, '2021-03-23 05:40:41.973754', 'samindak', '2021-03-23 05:41:08.280994', 'samindak', 'FAIL', 16, 46, 77),
(209, '2021-03-23 05:40:41.975745', 'samindak', '2021-03-23 05:41:08.280994', 'samindak', 'FAIL', 25, 46, 78),
(210, '2021-03-23 05:40:41.977739', 'samindak', '2021-03-23 05:41:08.281991', 'samindak', 'FAIL', 23, 46, 79),
(211, '2021-03-23 05:41:15.965053', 'samindak', '2021-03-23 05:41:37.862167', 'samindak', 'PASS', 23, 47, 80),
(212, '2021-03-23 05:41:15.967052', 'samindak', '2021-03-23 05:41:37.863201', 'samindak', 'PASS', 56, 47, 81),
(213, '2021-03-23 05:41:15.969045', 'samindak', '2021-03-23 05:41:37.864198', 'samindak', 'FAIL', 55, 47, 82),
(214, '2021-03-23 05:41:16.188533', 'samindak', '2021-03-23 05:41:37.864198', 'samindak', 'PASS', 13, 47, 83),
(215, '2021-03-23 05:41:21.720309', 'samindak', '2021-03-23 05:41:47.119350', 'samindak', 'PASS', 13, 48, 84),
(216, '2021-04-22 05:45:10.861483', 'samindak', '2021-04-22 05:46:25.659743', 'samindak', 'PASS', 46, 49, 71),
(217, '2021-04-22 05:45:10.865473', 'samindak', '2021-04-22 05:46:25.660740', 'samindak', 'PASS', 56, 49, 72),
(218, '2021-04-22 05:45:10.867469', 'samindak', '2021-04-22 05:46:25.661738', 'samindak', 'PASS', 12, 49, 73),
(219, '2021-04-22 05:45:10.871458', 'samindak', '2021-04-22 05:46:25.661738', 'samindak', 'PASS', 16, 49, 74),
(220, '2021-04-22 05:45:10.874295', 'samindak', '2021-04-22 05:46:25.661738', 'samindak', 'FAIL', 55, 49, 75),
(221, '2021-04-22 05:45:10.877081', 'samindak', '2021-04-22 05:46:25.662735', 'samindak', 'FAIL', 23, 49, 76),
(222, '2021-04-22 05:45:10.879043', 'samindak', '2021-04-22 05:46:25.662735', 'samindak', 'PASS', 56, 49, 77),
(223, '2021-04-22 05:45:10.881442', 'samindak', '2021-04-22 05:46:25.663732', 'samindak', 'FAIL', 13, 49, 78),
(224, '2021-04-22 05:45:10.883438', 'samindak', '2021-04-22 05:46:25.663732', 'samindak', 'PASS', 25, 49, 79),
(225, '2021-04-22 05:45:20.973876', 'samindak', '2021-04-22 05:46:45.857645', 'samindak', 'PASS', 26, 50, 80),
(226, '2021-04-22 05:45:20.975870', 'samindak', '2021-04-22 05:46:45.857645', 'samindak', 'PASS', 46, 50, 81),
(227, '2021-04-22 05:45:20.978862', 'samindak', '2021-04-22 05:46:45.858639', 'samindak', 'FAIL', 55, 50, 82),
(228, '2021-04-22 05:45:20.980857', 'samindak', '2021-04-22 05:46:45.858639', 'samindak', 'PASS', 13, 50, 83),
(229, '2021-04-22 05:45:31.181981', 'samindak', '2021-04-22 05:46:59.322657', 'samindak', 'PASS', 13, 51, 84),
(230, '2021-04-04 05:50:40.957276', 'samindak', '2021-04-04 05:52:10.982092', 'samindak', 'PASS', 12, 52, 113),
(231, '2021-04-04 05:50:40.961156', 'samindak', '2021-04-04 05:52:10.983089', 'samindak', 'PASS', 13, 52, 114),
(232, '2021-04-04 05:50:40.963148', 'samindak', '2021-04-04 05:52:10.983089', 'samindak', 'PASS', 16, 52, 115),
(233, '2021-04-04 05:50:40.965217', 'samindak', '2021-04-04 05:52:10.984090', 'samindak', 'PASS', 18, 52, 116),
(234, '2021-04-04 05:50:40.967217', 'samindak', '2021-04-04 05:52:10.984090', 'samindak', 'PASS', 23, 52, 117),
(235, '2021-04-04 05:50:40.970243', 'samindak', '2021-04-04 05:52:10.984090', 'samindak', 'PASS', 16, 52, 118),
(236, '2021-04-04 05:50:40.972198', 'samindak', '2021-04-04 05:52:10.985083', 'samindak', 'FAIL', 55, 52, 119),
(237, '2021-04-04 05:50:40.974196', 'samindak', '2021-04-04 05:52:10.985083', 'samindak', 'PASS', 46, 52, 120),
(238, '2021-04-04 05:50:40.976188', 'samindak', '2021-04-04 05:52:10.986081', 'samindak', 'PASS', 16, 52, 121),
(239, '2021-04-04 05:50:51.631037', 'samindak', '2021-04-04 05:52:38.708880', 'samindak', 'PASS', 46, 53, 122),
(240, '2021-04-04 05:50:51.636023', 'samindak', '2021-04-04 05:52:38.708880', 'samindak', 'FAIL', 8, 53, 123),
(241, '2021-04-04 05:50:51.639015', 'samindak', '2021-04-04 05:52:38.709877', 'samindak', 'PASS', 46, 53, 124),
(242, '2021-04-04 05:50:51.641010', 'samindak', '2021-04-04 05:52:38.709877', 'samindak', 'PASS', 46, 53, 125),
(243, '2021-04-04 05:51:00.934804', 'samindak', '2021-04-04 05:52:59.971414', 'samindak', 'PASS', 13, 54, 126),
(244, '2021-04-16 05:56:20.241758', 'samindak', '2021-04-16 05:57:33.982183', 'samindak', 'PASS', 46, 55, 15),
(245, '2021-04-16 05:56:20.244750', 'samindak', '2021-04-16 05:57:33.984215', 'samindak', 'PASS', 13, 55, 16),
(246, '2021-04-16 05:56:20.246784', 'samindak', '2021-04-16 05:57:33.984215', 'samindak', 'PASS', 12, 55, 17),
(247, '2021-04-16 05:56:20.248739', 'samindak', '2021-04-16 05:57:33.985210', 'samindak', 'PASS', 15, 55, 18),
(248, '2021-04-16 05:56:20.250734', 'samindak', '2021-04-16 05:57:33.985210', 'samindak', 'FAIL', 16, 55, 19),
(249, '2021-04-16 05:56:20.253727', 'samindak', '2021-04-16 05:57:33.986216', 'samindak', 'PASS', 88, 55, 20),
(250, '2021-04-16 05:56:20.256756', 'samindak', '2021-04-16 05:57:33.986216', 'samindak', 'PASS', 13, 55, 21),
(251, '2021-04-16 05:56:20.258748', 'samindak', '2021-04-16 05:57:33.986216', 'samindak', 'PASS', 16, 55, 22),
(252, '2021-04-16 05:56:20.259713', 'samindak', '2021-04-16 05:57:33.987169', 'samindak', 'PASS', 13, 55, 23),
(253, '2021-04-16 05:56:39.934154', 'samindak', '2021-04-16 05:57:52.010319', 'samindak', 'PASS', 12, 56, 24),
(254, '2021-04-16 05:56:39.938150', 'samindak', '2021-04-16 05:57:52.011312', 'samindak', 'PASS', 13, 56, 25),
(255, '2021-04-16 05:56:39.942133', 'samindak', '2021-04-16 05:57:52.011312', 'samindak', 'FAIL', 16, 56, 26),
(256, '2021-04-16 05:56:39.944131', 'samindak', '2021-04-16 05:57:52.013310', 'samindak', 'PASS', 13, 56, 27),
(257, '2021-04-16 05:56:49.656925', 'samindak', '2021-04-16 05:58:06.146944', 'samindak', 'PASS', 23, 57, 28),
(258, '2021-04-20 06:00:00.882672', 'samindak', '2021-04-20 06:00:56.354624', 'samindak', 'PASS', 46, 58, 71),
(259, '2021-04-20 06:00:00.885622', 'samindak', '2021-04-20 06:00:56.355622', 'samindak', 'PASS', 56, 58, 72),
(260, '2021-04-20 06:00:00.887614', 'samindak', '2021-04-20 06:00:56.355622', 'samindak', 'PASS', 13, 58, 73),
(261, '2021-04-20 06:00:00.889610', 'samindak', '2021-04-20 06:00:56.356618', 'samindak', 'PASS', 13, 58, 74),
(262, '2021-04-20 06:00:00.894596', 'samindak', '2021-04-20 06:00:56.356618', 'samindak', 'FAIL', 16, 58, 75),
(263, '2021-04-20 06:00:00.896592', 'samindak', '2021-04-20 06:00:56.356618', 'samindak', 'PASS', 56, 58, 76),
(264, '2021-04-20 06:00:00.898585', 'samindak', '2021-04-20 06:00:56.357615', 'samindak', 'FAIL', 23, 58, 77),
(265, '2021-04-20 06:00:00.900580', 'samindak', '2021-04-20 06:00:56.357615', 'samindak', 'PASS', 23, 58, 78),
(266, '2021-04-20 06:00:00.902120', 'samindak', '2021-04-20 06:00:56.358613', 'samindak', 'PASS', 26, 58, 79),
(267, '2021-04-20 06:00:14.069249', 'samindak', '2021-04-20 06:01:17.483725', 'samindak', 'PASS', 23, 59, 80),
(268, '2021-04-20 06:00:14.073240', 'samindak', '2021-04-20 06:01:17.484723', 'samindak', 'FAIL', 16, 59, 81),
(269, '2021-04-20 06:00:14.077228', 'samindak', '2021-04-20 06:01:17.484723', 'samindak', 'PASS', 56, 59, 82),
(270, '2021-04-20 06:00:14.079223', 'samindak', '2021-04-20 06:01:17.485719', 'samindak', 'PASS', 13, 59, 83),
(271, '2021-04-20 06:00:23.263976', 'samindak', '2021-04-20 06:01:31.767197', 'samindak', 'PASS', 13, 60, 84);

-- --------------------------------------------------------

--
-- Table structure for table `specification`
--

DROP TABLE IF EXISTS `specification`;
CREATE TABLE IF NOT EXISTS `specification` (
  `id` int(11) NOT NULL AUTO_INCREMENT,
  `created_at` datetime(6) NOT NULL,
  `created_by` varchar(255) NOT NULL,
  `updated_at` datetime(6) NOT NULL,
  `updated_by` varchar(255) NOT NULL,
  `lab_test_name` varchar(255) DEFAULT NULL,
  `max` varchar(255) DEFAULT NULL,
  `min` varchar(255) NOT NULL,
  `specification_name` varchar(255) DEFAULT NULL,
  `compound_id` int(11) DEFAULT NULL,
  PRIMARY KEY (`id`),
  KEY `FKt2958kvke8lbutj8f93snap0f` (`compound_id`)
) ENGINE=InnoDB AUTO_INCREMENT=141 DEFAULT CHARSET=utf8mb4 COLLATE=utf8mb4_0900_ai_ci;

--
-- Dumping data for table `specification`
--

INSERT INTO `specification` (`id`, `created_at`, `created_by`, `updated_at`, `updated_by`, `lab_test_name`, `max`, `min`, `specification_name`, `compound_id`) VALUES
(1, '2021-01-04 01:56:45.649312', 'samindak', '2021-01-04 01:56:45.649312', 'samindak', 'PYSIC', '2', '1', 'SG', 1),
(2, '2021-01-04 01:56:45.750950', 'samindak', '2021-01-04 01:56:45.750950', 'samindak', 'PYSIC', '89', '67', 'HARDNESS', 1),
(3, '2021-01-04 01:56:45.871143', 'samindak', '2021-01-04 01:56:45.871143', 'samindak', 'PYSIC', '56', '45', 'RES', 1),
(4, '2021-01-04 01:56:45.919165', 'samindak', '2021-01-04 01:56:45.919165', 'samindak', 'PYSIC', '67', '34', 'TENST', 1),
(5, '2021-01-04 01:56:45.966483', 'samindak', '2021-01-04 01:56:45.966483', 'samindak', 'PYSIC', '67', '34', 'MODULUS', 1),
(6, '2021-01-04 01:56:46.002492', 'samindak', '2021-01-04 01:56:46.002492', 'samindak', 'PYSIC', '67', '34', 'EAB', 1),
(7, '2021-01-04 01:56:46.038411', 'samindak', '2021-01-04 01:56:46.038411', 'samindak', 'PYSIC', '90', '22', 'TEARST', 1),
(8, '2021-01-04 01:56:46.074008', 'samindak', '2021-01-04 01:56:46.074008', 'samindak', 'PYSIC', '23', '11', 'ABRASION', 1),
(9, '2021-01-04 01:56:46.109456', 'samindak', '2021-01-04 01:56:46.109456', 'samindak', 'PYSIC', '36', '34', 'CBD', 1),
(10, '2021-01-04 01:56:46.226339', 'samindak', '2021-01-04 01:56:46.226339', 'samindak', 'RHEO', '56', '55', 'ML', 1),
(11, '2021-01-04 01:56:46.352231', 'samindak', '2021-01-04 01:56:46.352231', 'samindak', 'RHEO', '90', '89', 'MH', 1),
(12, '2021-01-04 01:56:46.485051', 'samindak', '2021-01-04 01:56:46.485051', 'samindak', 'RHEO', '55', '44', 'TS2', 1),
(13, '2021-01-04 01:56:46.654623', 'samindak', '2021-01-04 01:56:46.654623', 'samindak', 'RHEO', '14', '12', 'T90', 1),
(14, '2021-01-04 01:56:46.701621', 'samindak', '2021-01-04 01:56:46.701621', 'samindak', 'VIS', '30', '15', 'VISCOSITY', 1),
(15, '2021-01-04 02:00:08.957299', 'samindak', '2021-01-04 02:00:08.957299', 'samindak', 'PYSIC', '88', '45', 'SG', 2),
(16, '2021-01-04 02:00:09.006132', 'samindak', '2021-01-04 02:00:09.006132', 'samindak', 'PYSIC', '34', '12', 'HARDNESS', 2),
(17, '2021-01-04 02:00:09.079866', 'samindak', '2021-01-04 02:00:09.079866', 'samindak', 'PYSIC', '22', '11', 'RES', 2),
(18, '2021-01-04 02:00:09.182164', 'samindak', '2021-01-04 02:00:09.182164', 'samindak', 'PYSIC', '23', '15', 'TENST', 2),
(19, '2021-01-04 02:00:09.256037', 'samindak', '2021-01-04 02:00:09.256037', 'samindak', 'PYSIC', '66', '45', 'MODULUS', 2),
(20, '2021-01-04 02:00:09.304747', 'samindak', '2021-01-04 02:00:09.304747', 'samindak', 'PYSIC', '99', '88', 'EAB', 2),
(21, '2021-01-04 02:00:09.354151', 'samindak', '2021-01-04 02:00:09.354151', 'samindak', 'PYSIC', '15', '12', 'TEARST', 2),
(22, '2021-01-04 02:00:09.427960', 'samindak', '2021-01-04 02:00:09.427960', 'samindak', 'PYSIC', '56', '12', 'ABRASION', 2),
(23, '2021-01-04 02:00:09.463863', 'samindak', '2021-01-04 02:00:09.463863', 'samindak', 'PYSIC', '23', '12', 'CBD', 2),
(24, '2021-01-04 02:00:09.499433', 'samindak', '2021-01-04 02:00:09.499433', 'samindak', 'RHEO', '55', '11', 'ML', 2),
(25, '2021-01-04 02:00:09.547721', 'samindak', '2021-01-04 02:00:09.547721', 'samindak', 'RHEO', '55', '13', 'MH', 2),
(26, '2021-01-04 02:00:09.570384', 'samindak', '2021-01-04 02:00:09.570384', 'samindak', 'RHEO', '44', '23', 'TS2', 2),
(27, '2021-01-04 02:00:09.595004', 'samindak', '2021-01-04 02:00:09.595004', 'samindak', 'RHEO', '36', '12', 'T90', 2),
(28, '2021-01-04 02:00:09.620207', 'samindak', '2021-01-04 02:00:09.620207', 'samindak', 'VIS', '33', '22', 'VISCOSITY', 2),
(29, '2021-01-04 02:07:03.473086', 'samindak', '2021-01-04 02:07:03.473086', 'samindak', 'PYSIC', '2.2', '1.5', 'SG', 3),
(30, '2021-01-04 02:07:03.519961', 'samindak', '2021-01-04 02:07:03.519961', 'samindak', 'PYSIC', '55', '44', 'HARDNESS', 3),
(31, '2021-01-04 02:07:03.544898', 'samindak', '2021-01-04 02:07:03.544898', 'samindak', 'PYSIC', '56', '45', 'RES', 3),
(32, '2021-01-04 02:07:03.568866', 'samindak', '2021-01-04 02:07:03.568866', 'samindak', 'PYSIC', '45', '12', 'TENST', 3),
(33, '2021-01-04 02:07:03.594198', 'samindak', '2021-01-04 02:07:03.594198', 'samindak', 'PYSIC', '15', '13', 'MODULUS', 3),
(34, '2021-01-04 02:07:03.641241', 'samindak', '2021-01-04 02:07:03.641241', 'samindak', 'PYSIC', '18', '13', 'EAB', 3),
(35, '2021-01-04 02:07:03.692700', 'samindak', '2021-01-04 02:07:03.692700', 'samindak', 'PYSIC', '88', '26', 'TEARST', 3),
(36, '2021-01-04 02:07:03.742271', 'samindak', '2021-01-04 02:07:03.742271', 'samindak', 'PYSIC', '56', '13', 'ABRASION', 3),
(37, '2021-01-04 02:07:03.776815', 'samindak', '2021-01-04 02:07:03.776815', 'samindak', 'PYSIC', '56', '12', 'CBD', 3),
(38, '2021-01-04 02:07:03.824957', 'samindak', '2021-01-04 02:07:03.824957', 'samindak', 'RHEO', '55', '44', 'ML', 3),
(39, '2021-01-04 02:07:03.850063', 'samindak', '2021-01-04 02:07:03.850063', 'samindak', 'RHEO', '56', '23', 'MH', 3),
(40, '2021-01-04 02:07:03.875117', 'samindak', '2021-01-04 02:07:03.875117', 'samindak', 'RHEO', '48', '15', 'TS2', 3),
(41, '2021-01-04 02:07:03.898941', 'samindak', '2021-01-04 02:07:03.898941', 'samindak', 'RHEO', '88', '45', 'T90', 3),
(42, '2021-01-04 02:07:03.924217', 'samindak', '2021-01-04 02:07:03.924217', 'samindak', 'VIS', '66', '55', 'VISCOSITY', 3),
(43, '2021-01-04 02:09:25.107738', 'samindak', '2021-01-04 02:09:25.107738', 'samindak', 'PYSIC', '78', '54', 'SG', 4),
(44, '2021-01-04 02:09:25.178509', 'samindak', '2021-01-04 02:09:25.178509', 'samindak', 'PYSIC', '66', '55', 'HARDNESS', 4),
(45, '2021-01-04 02:09:25.203255', 'samindak', '2021-01-04 02:09:25.203255', 'samindak', 'PYSIC', '22', '11', 'RES', 4),
(46, '2021-01-04 02:09:25.230971', 'samindak', '2021-01-04 02:09:25.230971', 'samindak', 'PYSIC', '89', '56', 'TENST', 4),
(47, '2021-01-04 02:09:25.264348', 'samindak', '2021-01-04 02:09:25.264348', 'samindak', 'PYSIC', '66', '55', 'MODULUS', 4),
(48, '2021-01-04 02:09:25.289699', 'samindak', '2021-01-04 02:09:25.289699', 'samindak', 'PYSIC', '69', '54', 'EAB', 4),
(49, '2021-01-04 02:09:25.337911', 'samindak', '2021-01-04 02:09:25.337911', 'samindak', 'PYSIC', '14', '12', 'TEARST', 4),
(50, '2021-01-04 02:09:25.387829', 'samindak', '2021-01-04 02:09:25.387829', 'samindak', 'PYSIC', '13', '11', 'ABRASION', 4),
(51, '2021-01-04 02:09:25.411721', 'samindak', '2021-01-04 02:09:25.411721', 'samindak', 'PYSIC', '18', '13', 'CBD', 4),
(52, '2021-01-04 02:09:25.489393', 'samindak', '2021-01-04 02:09:25.489393', 'samindak', 'RHEO', '56', '23', 'ML', 4),
(53, '2021-01-04 02:09:25.521668', 'samindak', '2021-01-04 02:09:25.521668', 'samindak', 'RHEO', '56', '44', 'MH', 4),
(54, '2021-01-04 02:09:25.623002', 'samindak', '2021-01-04 02:09:25.623002', 'samindak', 'RHEO', '17', '15', 'TS2', 4),
(55, '2021-01-04 02:09:25.672188', 'samindak', '2021-01-04 02:09:25.672188', 'samindak', 'RHEO', '222', '122', 'T90', 4),
(56, '2021-01-04 02:09:25.721298', 'samindak', '2021-01-04 02:09:25.721298', 'samindak', 'VIS', '17', '11', 'VISCOSITY', 4),
(57, '2021-01-04 02:15:46.295135', 'samindak', '2021-01-04 02:15:46.295135', 'samindak', 'PYSIC', '45', '12', 'SG', 5),
(58, '2021-01-04 02:15:46.334041', 'samindak', '2021-01-04 02:15:46.334041', 'samindak', 'PYSIC', '15', '14', 'HARDNESS', 5),
(59, '2021-01-04 02:15:46.384402', 'samindak', '2021-01-04 02:15:46.384402', 'samindak', 'PYSIC', '66', '45', 'RES', 5),
(60, '2021-01-04 02:15:46.420538', 'samindak', '2021-01-04 02:15:46.420538', 'samindak', 'PYSIC', '23', '12', 'TENST', 5),
(61, '2021-01-04 02:15:46.459144', 'samindak', '2021-01-04 02:15:46.459144', 'samindak', 'PYSIC', '56', '44', 'MODULUS', 5),
(62, '2021-01-04 02:15:46.532205', 'samindak', '2021-01-04 02:15:46.532205', 'samindak', 'PYSIC', '65', '12', 'EAB', 5),
(63, '2021-01-04 02:15:46.582488', 'samindak', '2021-01-04 02:15:46.582488', 'samindak', 'PYSIC', '66', '45', 'TEARST', 5),
(64, '2021-01-04 02:15:46.631376', 'samindak', '2021-01-04 02:15:46.631376', 'samindak', 'PYSIC', '45', '12', 'ABRASION', 5),
(65, '2021-01-04 02:15:46.728243', 'samindak', '2021-01-04 02:15:46.728243', 'samindak', 'PYSIC', '89', '56', 'CBD', 5),
(66, '2021-01-04 02:15:46.777524', 'samindak', '2021-01-04 02:15:46.777524', 'samindak', 'RHEO', '55', '44', 'ML', 5),
(67, '2021-01-04 02:15:46.826815', 'samindak', '2021-01-04 02:15:46.826815', 'samindak', 'RHEO', '99', '89', 'MH', 5),
(68, '2021-01-04 02:15:46.861552', 'samindak', '2021-01-04 02:15:46.861552', 'samindak', 'RHEO', '56', '44', 'TS2', 5),
(69, '2021-01-04 02:15:46.897429', 'samindak', '2021-01-04 02:15:46.897429', 'samindak', 'RHEO', '45', '12', 'T90', 5),
(70, '2021-01-04 02:15:46.935447', 'samindak', '2021-01-04 02:15:46.935447', 'samindak', 'VIS', '17', '15', 'VISCOSITY', 5),
(71, '2021-01-20 02:34:12.312092', 'samindak', '2021-01-20 02:34:12.312092', 'samindak', 'PYSIC', '54', '45', 'SG', 6),
(72, '2021-01-20 02:34:12.404347', 'samindak', '2021-01-20 02:34:12.404347', 'samindak', 'PYSIC', '56', '55', 'HARDNESS', 6),
(73, '2021-01-20 02:34:12.451834', 'samindak', '2021-01-20 02:34:12.451834', 'samindak', 'PYSIC', '44', '12', 'RES', 6),
(74, '2021-01-20 02:34:12.499865', 'samindak', '2021-01-20 02:34:12.499865', 'samindak', 'PYSIC', '44', '13', 'TENST', 6),
(75, '2021-01-20 02:34:12.594625', 'samindak', '2021-01-20 02:34:12.594625', 'samindak', 'PYSIC', '16', '13', 'MODULUS', 6),
(76, '2021-01-20 02:34:12.668170', 'samindak', '2021-01-20 02:34:12.668170', 'samindak', 'PYSIC', '65', '56', 'EAB', 6),
(77, '2021-01-20 02:34:12.739135', 'samindak', '2021-01-20 02:34:12.739135', 'samindak', 'PYSIC', '56', '45', 'TEARST', 6),
(78, '2021-01-20 02:34:12.787817', 'samindak', '2021-01-20 02:34:12.787817', 'samindak', 'PYSIC', '24', '23', 'ABRASION', 6),
(79, '2021-01-20 02:34:12.838048', 'samindak', '2021-01-20 02:34:12.838048', 'samindak', 'PYSIC', '26', '24', 'CBD', 6),
(80, '2021-01-20 02:34:12.913540', 'samindak', '2021-01-20 02:34:12.913540', 'samindak', 'RHEO', '45', '22', 'ML', 6),
(81, '2021-01-20 02:34:12.963875', 'samindak', '2021-01-20 02:34:12.963875', 'samindak', 'RHEO', '56', '45', 'MH', 6),
(82, '2021-01-20 02:34:13.012427', 'samindak', '2021-01-20 02:34:13.012427', 'samindak', 'RHEO', '88', '56', 'TS2', 6),
(83, '2021-01-20 02:34:13.086083', 'samindak', '2021-01-20 02:34:13.086083', 'samindak', 'RHEO', '45', '12', 'T90', 6),
(84, '2021-01-20 02:34:13.123060', 'samindak', '2021-01-20 02:34:13.123060', 'samindak', 'VIS', '22', '12', 'VISCOSITY', 6),
(85, '2021-01-20 02:36:58.887286', 'samindak', '2021-01-20 02:36:58.887286', 'samindak', 'PYSIC', '5', '1', 'SG', 7),
(86, '2021-01-20 02:36:58.945095', 'samindak', '2021-01-20 02:36:58.945095', 'samindak', 'PYSIC', '20', '15', 'HARDNESS', 7),
(87, '2021-01-20 02:36:58.981304', 'samindak', '2021-01-20 02:36:58.981304', 'samindak', 'PYSIC', '56', '45', 'RES', 7),
(88, '2021-01-20 02:36:59.017030', 'samindak', '2021-01-20 02:36:59.017030', 'samindak', 'PYSIC', '55', '45', 'TENST', 7),
(89, '2021-01-20 02:36:59.079854', 'samindak', '2021-01-20 02:36:59.079854', 'samindak', 'PYSIC', '33', '12', 'MODULUS', 7),
(90, '2021-01-20 02:36:59.116116', 'samindak', '2021-01-20 02:36:59.116116', 'samindak', 'PYSIC', '55', '4', 'EAB', 7),
(91, '2021-01-20 02:36:59.151425', 'samindak', '2021-01-20 02:36:59.151425', 'samindak', 'PYSIC', '88', '78', 'TEARST', 7),
(92, '2021-01-20 02:36:59.199357', 'samindak', '2021-01-20 02:36:59.199357', 'samindak', 'PYSIC', '23', '12', 'ABRASION', 7),
(93, '2021-01-20 02:36:59.235989', 'samindak', '2021-01-20 02:36:59.235989', 'samindak', 'PYSIC', '33', '12', 'CBD', 7),
(94, '2021-01-20 02:36:59.285340', 'samindak', '2021-01-20 02:36:59.285340', 'samindak', 'RHEO', '66', '55', 'ML', 7),
(95, '2021-01-20 02:36:59.388700', 'samindak', '2021-01-20 02:36:59.388700', 'samindak', 'RHEO', '68', '44', 'MH', 7),
(96, '2021-01-20 02:36:59.451992', 'samindak', '2021-01-20 02:36:59.451992', 'samindak', 'RHEO', '56', '15', 'TS2', 7),
(97, '2021-01-20 02:36:59.520291', 'samindak', '2021-01-20 02:36:59.520291', 'samindak', 'RHEO', '26', '13', 'T90', 7),
(98, '2021-01-20 02:36:59.556217', 'samindak', '2021-01-20 02:36:59.556217', 'samindak', 'VIS', '88', '56', 'VISCOSITY', 7),
(99, '2021-02-20 02:44:42.427507', 'samindak', '2021-02-20 02:44:42.427507', 'samindak', 'PYSIC', '15', '12', 'SG', 8),
(100, '2021-02-20 02:44:42.665830', 'samindak', '2021-02-20 02:44:42.665830', 'samindak', 'PYSIC', '16', '14', 'HARDNESS', 8),
(101, '2021-02-20 02:44:42.795488', 'samindak', '2021-02-20 02:44:42.795488', 'samindak', 'PYSIC', '19', '17', 'RES', 8),
(102, '2021-02-20 02:44:42.869874', 'samindak', '2021-02-20 02:44:42.869874', 'samindak', 'PYSIC', '69', '55', 'TENST', 8),
(103, '2021-02-20 02:44:42.914968', 'samindak', '2021-02-20 02:44:42.914968', 'samindak', 'PYSIC', '16', '13', 'MODULUS', 8),
(104, '2021-02-20 02:44:42.962411', 'samindak', '2021-02-20 02:44:42.962411', 'samindak', 'PYSIC', '19', '16', 'EAB', 8),
(105, '2021-02-20 02:44:42.997709', 'samindak', '2021-02-20 02:44:42.997709', 'samindak', 'PYSIC', '23', '17', 'TEARST', 8),
(106, '2021-02-20 02:44:43.033732', 'samindak', '2021-02-20 02:44:43.033732', 'samindak', 'PYSIC', '56', '46', 'ABRASION', 8),
(107, '2021-02-20 02:44:43.070436', 'samindak', '2021-02-20 02:44:43.070436', 'samindak', 'PYSIC', '69', '55', 'CBD', 8),
(108, '2021-02-20 02:44:43.130788', 'samindak', '2021-02-20 02:44:43.130788', 'samindak', 'RHEO', '19', '14', 'ML', 8),
(109, '2021-02-20 02:44:43.203332', 'samindak', '2021-02-20 02:44:43.203332', 'samindak', 'RHEO', '56', '54', 'MH', 8),
(110, '2021-02-20 02:44:43.239032', 'samindak', '2021-02-20 02:44:43.239032', 'samindak', 'RHEO', '58', '56', 'TS2', 8),
(111, '2021-02-20 02:44:43.288282', 'samindak', '2021-02-20 02:44:43.288282', 'samindak', 'RHEO', '56', '23', 'T90', 8),
(112, '2021-02-20 02:44:43.323765', 'samindak', '2021-02-20 02:44:43.323765', 'samindak', 'VIS', '16', '14', 'VISCOSITY', 8),
(113, '2021-03-15 02:52:59.542088', 'samindak', '2021-03-15 02:52:59.542088', 'samindak', 'PYSIC', '16', '11', 'SG', 9),
(114, '2021-03-15 02:52:59.642996', 'samindak', '2021-03-15 02:52:59.642996', 'samindak', 'PYSIC', '33', '12', 'HARDNESS', 9),
(115, '2021-03-15 02:52:59.864763', 'samindak', '2021-03-15 02:52:59.864763', 'samindak', 'PYSIC', '17', '15', 'RES', 9),
(116, '2021-03-15 02:52:59.900111', 'samindak', '2021-03-15 02:52:59.900111', 'samindak', 'PYSIC', '48', '16', 'TENST', 9),
(117, '2021-03-15 02:52:59.959349', 'samindak', '2021-03-15 02:52:59.959349', 'samindak', 'PYSIC', '33', '22', 'MODULUS', 9),
(118, '2021-03-15 02:52:59.994479', 'samindak', '2021-03-15 02:52:59.994479', 'samindak', 'PYSIC', '69', '15', 'EAB', 9),
(119, '2021-03-15 02:53:00.064322', 'samindak', '2021-03-15 02:53:00.064322', 'samindak', 'PYSIC', '69', '59', 'TEARST', 9),
(120, '2021-03-15 02:53:00.098672', 'samindak', '2021-03-15 02:53:00.098672', 'samindak', 'PYSIC', '68', '45', 'ABRASION', 9),
(121, '2021-03-15 02:53:00.134553', 'samindak', '2021-03-15 02:53:00.134553', 'samindak', 'PYSIC', '56', '13', 'CBD', 9),
(122, '2021-03-15 02:53:00.205814', 'samindak', '2021-03-15 02:53:00.205814', 'samindak', 'RHEO', '89', '45', 'ML', 9),
(123, '2021-03-15 02:53:00.336859', 'samindak', '2021-03-15 02:53:00.336859', 'samindak', 'RHEO', '7', '5', 'MH', 9),
(124, '2021-03-15 02:53:00.434503', 'samindak', '2021-03-15 02:53:00.434503', 'samindak', 'RHEO', '66', '45', 'TS2', 9),
(125, '2021-03-15 02:53:00.467417', 'samindak', '2021-03-15 02:53:00.467417', 'samindak', 'RHEO', '89', '45', 'T90', 9),
(126, '2021-03-15 02:53:00.503258', 'samindak', '2021-03-15 02:53:00.503258', 'samindak', 'VIS', '45', '12', 'VISCOSITY', 9),
(127, '2021-04-12 02:58:13.716172', 'samindak', '2021-04-12 02:58:13.716172', 'samindak', 'PYSIC', '2.5', '1', 'SG', 10),
(128, '2021-04-12 02:58:13.809882', 'samindak', '2021-04-12 02:58:13.809882', 'samindak', 'PYSIC', '48', '45', 'HARDNESS', 10),
(129, '2021-04-12 02:58:13.909417', 'samindak', '2021-04-12 02:58:13.909417', 'samindak', 'PYSIC', '56', '44', 'RES', 10),
(130, '2021-04-12 02:58:14.006569', 'samindak', '2021-04-12 02:58:14.006569', 'samindak', 'PYSIC', '45', '23', 'TENST', 10),
(131, '2021-04-12 02:58:14.040249', 'samindak', '2021-04-12 02:58:14.040249', 'samindak', 'PYSIC', '99', '88', 'MODULUS', 10),
(132, '2021-04-12 02:58:14.075096', 'samindak', '2021-04-12 02:58:14.075096', 'samindak', 'PYSIC', '89', '56', 'EAB', 10),
(133, '2021-04-12 02:58:14.123107', 'samindak', '2021-04-12 02:58:14.123107', 'samindak', 'PYSIC', '45', '12', 'TEARST', 10),
(134, '2021-04-12 02:58:14.171759', 'samindak', '2021-04-12 02:58:14.171759', 'samindak', 'PYSIC', '56', '14', 'ABRASION', 10),
(135, '2021-04-12 02:58:14.245383', 'samindak', '2021-04-12 02:58:14.245383', 'samindak', 'PYSIC', '56', '15', 'CBD', 10),
(136, '2021-04-12 02:58:14.305678', 'samindak', '2021-04-12 02:58:14.305678', 'samindak', 'RHEO', '58', '14', 'ML', 10),
(137, '2021-04-12 02:58:14.424983', 'samindak', '2021-04-12 02:58:14.424983', 'samindak', 'RHEO', '49', '16', 'MH', 10),
(138, '2021-04-12 02:58:14.547389', 'samindak', '2021-04-12 02:58:14.547389', 'samindak', 'PYSIC', '45', '13', 'TS2', 10),
(139, '2021-04-12 02:58:14.597772', 'samindak', '2021-04-12 02:58:14.597772', 'samindak', 'RHEO', '99', '44', 'T90', 10),
(140, '2021-04-12 02:58:14.647703', 'samindak', '2021-04-12 02:58:14.647703', 'samindak', 'VIS', '44', '16', 'VISCOSITY', 10);

-- --------------------------------------------------------

--
-- Table structure for table `user`
--

DROP TABLE IF EXISTS `user`;
CREATE TABLE IF NOT EXISTS `user` (
  `id` int(11) NOT NULL AUTO_INCREMENT,
  `created_at` datetime(6) NOT NULL,
  `created_by` varchar(255) NOT NULL,
  `updated_at` datetime(6) NOT NULL,
  `updated_by` varchar(255) NOT NULL,
  `enabled` bit(1) NOT NULL,
  `live_dead` varchar(255) DEFAULT NULL,
  `password` varchar(255) NOT NULL,
  `username` varchar(255) NOT NULL,
  `employee_id` int(11) NOT NULL,
  PRIMARY KEY (`id`),
  KEY `FK211dk0pe7l3aibwce8yy61ota` (`employee_id`)
) ENGINE=InnoDB AUTO_INCREMENT=11 DEFAULT CHARSET=utf8mb4 COLLATE=utf8mb4_0900_ai_ci;

--
-- Dumping data for table `user`
--

INSERT INTO `user` (`id`, `created_at`, `created_by`, `updated_at`, `updated_by`, `enabled`, `live_dead`, `password`, `username`, `employee_id`) VALUES
(1, '2021-01-01 08:13:51.065281', 'anonymousUser', '2021-01-01 08:13:51.065281', 'anonymousUser', b'1', 'ACTIVE', '$2a$10$PfbT.Mft3JVrHQl1KAxdQ.7X/osqMVWZe5RPzNAFJV621i6KVlQPy', 'admin', 1),
(2, '2021-01-01 08:25:49.747856', 'admin', '2021-01-01 08:25:49.747856', 'admin', b'1', 'ACTIVE', '$2a$10$ZxVoW71UXrGmSi6c2OI3ue9VHEEjd/2hZXE3/DmvXdsYu4xkbO4LG', 'chamindar', 2),
(3, '2021-01-02 09:16:12.353885', 'chamindar', '2021-01-02 09:16:12.353885', 'chamindar', b'1', 'ACTIVE', '$2a$10$nO2fE4LZIugldCFvOPB9Jek04qQ1KKcOfk1W2F0aVlyiFAm1Ei.mG', 'chamodg', 3),
(4, '2021-01-03 01:06:22.484695', 'chamindar', '2021-01-03 01:06:22.484695', 'chamindar', b'1', 'ACTIVE', '$2a$10$BKY1c.BjGM5vmoCtjpzS2OgC2Gm0X0A9NBFsWiGJkEmI4FagynSM.', 'hasithar', 4),
(5, '2021-01-03 01:13:01.511874', 'chamindar', '2021-01-03 01:13:01.511874', 'chamindar', b'1', 'ACTIVE', '$2a$10$bY9X90Qd8ErEPHhMSyG/4.L9eCHYAKA7taRdjc2yOzm1d2TlTCLpK', 'samindak', 5),
(6, '2021-01-03 01:18:22.911009', 'chamindar', '2021-01-03 01:18:22.911009', 'chamindar', b'1', 'ACTIVE', '$2a$10$BxRiiVwDspnx8NkaF5fgWeYuDDLUKRN/KI8dudZpevo3k.IWyprUG', 'kalpanin', 6),
(7, '2021-01-03 01:22:14.116864', 'chamindar', '2021-01-03 01:22:14.116864', 'chamindar', b'1', 'ACTIVE', '$2a$10$8l7PoB9JsAR.JdFoaMxCve2ff1DwrokW.31oWnQwLOAfkQCeWguh6', 'sarithag', 7),
(8, '2021-01-04 01:29:39.445920', 'chamindar', '2021-01-04 01:29:39.445920', 'chamindar', b'1', 'ACTIVE', '$2a$10$PfXtcg8IrPErKFQmViFVuOF9.Qj6SFRlV7QEoHwvhH/a5i8uQsn1G', 'ruwanm', 8),
(9, '2021-01-04 01:39:23.972911', 'chamindar', '2021-01-04 01:39:23.972911', 'chamindar', b'1', 'ACTIVE', '$2a$10$I5zd.uCOoRmrgvCzVzs4PetFeaLfsifCG33yzui.B/.ejNsLScbVC', 'dilanip', 9),
(10, '2021-01-04 01:39:58.876553', 'chamindar', '2021-01-04 01:39:58.876553', 'chamindar', b'1', 'ACTIVE', '$2a$10$oa/tWNh0Zn0nynlaJcsHYu3a5PzriFq8ZO/r5O1MMY0W5SLbUrQ.e', 'gayaniw', 10);

-- --------------------------------------------------------

--
-- Table structure for table `user_role`
--

DROP TABLE IF EXISTS `user_role`;
CREATE TABLE IF NOT EXISTS `user_role` (
  `user_id` int(11) NOT NULL,
  `role_id` int(11) NOT NULL,
  KEY `FKa68196081fvovjhkek5m97n3y` (`role_id`),
  KEY `FK859n2jvi8ivhui0rl0esws6o` (`user_id`)
) ENGINE=InnoDB DEFAULT CHARSET=utf8mb4 COLLATE=utf8mb4_0900_ai_ci;

--
-- Dumping data for table `user_role`
--

INSERT INTO `user_role` (`user_id`, `role_id`) VALUES
(1, 1),
(2, 7),
(3, 2),
(3, 3),
(4, 3),
(5, 4),
(6, 5),
(7, 6),
(8, 8),
(9, 7),
(10, 6);

-- --------------------------------------------------------

--
-- Table structure for table `user_session_log`
--

DROP TABLE IF EXISTS `user_session_log`;
CREATE TABLE IF NOT EXISTS `user_session_log` (
  `id` int(11) NOT NULL AUTO_INCREMENT,
  `created_at` datetime(6) NOT NULL,
  `failure_attempts` int(11) NOT NULL,
  `user_session_log_status` varchar(255) DEFAULT NULL,
  `user_id` int(11) DEFAULT NULL,
  PRIMARY KEY (`id`),
  KEY `FKrhb4wune1hnnhdsbiah2ojo5l` (`user_id`)
) ENGINE=InnoDB AUTO_INCREMENT=86 DEFAULT CHARSET=utf8mb4 COLLATE=utf8mb4_0900_ai_ci;

--
-- Dumping data for table `user_session_log`
--

INSERT INTO `user_session_log` (`id`, `created_at`, `failure_attempts`, `user_session_log_status`, `user_id`) VALUES
(1, '2021-01-01 08:14:14.989992', 0, 'LOGGED', 1),
(2, '2021-01-01 08:26:01.182925', 0, 'LOGOUT', 1),
(3, '2021-01-01 08:26:17.467393', 0, 'LOGGED', 2),
(4, '2021-01-02 09:10:22.463294', 0, 'LOGGED', 2),
(5, '2021-01-02 09:17:03.220481', 0, 'LOGOUT', 2),
(6, '2021-01-02 09:17:12.945519', 0, 'LOGGED', 3),
(7, '2021-01-02 09:28:13.894738', 0, 'LOGGED', 3),
(8, '2021-01-03 00:35:35.424941', 0, 'LOGGED', 3),
(9, '2021-01-03 00:45:42.162931', 0, 'LOGOUT', 3),
(10, '2021-01-03 00:45:57.664597', 0, 'LOGGED', 2),
(11, '2021-01-03 00:48:44.097074', 0, 'LOGOUT', 2),
(12, '2021-01-03 01:02:07.422722', 0, 'LOGGED', 2),
(13, '2021-01-03 01:06:37.098630', 0, 'LOGOUT', 2),
(14, '2021-01-03 01:06:46.690724', 0, 'LOGGED', 4),
(15, '2021-01-03 01:09:50.949898', 0, 'LOGOUT', 4),
(16, '2021-01-03 01:12:08.308654', 0, 'LOGGED', 2),
(17, '2021-01-04 01:24:54.462377', 0, 'LOGGED', 2),
(18, '2021-01-04 01:42:06.037569', 0, 'LOGOUT', 2),
(19, '2021-01-04 01:42:13.584346', 0, 'LOGGED', 5),
(20, '2021-01-20 02:29:03.031251', 0, 'LOGGED', 5),
(21, '2021-02-20 02:41:03.620942', 0, 'LOGGED', 5),
(22, '2021-03-15 02:49:36.063304', 0, 'LOGGED', 5),
(23, '2021-04-12 02:55:46.166931', 0, 'LOGGED', 5),
(24, '2021-01-10 03:36:41.512438', 0, 'LOGGED', 7),
(25, '2021-01-10 03:43:17.827789', 0, 'LOGGED', 7),
(26, '2021-01-10 03:47:20.514836', 0, 'LOGGED', 7),
(27, '2021-02-25 03:51:58.369527', 0, 'LOGGED', 7),
(28, '2021-02-25 03:55:55.289248', 0, 'LOGGED', 7),
(29, '2021-03-28 04:00:23.273078', 0, 'LOGGED', 7),
(30, '2021-01-10 04:04:07.304000', 0, 'LOGGED', 7),
(31, '2021-01-10 04:13:48.655340', 0, 'LOGOUT', 7),
(32, '2021-01-10 04:13:57.051219', 0, 'LOGGED', 5),
(33, '2021-01-10 04:25:23.720010', 0, 'LOGOUT', 5),
(34, '2021-01-10 04:25:30.435393', 0, 'LOGGED', 7),
(35, '2021-01-10 04:29:49.541400', 0, 'LOGOUT', 7),
(36, '2021-01-10 04:29:56.333126', 0, 'LOGGED', 5),
(37, '2021-01-10 04:37:07.465069', 0, 'LOGOUT', 5),
(38, '2021-01-10 04:37:13.735623', 0, 'LOGGED', 7),
(39, '2021-02-25 04:52:55.606643', 0, 'LOGGED', 7),
(40, '2021-02-25 04:56:59.027911', 0, 'LOGOUT', 7),
(41, '2021-02-25 04:57:08.930569', 0, 'LOGGED', 5),
(42, '2021-02-25 05:00:29.359830', 0, 'LOGOUT', 5),
(43, '2021-02-25 05:00:37.059397', 0, 'LOGGED', 5),
(44, '2021-02-25 05:00:42.571252', 0, 'LOGOUT', 5),
(45, '2021-02-25 05:00:49.107427', 0, 'LOGGED', 7),
(46, '2021-03-01 05:06:06.732589', 0, 'LOGGED', 7),
(47, '2021-03-01 05:07:26.998852', 0, 'LOGOUT', 7),
(48, '2021-03-01 05:07:34.887581', 0, 'LOGGED', 5),
(49, '2021-03-01 05:15:20.777053', 0, 'LOGOUT', 5),
(50, '2021-03-01 05:15:31.533213', 0, 'LOGGED', 7),
(51, '2021-03-10 05:18:39.571963', 0, 'LOGGED', 7),
(52, '2021-03-10 05:19:30.990297', 0, 'LOGOUT', 7),
(53, '2021-03-10 05:19:38.421875', 0, 'LOGGED', 5),
(54, '2021-03-10 05:21:31.301971', 0, 'LOGOUT', 5),
(55, '2021-03-10 05:21:38.537559', 0, 'LOGGED', 7),
(56, '2021-03-15 05:24:17.425581', 0, 'LOGGED', 7),
(57, '2021-03-15 05:25:25.692467', 0, 'LOGOUT', 7),
(58, '2021-03-15 05:25:33.023650', 0, 'LOGGED', 5),
(59, '2021-03-15 05:31:20.231081', 0, 'LOGOUT', 5),
(60, '2021-03-15 05:31:31.803128', 0, 'LOGGED', 7),
(61, '2021-03-23 05:40:00.943826', 0, 'LOGGED', 7),
(62, '2021-03-23 05:40:25.694730', 0, 'LOGOUT', 7),
(63, '2021-03-23 05:40:34.016842', 0, 'LOGGED', 5),
(64, '2021-03-23 05:41:52.321361', 0, 'LOGOUT', 5),
(65, '2021-03-23 05:41:59.363856', 0, 'LOGGED', 7),
(66, '2021-03-30 05:43:36.391436', 0, 'LOGGED', 7),
(67, '2021-04-22 05:44:43.445631', 0, 'LOGGED', 5),
(68, '2021-04-22 05:47:05.207814', 0, 'LOGOUT', 5),
(69, '2021-04-22 05:47:13.798725', 0, 'LOGGED', 7),
(70, '2021-04-04 05:49:35.587357', 0, 'LOGGED', 7),
(71, '2021-04-04 05:50:09.307093', 0, 'LOGOUT', 7),
(72, '2021-04-04 05:50:16.777915', 0, 'LOGGED', 5),
(73, '2021-04-04 05:53:07.441649', 0, 'LOGOUT', 5),
(74, '2021-04-04 05:53:14.469210', 0, 'LOGGED', 7),
(75, '2021-04-16 05:55:36.801772', 0, 'LOGGED', 7),
(76, '2021-04-16 05:56:06.146962', 0, 'LOGOUT', 7),
(77, '2021-04-16 05:56:14.313652', 0, 'LOGGED', 5),
(78, '2021-04-16 05:58:11.601206', 0, 'LOGOUT', 5),
(79, '2021-04-16 05:58:19.063521', 0, 'LOGGED', 7),
(80, '2021-04-20 05:59:19.221101', 0, 'LOGGED', 7),
(81, '2021-04-20 05:59:44.604236', 0, 'LOGOUT', 7),
(82, '2021-04-20 05:59:50.791620', 0, 'LOGGED', 5),
(83, '2021-04-20 06:01:41.291695', 0, 'LOGOUT', 5),
(84, '2021-04-20 06:01:47.808365', 0, 'LOGGED', 7),
(85, '2021-04-20 06:04:09.884818', 0, 'LOGOUT', 7);

--
-- Constraints for dumped tables
--

--
-- Constraints for table `employee_files`
--
ALTER TABLE `employee_files`
  ADD CONSTRAINT `FKolualpa5dydj5r06txltc1y6d` FOREIGN KEY (`employee_id`) REFERENCES `employee` (`id`);

--
-- Constraints for table `payment`
--
ALTER TABLE `payment`
  ADD CONSTRAINT `FKjrgj4j0fxoolb4qsx9jjkr5y5` FOREIGN KEY (`sample_receiving_id`) REFERENCES `sample_receiving` (`id`);

--
-- Constraints for table `sample_receiving`
--
ALTER TABLE `sample_receiving`
  ADD CONSTRAINT `FK8x0822y3hdlctbsvffntygivh` FOREIGN KEY (`discount_ratio_id`) REFERENCES `discount_ratio` (`id`),
  ADD CONSTRAINT `FKabotpy92dim50i8xar6dxct27` FOREIGN KEY (`customer_id`) REFERENCES `customer` (`id`),
  ADD CONSTRAINT `FKnx9yk0isw7j2qrdrlmnqfkvw7` FOREIGN KEY (`compound_id`) REFERENCES `compound` (`id`);

--
-- Constraints for table `sample_receiving_lab_test`
--
ALTER TABLE `sample_receiving_lab_test`
  ADD CONSTRAINT `FK8j57592pe714f474p7uyl6o61` FOREIGN KEY (`sample_receiving_id`) REFERENCES `sample_receiving` (`id`);

--
-- Constraints for table `sample_receiving_lab_test_result`
--
ALTER TABLE `sample_receiving_lab_test_result`
  ADD CONSTRAINT `FK69g6rqxksfvbqkdasu077vw2p` FOREIGN KEY (`specification_id`) REFERENCES `specification` (`id`),
  ADD CONSTRAINT `FKtirgedd4r2hfnw8rgjd6qfepo` FOREIGN KEY (`sample_receiving_lab_test_id`) REFERENCES `sample_receiving_lab_test` (`id`);

--
-- Constraints for table `specification`
--
ALTER TABLE `specification`
  ADD CONSTRAINT `FKt2958kvke8lbutj8f93snap0f` FOREIGN KEY (`compound_id`) REFERENCES `compound` (`id`);

--
-- Constraints for table `user`
--
ALTER TABLE `user`
  ADD CONSTRAINT `FK211dk0pe7l3aibwce8yy61ota` FOREIGN KEY (`employee_id`) REFERENCES `employee` (`id`);

--
-- Constraints for table `user_role`
--
ALTER TABLE `user_role`
  ADD CONSTRAINT `FK859n2jvi8ivhui0rl0esws6o` FOREIGN KEY (`user_id`) REFERENCES `user` (`id`),
  ADD CONSTRAINT `FKa68196081fvovjhkek5m97n3y` FOREIGN KEY (`role_id`) REFERENCES `role` (`id`);

--
-- Constraints for table `user_session_log`
--
ALTER TABLE `user_session_log`
  ADD CONSTRAINT `FKrhb4wune1hnnhdsbiah2ojo5l` FOREIGN KEY (`user_id`) REFERENCES `user` (`id`);
COMMIT;

/*!40101 SET CHARACTER_SET_CLIENT=@OLD_CHARACTER_SET_CLIENT */;
/*!40101 SET CHARACTER_SET_RESULTS=@OLD_CHARACTER_SET_RESULTS */;
/*!40101 SET COLLATION_CONNECTION=@OLD_COLLATION_CONNECTION */;
