-- phpMyAdmin SQL Dump
-- version 4.9.2
-- https://www.phpmyadmin.net/
--
-- Host: 127.0.0.1:3308
-- Generation Time: Apr 13, 2021 at 08:03 PM
-- Server version: 8.0.18
-- PHP Version: 7.3.12

SET SQL_MODE = "NO_AUTO_VALUE_ON_ZERO";
SET AUTOCOMMIT = 0;
START TRANSACTION;
SET time_zone = "+00:00";


/*!40101 SET @OLD_CHARACTER_SET_CLIENT=@@CHARACTER_SET_CLIENT */;
/*!40101 SET @OLD_CHARACTER_SET_RESULTS=@@CHARACTER_SET_RESULTS */;
/*!40101 SET @OLD_COLLATION_CONNECTION=@@COLLATION_CONNECTION */;
/*!40101 SET NAMES utf8mb4 */;

--
-- Database: `grilmsystem`
--

-- --------------------------------------------------------

--
-- Table structure for table `compound`
--

DROP TABLE IF EXISTS `compound`;
CREATE TABLE IF NOT EXISTS `compound` (
  `id` int(11) NOT NULL AUTO_INCREMENT,
  `created_at` datetime(6) NOT NULL,
  `created_by` varchar(255) NOT NULL,
  `updated_at` datetime(6) NOT NULL,
  `updated_by` varchar(255) NOT NULL,
  `code` varchar(255) DEFAULT NULL,
  `live_dead` varchar(255) DEFAULT NULL,
  `name` varchar(255) DEFAULT NULL,
  `price` decimal(10,2) NOT NULL,
  PRIMARY KEY (`id`)
) ENGINE=InnoDB AUTO_INCREMENT=12 DEFAULT CHARSET=utf8mb4 COLLATE=utf8mb4_0900_ai_ci;

--
-- Dumping data for table `compound`
--

INSERT INTO `compound` (`id`, `created_at`, `created_by`, `updated_at`, `updated_by`, `code`, `live_dead`, `name`, `price`) VALUES
(1, '2021-03-30 21:19:52.001465', 'samindak', '2021-03-30 21:19:52.001465', 'samindak', 'AGT9987', 'ACTIVE', 'Agricultural Tyre Compound', '150000.00'),
(2, '2021-03-30 21:37:05.763448', 'samindak', '2021-03-30 21:37:05.763448', 'samindak', 'HV094', 'ACTIVE', 'Heavy vehicle compound', '300000.00'),
(3, '2021-03-30 21:39:14.758648', 'samindak', '2021-03-30 21:39:14.758648', 'samindak', 'AGT0123', 'ACTIVE', 'Agricultural Tire Compound', '900000.00'),
(4, '2021-03-30 21:41:10.101058', 'samindak', '2021-03-30 21:41:10.101058', 'samindak', 'CT5666', 'ACTIVE', 'CT tier compound', '230000.00'),
(5, '2021-03-30 21:43:03.685678', 'samindak', '2021-03-30 21:43:03.685678', 'samindak', 'TPS09345', 'ACTIVE', 'TPS tire compound', '9080000.00'),
(6, '2021-03-30 21:45:42.867085', 'tharushaw', '2021-03-30 21:45:42.867085', 'tharushaw', 'IPS3455', 'ACTIVE', 'IPS tire compound', '900000.00'),
(7, '2021-03-30 21:47:50.730278', 'tharushaw', '2021-03-30 21:47:50.730278', 'tharushaw', 'FL3455', 'ACTIVE', 'FL tire compound', '780000.00'),
(8, '2021-03-30 21:48:57.524136', 'tharushaw', '2021-03-30 21:49:53.793853', 'tharushaw', 'SPP459', 'ACTIVE', 'SPP tire compound', '450000.00'),
(9, '2021-03-30 21:51:54.318227', 'tharushaw', '2021-03-30 21:51:54.318227', 'tharushaw', 'BPS2234', 'ACTIVE', 'BPS tire compound', '780000.00'),
(10, '2021-03-30 21:53:13.586168', 'tharushaw', '2021-03-30 21:53:13.586168', 'tharushaw', 'TCP0345', 'ACTIVE', 'TCP tire compound', '50000.00'),
(11, '2021-03-30 21:53:13.866775', 'tharushaw', '2021-04-02 23:55:05.633914', 'samindak', 'TCP0345', 'ACTIVE', 'TCP tire compound', '50000.00');

-- --------------------------------------------------------

--
-- Table structure for table `customer`
--

DROP TABLE IF EXISTS `customer`;
CREATE TABLE IF NOT EXISTS `customer` (
  `id` int(11) NOT NULL AUTO_INCREMENT,
  `created_at` datetime(6) NOT NULL,
  `created_by` varchar(255) NOT NULL,
  `updated_at` datetime(6) NOT NULL,
  `updated_by` varchar(255) NOT NULL,
  `address` varchar(255) CHARACTER SET utf8 COLLATE utf8_bin DEFAULT NULL,
  `code` varchar(255) DEFAULT NULL,
  `company_name` varchar(255) DEFAULT NULL,
  `customer_type` varchar(255) DEFAULT NULL,
  `email` varchar(255) DEFAULT NULL,
  `live_dead` varchar(255) DEFAULT NULL,
  `mobile` varchar(10) DEFAULT NULL,
  `name` varchar(255) DEFAULT NULL,
  `nic` varchar(12) DEFAULT NULL,
  `title` varchar(255) DEFAULT NULL,
  PRIMARY KEY (`id`),
  UNIQUE KEY `UK_rm1bp9bhtiih5foj17t8l500j` (`code`),
  UNIQUE KEY `UK_dwk6cx0afu8bs9o4t536v1j5v` (`email`),
  UNIQUE KEY `UK_4h6a5iro7ibjn1v8g2n7pktiw` (`mobile`),
  UNIQUE KEY `UK_9st6x9trhf0s27g0vgpcaeu3m` (`nic`)
) ENGINE=InnoDB AUTO_INCREMENT=3 DEFAULT CHARSET=utf8mb4 COLLATE=utf8mb4_0900_ai_ci;

--
-- Dumping data for table `customer`
--

INSERT INTO `customer` (`id`, `created_at`, `created_by`, `updated_at`, `updated_by`, `address`, `code`, `company_name`, `customer_type`, `email`, `live_dead`, `mobile`, `name`, `nic`, `title`) VALUES
(1, '2021-03-30 22:56:57.103061', 'sarithag', '2021-03-30 22:56:57.103061', 'sarithag', 'No.45, Badalgama', 'GRIS210000', 'Global Rubber Industries', 'INTERNAL', 'saminak@gri.com', NULL, '0756353453', 'Saminda Kularathna', '923445632V', 'MR'),
(2, '2021-03-30 22:58:03.224779', 'sarithag', '2021-03-30 22:58:03.224779', 'sarithag', 'No.98, Colombo07', 'GRIS210001', 'DSI', 'EXTERNAL', 'gihan@dsi.com', NULL, '0772342534', 'Gihan Samaranayake', '912332434V', 'MR');

-- --------------------------------------------------------

--
-- Table structure for table `discount_ratio`
--

DROP TABLE IF EXISTS `discount_ratio`;
CREATE TABLE IF NOT EXISTS `discount_ratio` (
  `id` int(11) NOT NULL AUTO_INCREMENT,
  `amount` int(11) NOT NULL,
  `discount_ratio_status` int(11) DEFAULT NULL,
  `live_dead` varchar(255) DEFAULT NULL,
  `name` varchar(255) DEFAULT NULL,
  PRIMARY KEY (`id`)
) ENGINE=InnoDB AUTO_INCREMENT=5 DEFAULT CHARSET=utf8mb4 COLLATE=utf8mb4_0900_ai_ci;

--
-- Dumping data for table `discount_ratio`
--

INSERT INTO `discount_ratio` (`id`, `amount`, `discount_ratio_status`, `live_dead`, `name`) VALUES
(1, 100, 0, 'ACTIVE', 'Full Discount'),
(2, 50, 0, 'ACTIVE', 'Half Discount'),
(3, 25, 0, 'ACTIVE', 'quarter discount'),
(4, 75, 0, 'STOP', 'special discount');

-- --------------------------------------------------------

--
-- Table structure for table `employee`
--

DROP TABLE IF EXISTS `employee`;
CREATE TABLE IF NOT EXISTS `employee` (
  `id` int(11) NOT NULL AUTO_INCREMENT,
  `created_at` datetime(6) NOT NULL,
  `created_by` varchar(255) NOT NULL,
  `updated_at` datetime(6) NOT NULL,
  `updated_by` varchar(255) NOT NULL,
  `address` varchar(255) CHARACTER SET utf8 COLLATE utf8_bin DEFAULT NULL,
  `calling_name` varchar(255) DEFAULT NULL,
  `civil_status` varchar(255) DEFAULT NULL,
  `code` varchar(255) DEFAULT NULL,
  `date_of_assignment` date DEFAULT NULL,
  `date_of_birth` date DEFAULT NULL,
  `designation` varchar(255) DEFAULT NULL,
  `employee_status` varchar(255) DEFAULT NULL,
  `gender` varchar(255) DEFAULT NULL,
  `land` varchar(10) DEFAULT NULL,
  `live_dead` varchar(255) DEFAULT NULL,
  `mobile_one` varchar(10) DEFAULT NULL,
  `mobile_two` varchar(10) DEFAULT NULL,
  `name` varchar(255) DEFAULT NULL,
  `nic` varchar(12) DEFAULT NULL,
  `office_email` varchar(255) DEFAULT NULL,
  `title` varchar(255) DEFAULT NULL,
  PRIMARY KEY (`id`),
  UNIQUE KEY `UK_nbyivu8qgmx0r7wtbplf01gf8` (`code`),
  UNIQUE KEY `UK_dihajhqd7lkqn3lhsawly3t9r` (`nic`),
  UNIQUE KEY `UK_ldqrk7j96ef2tqxsonr4dqf0r` (`office_email`)
) ENGINE=InnoDB AUTO_INCREMENT=7 DEFAULT CHARSET=utf8mb4 COLLATE=utf8mb4_0900_ai_ci;

--
-- Dumping data for table `employee`
--

INSERT INTO `employee` (`id`, `created_at`, `created_by`, `updated_at`, `updated_by`, `address`, `calling_name`, `civil_status`, `code`, `date_of_assignment`, `date_of_birth`, `designation`, `employee_status`, `gender`, `land`, `live_dead`, `mobile_one`, `mobile_two`, `name`, `nic`, `office_email`, `title`) VALUES
(1, '2021-03-28 18:15:04.172717', 'anonymousUser', '2021-04-03 00:18:13.261345', 'admin', NULL, 'Admin', 'UNMARRIED', '11111111', '2021-03-28', '2003-03-28', 'LA', 'WORKING', 'MALE', NULL, 'ACTIVE', '0750000000', NULL, '908670000V', NULL, NULL, 'MR'),
(2, '2021-03-28 19:12:29.979868', 'admin', '2021-03-28 19:12:29.979868', 'admin', 'No65, Badalgama', 'CharithaA', 'MARRIED', 'GRIE210000', '2020-01-01', '1992-11-29', 'SQA', 'WORKING', 'MALE', '0332234343', 'ACTIVE', '0753434234', '0773423423', 'Charitha Abeyrathne', '923344534V', 'charitha@gri.com', 'MR'),
(3, '2021-03-28 19:13:59.701539', 'admin', '2021-03-28 19:13:59.701539', 'admin', 'No.78, Nugegoda', 'Chamod', 'UNMARRIED', 'GRIE210001', '2020-02-11', '1991-08-19', 'QA', 'WORKING', 'MALE', '0332243534', 'ACTIVE', '0773334534', '0753423423', 'Chamod Pieris', '912323534V', 'chamod@gri.com', 'MR'),
(4, '2021-03-28 19:16:56.791531', 'admin', '2021-03-28 19:16:56.791531', 'admin', 'No.78, Gampaha', 'SamindaK', 'UNMARRIED', 'GRIE210002', '2020-01-01', '1992-12-09', 'TA', 'WORKING', 'MALE', '0332275384', 'ACTIVE', '0756345763', '0773453459', 'Saminda Kularathna', '923445632V', 'saminda@gri.com', 'MRS'),
(5, '2021-03-28 19:18:33.016048', 'admin', '2021-03-28 19:18:33.016048', 'admin', 'No.8, Ganemulla', 'TharushaW', 'UNMARRIED', 'GRIE210003', '2020-02-01', '1994-12-08', 'LA', 'WORKING', 'FEMALE', '0332234534', 'ACTIVE', '0753643746', '0774534534', 'Tharusha Warusapperuma', '943434534V', 'tharusha@gri.com', 'MISS'),
(6, '2021-03-28 19:20:28.990556', 'admin', '2021-03-28 19:20:28.990556', 'admin', 'No. 55, Imbulgoda', 'SarithaG', 'UNMARRIED', 'GRIE210004', '2020-02-01', '1996-12-10', 'CA', 'WORKING', 'FEMALE', '0332234534', 'ACTIVE', '0753284234', '0772323454', 'Saritha Gunasekara', '963453453V', 'saritha@gritires.com', 'MRS');

-- --------------------------------------------------------

--
-- Table structure for table `employee_files`
--

DROP TABLE IF EXISTS `employee_files`;
CREATE TABLE IF NOT EXISTS `employee_files` (
  `id` int(11) NOT NULL AUTO_INCREMENT,
  `created_at` datetime(6) NOT NULL,
  `created_by` varchar(255) NOT NULL,
  `updated_at` datetime(6) NOT NULL,
  `updated_by` varchar(255) NOT NULL,
  `mime_type` varchar(255) DEFAULT NULL,
  `name` varchar(255) DEFAULT NULL,
  `new_id` varchar(255) DEFAULT NULL,
  `new_name` varchar(255) DEFAULT NULL,
  `pic` longblob,
  `employee_id` int(11) DEFAULT NULL,
  PRIMARY KEY (`id`),
  UNIQUE KEY `UK_5eob6je5op1e4m7v20v5i01p2` (`new_id`),
  KEY `FKolualpa5dydj5r06txltc1y6d` (`employee_id`)
) ENGINE=InnoDB AUTO_INCREMENT=6 DEFAULT CHARSET=utf8mb4 COLLATE=utf8mb4_0900_ai_ci;

--
-- Dumping data for table `employee_files`
--

INSERT INTO `employee_files` (`id`, `created_at`, `created_by`, `updated_at`, `updated_by`, `mime_type`, `name`, `new_id`, `new_name`, `pic`, `employee_id`) VALUES
(1, '2021-03-28 19:12:30.087057', 'admin', '2021-03-28 19:12:30.087057', 'admin', 'image/png', 'maleuser.png', 'b2c6ee5f-1201-45dc-90f4-9906227793a7employee', '923344534V-2021-03-28T19:12:30.067125400', 0x89504e470d0a1a0a0000000d49484452000000e1000000e10803000000096d224800000132504c54454f92fffffffff9d2a0252546306bfff6bd8e4f93ff5196ff24213f4b90ff314983f8cc9bf3b18d478efffcd5a22d69ffccad8a428cfff9fbffccdeffeff5ffdfebfff5f9ff000e40212245accaff2967ff4282ff5e9bff97bcff7aabffd6e4ffa2c4ff326efffdf2e886b4ff68a2ff1b1e433b79ffb7d3ffe9f0ffb5ceff8eb9ff74a8ffc2d8ffd2c1be1e63ffddbb946e99f0e3b899abb4d1407fff3773ff678fff4a86eb2a3460231d3821162e4b88ee4170c5eac69a2c2b4a443e52bda18565585e9e8779ab917bf5ba92e9ccaaf7c9a32c3b6b3653943b60ab7d6c6800003a60505aa98574c79a7e8d8295a5a7cb92a2dad2b4a9564d59c3b0b2fdbf8686736c11174289a0e0bdbac897acda86a7e0dbc7b3c4bdc18ba9ff9cb4fff9d7bf789bff3f6abc7ba2eb9dafd5feebdafadcb6e9988595000011e549444154789cd59dfb63dab616c74d1e769d14880133de8f0109248cb40da4bd0979774dd2dcdd6e5943d76da4e963ffffbf70251b83b12559d69143f7fda90d46e8e3a3a37324cb92128b56a9542adb4e6fe5cbdb959d6649d31445d1b45273a7b25dce6fa5cd2cfa3ce21a2891959ccdb4cd74beb153320c238ea42b6ee9713d1e479f94761af9b4d9ce6423ab47348459b3daad554aba11d7e7c1fcd2f5b8a1972ab56ed58c8632024233dd29ef68c86e016c6e217b6a3be54eda945f1dd98466a78c6c170fb21cd19a7164cb724736a4544233df686a81ed9249a96bcd465e2aa43cc26ca7525241780ea45aaa74e4f9a42cc26ac3904037a3341a5549359341986a6f350d79781348a3b9d596112be184d96aad249dcf662cd5aaf0d60a25cca4cb5a98b0104e71ad9cce2c9430db6d44c8673336ba303b8208bb8d5214cd735e7aa9d15d1061b5a245cf67316a1540c72a4c98d996181d0219f56d61771424cc7422f63fafe25a47905188309bde795c3e8b71272dd4e588109ab54772c079e95a4d24610d4f98da6a3ebe016dc59b5be1cd189ad0dc7e640f9c43d4b6439b312c61b7b988063a93de0c1b1cc311666bca620111a25a0ed75243119a4d63c17c584633544b0d41984aab8bf340b7e26a3ac4b08a9f30935f74039d49cff3877f6e42737bd15873e2ef537909ab95453379c49d8c7312a6171c24fcd29b699984dd85a4696ce91a5f64e422ec7c0f41c22fa323893095ff3e0111629e236a0413a23ce6fb552d38bf0924ccd6d4456330a40623061166173316e4151a3306210610a6be6b0b2a3811af05f86200e17794a9d1a4e72184df6998985740d0601276ff0d80089119fa5984696dd175e794c64ae01884d5ef2e17a5496f32d2703aa159f9b70022c40a7d304525cc481c0faaaae696aa924210be483c34d167fd6984a9bc38d07cc511d2c1e1d5e5da1bacb5b5cbababc37dc521552d34eb0ea887975707e288d41495469896d14471dd0f3eafbd5c5e5e7e32d5b2a5376b979f0ff7f7f1350707fb8757f8a2272f0fc509755a6f43213425a43216de9b57af264cf342a8af5ebdfa8f2df42f8bfcd515e4e728ae4826ccc227ee55e5e0f072998c47d3934b40338d37c9192a99b00c0df5c87c876bcba1f030e1da3ea0ed18657ec22eb48daaaa001f94505189b90d89d004867a55dbbf14e00313eac4c9700261761b087870f552840f4ca8e8db045724106e81d25155dd7f2384b70cec69b0b42d1e42583aaaaa9f9f8819d022047600a404d547982d4302857a70f94a940f117e86767171ffa3371f611ad49bedaf01009721398d53035f6ae325cc005659a018f146b8856213ae01dd50c12b36bc29b897300f00540e05fb50970de188de691b0f6106d28f420111e26705de4e334cc26d80090f85a2bc4797602bc6b7598455f140a11e4ae043c38b97605fd4ab0c42f1890b755f0a201e24ee035baa5ea1137685bd50dd07fbe00cf1108838ff60d14d986d889a503d5893052801516f642984dd9228a072258d4f0662a94b26cc889bf0f0a54c420b1122bd9121120a4f71a35c4d5e1bb5119761c328f724f88c1090725f49060423ba13f0196155dc84d2fa5117222c2e6a553f61aa266e42c878828ab806c96ee2b3e7a653c2b67047ba2fb79b990a3279aa94da3ec22de109c4484c6875a8806180b1e523149dbb5095884c081b2eea4d2f6155d484ea613426c4fa2c0c888c58f5100a477b4d762c9ce9c91b40c8d01bf38459e18e548b8a6f19f8a4c6c8ce1176c413b6c84c88f41262c4ad3942e181a176192521c488ce30d12634458361946e88f51210f64ba68b302f5a4e74b1c2d62bc00caa9a77118a8f9ba24a68267ab2261ef527bda94528fe384d3d8c1410497c2c3c79d866118a3f6dd2a40eee097a0268a6f693288bb02c3cc5268df0289723135e029a69d9216c8b4f226a9772005b77d764c4276f008495f684302d1c2b6485c3dcf1eef09c8c08190997d21342e184465a381cdd0d134b27c72d1221641551c726843c139543983b3e492c2d2d6d9c8e081f7e166fa6d6740d223477166dc3d6dd125662783df2b7d42b8023ee9816a1f014942cc2dced6ec2465c3a3ff221023a536b424a81ad759641983b3ab70131e3c9adc71921e1c25a1fadc4b2e2936c72085bd74b3325764f5b73660411c66b594498a92c96b0753b4cb8118777476e33423253255ec92042e169443984b9a30d37a0e58ceeb00122c4938a4acc842c100213e67227f380581b37334418a16e22c23464a5a543d8226795c180ad731f1fd2f0741a366084461a1102d6974c095b77c74288b9a31312e0522271e7e47030c2782da6a48447bf2ec21f76c9295710e031a1893a61635220b09536524a0a90d1cc0837fc812c58ad1b2a2042dc386d4920dc4184a0b59633c2c42e65fc4335e0e87a970e88117f80132a5a4ac9809674cf0851203b0bd35247c7e74316a0244223a398b2085120db382564ce6403b6ae37969880b2084d05142ce608918627c73f7030e6b0019978f208d3ca16e8cd0a0f21d2d9518bed8fb95cebe86c3d884f16617c4b81e4dd244294749d1e5333805c2b77747b16d03ea512d614f1793632a1e58f6718d24b898cd73ababd3ee1e29345a8979586641b5a954b0c4fceee10e568d442a088acd51ab58e8e4fcfce77137c7cd26cd85060ef5192092dc8a5dd9393f3b3ebebd39bdbd3d3ebbbb3f3930d84c7cb27cd86150594d2d0092d48c433dcb535b4ff1b429208779426e4fb4c42176838369984880f32feb50891978dde32084595d8788bbc3807252c29b0ef6b6bada39bff3e5fe5886fa1b57ef1cb7f6f8e5a40420d4c78f3cb2a522484b8e05f6ec08420e9a5ffadae5209f91c907ad5ba5df4ff1e61275fbab4771754421413cfcfcf990324ebb25d74d50969983121bc78b7c8ad1d7e7dbe4a25dcbd3e6e8d8e4ec9d314339d9c1e8d5ac7d7bb54c2d5e7bfc22a09b841fab3df56698489e12dceda722dfa448575d9c9b17dd9addf8a0ee1ea6fcf00ed14d6d3fcba4a255cba9b3c476a9d321a2a9ee1b62f1bdd516db8ba0a31a2068987a5df1984ce2396dc326b32e664d9b9ec8841f83ba492809c467ff69c41f8d619528c5884e7d327866f1984cf01cdb409c84bf567ab0cc269d55b4c1b4e67765a0cc255714294978a8f2df467ef1984cec47cee9895b36e3833c9ad1b06e17b006105303e64dbf0643229d5ba63cdc80cefec1b911bf9a38a141ba2f1a1f8189fed87c3b3510bd79cd5955a9d29be13add199ff3e48f14334c607ccd330fb5264c59bd1db6342cdbd77e2f8ede896941748e94be335d05cdbc7f72c42ce8121f5b229e1fb8fe2558c6f41e64b59398d0449c9698c346ccefbd78b4720bc80a43486097b6ea1bd7b0442d0d8c2c8c09e3de9a5779113be038d0f35e8f3435dfbf0dbfb0809dffff601b4bba8f5fc10f40c18a9f4e1f7e7ef23217cfffcf70fb08932eb19700cf6e06252d04f11ccb5fd2461f6023fc787adc5700a8a8450c2adb7d66298120afa6e09adf534a035515112fe2d81d05a13055ad73691feb77cc2a5bfe17e68af6b03ad4d7408ff900fb8f48704426b6da28cbd74f5171110be8013daeb4b6355b823ea1f03171e589ae4615cd70e3fc2094bf61a61c0eb1653c22fafb91c310461e2f51778b5f00b17c0b5fa8e4a7c844bfc264cbc86372d67ad3ee47d0b47fa5f9c9de93a6f0a9bf84b42ad3af07766a665c9ef4c2574a5d377666438e29fd209ff94e386d077d7a6d2a413c29fa9cdde5d03ee76694976de26232b75bd7f08dd9255c1cd5432a18446ea7a8754fc3d605779d4d5a2eb174f2f881fa0bfd33ad6c450428d5cef018bbfcbed2aef058d70f5e9d3a7249275f4775a6c4c4848d9e6dee5167f1f7f46f88c16f43109c158c8b464720cf81af2d877a2b9f7f1019bed4da5318de843b400e92694d093ceeda92025ada1e6a6168c07d1fe1b0d50424eeadd17437c6f939954aa11713bc58ccee7098befe953cae5c8841236bdf7ec6d22a5377d464f4e2f268cd890eb133e9a05514a2ac10bbdfbd388ef31e42ef4237d84b1fad42bea1023f15ac2c8d0bfc790f03e517362e4df13c339a24642a43f24b451ff3e5180bdbedcc5b272b7f55507f282398492d146497b7dc998540c1aebaf3b625c23a51f25eed706d873cf25fd03343d9590902ae43df7402fadcfa47f84212664f432e47d13a54cd7607d1559d4edf025be4aa90379ef4b6947747d64bf93c6025cfa2ae7a83ef2fea5803d68e7a532c2221bf03560d1855bb43d68c5f711f6fec09fbc336ff3807f49e96414fa3ec280bda03dd2bf083ca949fc2d254c28acbda001fb797b7fa3f482f3fdad29dfd20b692bd6e9fb794b1926dad2d52f7f8579c729f1d31755da6f33f66487ecabeffb9dd257ee3e3531fc2af13c57e6befa90b311fcbfa47efd870bf09f1732cfab659f8d003bdfc22555891bc57e33fb2d98f19f6fd966bf68c4e1275b4c7e9a7dbe056c0f89e98f284671b39eece107233fb219fff986aee9f492f5cda2218531e88c12d039330e5fbcb8d74f2657927d6bb2ebc79f698309f4f79f7fc497989be8ea647faf187f847366606705d97cc87cc9959595c2a06d135a0bdfe6064dd6fff09f6dc2f6a080ae4f6243421983cf0a829ef7a4ecf5eb180fa937cecc0829b20933e39efd9564bdbf076aab3ce73d41ceec52d5627d65c28708cb294ec254b9e77c29b9522f8aefcaca756617e44954b19f9cf22142fbac650e42d4d5ccbe861cb2285a01be73d784cfce3336575c7cc284d88e9b629346bc67e7093d6c431d4c7d8e0f4088fd51a4cbe13eff50e40c4bd5d84c7a00577a356ec29a871035d54d237c25b8cfb00c7d0ea9aa230f5cf1aa776fb7994f0cc24fd615d97b2f2162ec17f5708c61ce210d7996ac1af778a0ad821d2d62df1884dfac2b32e382ffebc81b43b5d47067c9863a0f5835fafefae12a0e6cb76034d349233507841b84d40fd352c39d071ce64c67d5f07631535f9a04277a33b51b69ac4a6a02b8843a3f62d8339d439ccb5df475318e7a13c7a01a7162c258d9ef86ce4de20e8da1cfe5e63e5bbd48e3c3cd34c336e2c484194a23b5cae0440c7fb63a720e9e290d7d8f5a37a482d37d93112780b12ea19f99698fa71a158a1332097912540448bffd7874e194456aa7af9d0f074c420e44523aca43c83109eecb633c9aa435c815fd56fc3471425f42e311ca6f82aaa1d17a9920c2c0f5d145a60571ed36a7eee18d8adf9c0f329b4185ac04201ac45c868b30d66121aa4640d570ed1e6685b9cdf869f6e787e052569841c3e8f82bce4d18cbd37d4035822c68ddff7b57693f7efa196bda3eb1eeb94a6120eade89997084a91aad68550ff0c149e5fa655aa0b2ca2f13125a4229755a8eaaab3556f9c184b16c8dd6dd04b9cf0c919c2f5aa5f3016287a6d442abd14be7234488e4bbc70c84f3f77fdca694dd1e73b5034b7be4961408184c881049251b75deaae1dc86dc1774061c3ee8889ca206037210a214d5d7a3e2f1520815fa637f48ae8efb057ec015d258caa026a3e1084941632f4cddacd9a587f949a2ad873e3563a794e16ba70161220c61ac3bffe8440dca65082af47a83fb4eb59d69573bf7835e8f9da99108ebc53923ea1a33d087248ca5e772d438673feaa962b2e728a4f926dfdf744f3ce84d56aa169e3056adb84a2f0ad44f86dcd95b85916c0b11c6ccd97831ce19c4642bd99f19719b3e5c12258c659c0c4e650c7a2346743c51cf5307bc00c258aaab5af7500ddfcdc822ac5b8471b5cb11250408f164b8b148134e8c6810a7b6e510a23c52d5d50579a145d847bfcfc873e18428323617d591da2a36f9a2a03861cc1cd743076b692ad4c7a15aa810612c9b2fb22756a253af980fd742c50871cebc10332203f2467928612cdb29f61ebbbb49f68a9df006142544e1bf5c7f54c664af5ee60ff23208d1f8fc21d4e80e085878a0cd13444788c61b83b0433c41bc647fc0398e904c8846c60ffde8bb9c42ff816ba41b09612c8319a3b46312f3093aa01442e48edd713fb23e27d9eb8fbbc20e288910d9317dbf190963b2b7799f86d94f0e210a8f666daf27b9b1260bbdbd9a2914003d924188957e408c92ba56544ea1f700e83ee7248b108fac06fd3a1c129550ef0f428e905892478854bd7f28d60b004864bc7af1e15e24fda44a2a2152b53c1e6c16849c3259286c0ec665a97831f9844866b7361ef47b6130115caf3f18d7baa1477fc18a80102963a63bc896bd5e70178b3a955e0fd9ae9336e19181a46808b1b26db3da418ed9c793dc8502ee696d0fc58bdc91c315305aaf8fdcae5335dbf27a16afa223b4954aa5b2a8d9de8f1f06c5bd3e5e0057eff7f7f68a8387f13d6a9459f479c435f83f7503777b85332ba50000000049454e44ae426082, 2),
(2, '2021-03-28 19:13:59.789307', 'admin', '2021-03-28 19:13:59.789307', 'admin', 'image/png', 'maleuser2.png', 'fef80f4a-032f-4e34-b4fd-40afcbeebe33employee', '912323534V-2021-03-28T19:13:59.787313200', 0x89504e470d0a1a0a0000000d49484452000000db000000e608030000006bb900010000016e504c5445ece6f4663ab6feca7fedededfefefeffffffecececfd5621fea93f2f1a91f7f7f7f0f0f0fbfbfbf6f6f6f3f3f3ece6f3764618fc4f19fdba73fba965ffcf83f0ebf66335b5edeceff3d8c9f3cfb36437b6f1edf6f56a43eceaf9fba636f55216f6dae05a28aef5f2f9fec97afb4d06f4e6effec57cf4c9c9fbaa42fbb04ef5cfd0fa4b00f75b23f699866e3e0e6a3800f76a32fbca86f2e1ddffae3c260c8e4e2ca5997eca714bb5522fa8ebe1f97754b81a038e6b42b3673db1b7a3dcbdaedba18accf4b4adf4a092f28e77f37f61f47552f26439f4bfbcf3866bf5aea3f35d2cf99a5afa8f51f78245f8753bf68b75faae69c19156a47540bb8a51d3a263ecb873f5c799f964238a5a27fe9d3980511ff6bf889d6e3bf7af5dfdc16bf6d5b0f8cf9addc0c1e2baab7769b252296d7c4f6d48287c6c44783c2991f2a454dfd5f5da9258b177688d6fc5774d779b676fd3c3ecc4845edf9757290e7f9c68698b5b6c3b1f7dbd7f62bca8de8b70c1f9c77766000013a149444154789cdd9dfb7fd34612c09548761359967088ec60a124b263b0213c13129c9038501e2d2d6d795daf3d08dc41a1e41a6ae07ac07f7fbbabd74a5a49abdd75ec637ee0a38f8c37fbf5cccecc8e56bb9202a4549181a82570a595c155a5046fc27b650ddeacc24b1dde54e0c765f41d1ddeac06df299726ad21590ad8cab02525d112bcaa96492d81cbb21e7c27ecd2a434c4c3268bead2881afab2d94a502a65202abcd2e0958c6ecaf05283575578554137e1555981573abcd283ef9427af21a90245835285573aba0c6feaf0aa4abaa9c22b95f49d4969480a7d4f3814e3e313f33daec194fdefa8f0ca3598f2c435248536aca7da7035b4e17030a0efa8e160284f5a43ca97cd168ccf70282ab1315d4d1dd36a6c4ca737e499127f43f43d9254285524d12b357655f066ec635dd75bae802b789fb5a1023d2a18039402ae1b1a8cd66a5996614809314cd3b21a1a55438c3d1a51ec067fb2da30494c0944abd568c86e1af87f9097c855b565e663618086d5803fb7f8bc24080f41d6ed8507398819d5e0a6d75224f844d3f706d1042914d8d2226cfc3d922537ac4371c33aba8cddacc66e6ac1cd6af43baac5c21508505ff28fb3f74812e671cb0d68885c6ce0eb962a30060889dde0efb438a942b11a139597a8a62830a479a3d108f249716ce99969b2253f33951b02c97cc016689ebd47189b0cd914b70601af3474135e296e0d22bc89be5409bea3cab2251ccc154b2b31f608b0a1ffc93b376d8d880c8a91ee31e8e6a65cb17b543af305e82e59e73a92bc842f985189618d25e712e7f4b3c592d9732eb6f1a689f78d696234648e5a90ef27c195e795e04dcf2b81ab6a70d3754095caa8075a542c2dbf47e0a6eafac9e026757cc32b2f8d2332c7505a72768fd2e35ba1bca4a4b84a3b5a3eb371043957493d72a52181a3ae285bd1ac7b94c13a5bccc2f300ead9525553554d64525c588c448f88dd0ce76fa459ae4c9ee58ecd1e036924e6ddd0c6e43269de5dac1634467bf4c51a555e72b4418d2c06432d08e525489b6828ba3689c6276a0928be624a4c551ed170207d52fcbcc4b5c9726093c819fa14b2575746a3105d46af74ffe36a6502b85c69253bac9328a86b41dac4a0018f22b616a48e9b2722962c2e2f51c7ef20a362a90c6cc45c596e8c9b2521adcc5cd9ab38e73cef56e083e4c94303708adf4d7881e638f8f36e053defce9f9b4ed658f3a521a0163401c908592cfebc441b3743aa3478d926d3202534356e916a04f4b52059509a654331a3c2ffd047cb196f72e03dabc114c17f5e572a8998aed9b6b17cfafa8daf6fde3a89cbedd3366fcb4666bd249e9744e39b80ccdfb63b77ce9d5c5d5959a941f9aa16c8ca4dfe1fce60ce4bf85d2400fb0670d5be22c9597ec54926231b7760b3976fdc4ee1825213a0381009986a419ca9bfbd7c6e29834c90e2a4466e2d88b4448fcb45da9d1bab2b596082146718153d923486ab0fc9b52034a1e51a6cf6e993796440564428ce4cc6b7bcb5d82a47f4b13be7b2ad31549c08ab2c9c977018a4bd7c8b426908eec6998ec48967442bce1479094764b34fafd228cdb5ca95d56fae776c3e3c434e59ab56250ac760b3af2f51a321ddad2c7d7d868fce528910e4b5a16c0fa1d0b220fb5b4a7bc4f1cede3cc305a755e86b416cbe19fe20f6b7670ba341baa5731d0e3a933a2f4109099b2fb1af17d79a2b2b5cb97323832dfaa88039a4daa759d1a0eabee58023d4824a925e4984756647622fd37b48829cbdc19ea7983ae1dd07420c60691b25689d933c6800ee1c3b9c46550b626edffc9add227dcd319ba559a2c84b1aacc9967d87170d78943bcc706a3e1bbbda3a77f92c124a6d759915ce24d482226c258db1880c8236b74522c5b1cf7bd4f8ca93c4dc943591b4cf88400343ee3aabe28cbcbc84b9f66fdee2b74828b5bb1dd62eb472d605b15a847d8729d722c80a08e16cdecccc661bbbda7815975e0b6257db69b61499f483ac308f3893500b52825a1063a392fd6371b5d5962e7ef73de16bb55bccaeb2117913d58b6f6e2d88bdfeb3bcc40036373f3f4f825b619ecc99e9b1bbc4fad249b10969adb6f403049b06327f2f09b7c29c791991157a1136e64272014f82c04eb960487e487cb57692d99b780f1c09b520e602d0326d5dabf655148c0cb7c29c7819917900beac86158dce2421d8f13818905317e370ac9e128c271d5bd82485abb674e6e066dfcc354900768f044684abfdc83c1b68a9e182342c765799cbad9dbb5460242e172e365de71870464a5ec2da5e769a5cabadde3b3e4dd6982f73abd1ef2c2d3357ecd18af4e0dd75bf8ac25e26492f6e41b09f3234e6c97c0c8ee3e9950580825a90b7dc57657f53c33e4766abd57ebef7d3742e1882fb29f2cd15f69297112eb8c662006b6b64570234f63d2518823b1e613bc75eced308b520f6555b66a2bc55abdd2d02e6c2618dd4be616783b3b8785ec25e3e8bb9c95aede2f773c5c010dc77215ced16fb233293c0c6de5a077304200766018bc1d56e77981da511cd2715be8584d8240024f76c60082e9c14ac320738b8fcd07bc32a989b723c710bd96ac799c1a0cc056c20c0318b19af05f1ac6e1a015b8d395b468b85a2cf714a1ccfb771361e348c0d4c4fd93b1467e359263902bdb14fbd25f8302e5a0be2594d320a369e078d963fde5c3fc9f5a6f664b11920c2b96fecfbf18d677dd364b101bad8baa02f894d8ae6255caf004c1c9b16a9058d866d7e3e734a9af838643b7b9aa7432d05af05712dbaeb04cbb7226cf3a7ee3f78703f23057bf4e0c1c3c7f8c7015bedee324f872c7c1f43856f41e1b25f9ec4d9e61f9d8772ec11196efef1aff0e30bf7b18f7db6da6dbe6542065e0b52f8165ddbcb17136cf38f2e1c4372e13191edd431ef630cce675be243f3d8bcbc84719153207f9bf939c1f677aff3e79f901437fff0bcf7f9b184de567f79ccb76354c0865e1de05b9a7c7971c685c3d81e5ff0fb7e9e6892bf061f3f8ab1adfe32b37882239d446c282f71f7fee362b3ff01d866600115670bf44236ca6321db7c840da0cd2ccef1fdd86ea1dc8d017c6fb8759e02b419581dc6e601397a9b4ed3dbea5c1734d6bdccd5a396bb3614c56e3eb6cbb037336d00471a6fc7c8e3ed0179bcadcecdc3d61639d9b07c52081baceb17f093e7497e12a04d23b605116c257eb64ecf659b3e753712df2ea000971adf8e81e077fec2433cbe2d0134c43623446f2882f3b1d98f175db6e9537391de3f7cf2e47e46c1fcfe8327b1bc04a241b6c5a71cb520205625ac05f1bd54642ff86c71dd14cc275d816ccff882b719d68264ce17a60ca838021b9b786ae3890266989770ef8fd679ba288cad3db3d8e31b6d62d9a4cee3c57d516c8b73bc683e1b1a6ffcef271a0b9704b15d5ae07fc5d51b6fe85f01bbaed80b628cb2fd8c75a91ace863da3e26373bbb220046dbabd20e8bd313f2f11b15b4e470cdb34f76093c4b3496206dc25bea8ed8ac726601ee0c9331103aefd5c44572c77bca1ec44c87e10429c49fb8480e12699582d48009b21758418a588e12659612d8837e7f2448051b69f0be98985d582c4ec7671995f6b6dbe799b2f16560b12b34989f19c5b7142bca4ff42bbb7f798989d3cb8bd49fb99983d3b75fc4c0b316cdc8abbc4bef4222291332d04ed9ac6a9383101002e31c19f5109d932d3e0545c5bd068934c057f8f4ad476a05cae529093046ed26373f7c110b6bdd80976c5414722462c0ddfc750d84e55ec5629cc22e1eb1df8ba2071bb70752e31c25dba2cc69148880d5f3b236e7bc9cb8c69a58839a92b468c4ddcdec236d3045c981f91e082aec899164277bd63806b9f10f8f7cdd89916e2f66134205cc13127144d6ac5d62b8bdd63f272418722d02025f8a6776c4dafd0bd6aed4e8150d0be24643e1a4a62bdb2e08dca4dea896afb39cfce25a43f5d8abf2326d6280d7ba14707d7ee094a90036925ceb410bc87267c6eb54f41b7df5d14ea4724f4d269ec4c0b81d11b0a7a26d7cda3db87cfda44b325dfa312bc13bbfbbc71a6fb349daebd8f9efe2e0ab64983c02676f7538f0d488fa8bcf67ecffb5c349b4578775d11fa174236a8bddefe7edb276cb7f7f77bddf043c16c4623be8f2114a15120c2e602767b50baddd87dc16ca6a626cfb4109b9a24d9d244305bb01b387ea6855c15f927c6c696f25ebe484f392e36037f2f1f3bd342e43c675c6c5635e54c0b61e1db34fbffa466fb57df14707aa827a9675a88a9521a667ff062f66597926dedb7d9178303bbd029bda962a6ed17240b381f0c81ad6fafafbfeae56321e9be5e07ffffc5a02f82ae95bea70e6feb8679b0f7fbf6fa2c900f6f28d97aafe07f5fdffe7def809bcec8d82f88732d8679b0b1be3debcaf6bf29d9de7cf0bfb1fee2806b99329adea49f69c149e638b3be6cffb14685b6f66e3bf8ce15e770c8a5bbcc332dd8c30020abd7a7a6827eaebfa564fb733df8ced454ddd9e0b04c53cedac79075866af677a70019c6463be07a2f71364057dfebb3faeb46e65e7f456771060a4c8639dc72a6905c098df21d95e2de872639eb36e16c321a269cb965b1158ddff0bf9bfd3da7e9f66bea6a6894afbb3426f957a8b62b5e1b4d678349758d385b7cdfd0e28d9ac34d4f6951a3dc7e4fa1b8c04b066a4386796dc8d08fdc332d8a8e38c3fe8494d69c6ac68c92c69bacfd2761929eea760b878346fe991605461c1a6c1b98d222464931e2d6de636abb1a69c7f9dc2fb6c9bf21e7efaf5c487146ff308a861be5ecab3c5709f22da2da90e6b68a0dba06c5ded145629cd9dfaac7d070c5adffd6a5b7c82bf186ea9b0705e04cba332da84dc13cd84ca04514b7fd6716dcda1f18da6cb2a1fa0e359c01cfa7a238d3c27db09f0f6818fd6b04345c719970dd08da55424b4d7ab816e59916603a9047063f37fa24ad4de1ae12c0bd7d4376286bbdbf703482daa0e6ae51c2199833cc3ed382aae26510c65ad22a67d7fffbb19ba45bebbe7b998f06c75c9f6a84a0ea16dd99161471c0b063ce3f0d6e76fbe5c73711bcb5b5debbd7dbebf8ff2159a40b774813e70c45a13dd3a242e14eccdd74b4c89083f3ce0fbf7d7cdfebbad27bfff1afff46c9923e3214678fc22a1b05ceb4c82f7999c30cb4e89073f1b63fbc7afdf6eddbd7af3e6cc7c032d100dc2017ae453e98837ca645eea6b6c04536b33a948043805008f733d1402a77906945704f8f82e79b665ba59931d8d2e1c8928d86865cf60fad153d6b2bd357e6582492abf9545468c02a3f655a11dc55398b2d72a6857b8e9895aeb9d4c816152ab4540f194a73272b10c075d76e80a639d3c20bebe93f56a68fc484c22ea9da49f5957022927e5858c6798ba99558a3bf93ed4802c9b34b0aa521a9a7ba13c39d86163edf346dc8997b0e659fb2e968c900db469a11b54a8c678092e1e8d5e6d2a558263d19843b4843633edf94987bd18eb60cbc2bf9ce312a29230ebe579a75be69b4ce153bbbd524cd08b68aa82de403320bff29a4304fc8aed25402b6c0d1679d69e1e62550904349fe5c34b14dbc90621c5a92407fee7af2fceec4cf656ed0c436d142484e0c77d704b6f34dd1cd4424e88f816c8a140654fe33e5a370863970c6c2e6ecc68cb2953c779da216848f37b8fa3002371e93844669c6d048e7a8679d69e1a62cd839ede89e849586ec9cc9cde8e0229eb2116456e103443d9a3446cfb448c680c46ee0c681331eb429077f4460c924bf178f6f99b1dbdfa13e344bf3d3b8d8ea58f86ea964dfc0c2163a94710db7481450d173997cb6f47940383eabc17266c3664a4a444873c71f161aea91ef3132e601f89916c16910a49ba8dc6af49be3629b72dc086754aa29dd8c53e0675ab8d88ae2c500a5e4aff402399affd4716caec477266645767be4afda0a17a479f3ee32e14c8b94d82d0767ce58e34a263d3698525a6146acf0e725584b0d637c6e72aa091d65ab14ed510e5b5045091f15009b94039bc4e70d8d22536ed10226df6a29de23cf26438a482dc83bd342d3dc51881291f05c88d84df59333363fe9ec814ea8e46e8614d84dda18e07b5c7db833a67cb23e24f788ad1614c6eed086e58af4791caa73b68016623d129397e02d55f441f3a85557773e81d909271b3957ae4667e4ba79b4aa834b164aa5ac1e65e4ca683a23abf04a45a7418437e1afa454c14d59575c9b04974a6978cd393234a73968e9393d42377578b30aaf62675aa4cf4d611610f7321563cf391ac3ac3b1b264d8f8a3ca322c56e3c52eafdcf886eb4c609ccf1009a234d8ff8f292684ba583ad110fbba6736dd0aad2f748205ba934dc1c215dd3d9f9d4d28bf428cec636defcefb4069b231a77506756452edc237cbcb90e08fe00aaeb6120b6e2c700df2b418dba5e29b8097f3f19fc7ec32da72e4c797e4375677360e94c3d0abe931fdf949c6802e4e0d0116b9a75e77068e9ac3d4a8bdd147949220b00d6dcdfdb11669a75676aaf5faaf2f4481c1bf84e4537879f1d01784dc7d91ab6e0a812c156701e90967583bf6e0e0eb9f09a7500b6dbd705f528a80545a76a5a6c6244355b82b598fee0b0cee4599a00ac0ec0c0f0d284f588b406037fce4a9ce512573c94e1974a256bb8b7e914e3830abbb631e857aa28232e8bea1147ec8e464abf4b30c4f4071b5b752a408855df045c2d1de4b97843fc3de2c94b886c68a083399e6e1c0cf6b6a61c20f57ab3194b3b8109d6d1475b1bbb43c30db98486b8d952f312a55816404c70fac3c1eec6e7ad6b882490faced6e1deeee0c0b474a02eaa86587ae49d69812ab2b14b9a9b79df01a2c14d36545392faae4892091717839b5a8186587a242a06e0c95eb2219815a11f15ce23758e868af44850ec8697a5496be8cb660bc343909996736a41b1ccb4847769821a9209ef3e241f24574937e34f9727af21ceb92995eb1e5743a388dd13d2d048f292096928ce961c9f8c5d9a8086f0b5d86e0d82d0928caddbc35a4259b71cebd20435a4fc0ff47da82fb180da1f0000000049454e44ae426082, 3),
(3, '2021-03-28 19:16:56.832422', 'admin', '2021-03-28 19:16:56.832422', 'admin', 'image/png', 'maleuser1.png', 'cb902488-478a-4d3c-b1e1-9f854acadabaemployee', '923445632V-2021-03-28T19:16:56.831427100', 0x89504e470d0a1a0a0000000d49484452000000d8000000e9080300000071d809d70000015c504c5445ffffff9ed1d21e6db0f19e501112240f111e225e9cd383440000001003131b5e98dadadb99cfd0d27f3de1ad8800001b1f5187000019a2d5d400529600001300000f00001dd6eaeba9d6d7f6a1519bd2d51a599a1f69aa0065addeefeff7fbfb000b1df49b4878b3c7b5dcdcc2e1e2eaf4f4050015e3954d5f412ddc8b486694c30d68ae0060abd2d9e494949a1415266d6e765e7d802c394157747841545a96c6c899653bc59970c79565cb8e5ad57d36eda054e4a66685b8c55e92b231689f7fa4cce3ecf4aebfd590a7c6547cadb6bcc60048832c2c388d8d957e7f8741414c2121314c4d575d5d663939457fa7aa6b8e927aa2a4191f28485f6336454c2f3e468cb9bb6d492f865b38c48347ab703f3b2a272a21241d192151392c63432e8e5f39989889b7b9a5834b25aac2b6adbcadb9ac95bda383e0a96fc7b998e9a460d8af7dd4bda64588bac1d3e66da8c36d9ac75488aeaaabaec3c5c8a4b8f4280000106a49444154789ced9d8b571a4916c6d328d03be0f6740b2830068c022146eca8645633ea9864a6695e6ae2fa8e99cdc67964d67146ffff73b6fa01fda01f75ab0ad45dbf134f50a0bb7fdc5b5fddaa2eba1f3d7ad0831ef4a0073de8410f7ad03d50a1502a951e9b420f0b85db3e225a151e4fcdcf4d731c977408fd617a6e7eeaf17de42b94a6e6a7fb181e329e9b9e9f2add23bcd2fc1ce74b34c0c7cdcd976efb88315498d2a07098ec74dcdcd49d0e5c616a1a0a65c14ddf5536142b52aa1edb5d8c5b691e9c815e68dcdd6a6f142938c8367d67ba81020a161b2a938d9bbf13688cb1ee085a619e550ebad092b78b36c53e5a7d346eead6b01e4f0f0d4b479b7e7c2b58a5b9a162e96873b760fe53c3695c2eb2e4a8f3b134dc2cb4a14d8f3468f323c2d2d1e6478635b2709964a30ada485a97836c342d8d360da5e48e04461b7e3a1668d3503a78c71f80df959c1e7221f298b6d49076cbe5f232386468b7436d6853b458f5553e1a8df27b04ef1d6643a36c5e92b4574e21ae687a051eb26136345aae837d2d5cc4604323a3ab0d256e255536b8a2fc8e444636370c2e2a3b94b8dd543adad3f2eede413d4900979c668e4565f3527257e1a336a5799e7fb7bab25387c2b12723e792a4fa8b770e2c53e5341fdddfe36068acc948b910d5de2a9ff6c032e178fe3dacbb664b46e21b12823ad85d15f9b22f96c9b6bf07c948960e02f77949424ccb513e1d4265a22d43ca4776ae3f9f84b503893b58c164ea89df3fc0de87c48a0c584749f5dde58056e51bb517f8bb60535d3d06714975142c48acaca02de3072dc960feaa00c2e25ec08365056d173fe5e94731d310ae1dc5abc3c20fda6a1d178ddaf4218628ad9025a1a5b4824b466b2000e39092fb54e1d2552ee31a3f9d819472d85c5c7d99b875d995dec324cbd10ca92195141b2e6d788d4746535b011a98f49e1117808cb89995005cbbf4edabaf32a6ed27499311e0f475765851cdf6f1fa6ac2648424e20b6689a82b957e7f8051f19325232011398e61229a68fcf28b9d7a3d590f3c8a244901021983ed31078b6af307e977cbef0287a124633348ed2bbd4f0d014c13ff22382109aa61508da80c892bbd1ad6d0c0fe011a84b1f5441bd73f43770dadac408315ee80b2f6f5514aa963ec1c06069ae5900ed89abda9f432ce41c02cbf001b35ef0c038c5fc53b0890e5c3a6a5a4fd21a422bf82b97748c8602d4c1a422f968e0226e4f043060c187bb3e757b0e708202183058cdb611e30117fbe4aff647143069b48945699b730e0d977ecbe0c5274a0de19ce552c063f9f0e29a4dcc22c3f40653d897514cf0fa3a22866c4a2495874932ac0734b78234ed8a995e002d8333499a36c76ecf8e4e5e1f9e9d907a4b3d3f353e70b53c0952058453ed03ab8e5c0d87cf0402b9e67c7c6b20ebd141cafc09df6e80bc73e80e720829a58f174ac722a0cfe5da88c39953d71be0abaac00cb3e80272f0f5c4dccde5c8a8728e78e8481a0655e665d60c7a2e305e5d0e18a0b0cc33e6065e2807714cf3f4685dec78f22a61df487cc40cc5c111bab3a2356de879e740fcf45e8d9b05d67018c82513939fc201a61124eb4d6543974074df8c915b2ca07e70b14e8179ac27311d6890dcc4f09c759e40b63d5938f4541c814854ad6089aaba5658e5d64e74ef477382331bb4273119889036062d56c35d96cf5e4e8fcecac62fcf632ea402b9e39fd237be88a29142c3417a1ebdbdc601f6c91c86aa1eb81568e047b5313ce1d21cb9e6428c1c272710eb8411758f1a32bc56cc7aea15971111cafcc1e3bc1c0a918da4743b7e7328fcc892f180a60e5a733cb4684a78e279dee81352be054702ec2ea446ec0ee4577d7eb621b3b79da0f9b70fecafa14b287f63658de077385d48bf0a52a8e0eba78ea1fb07ed85e9e8b821e38e1acda7fb9b3f68076d05ce87013dac45049654f452120136d6c632747a7d18c90c908b612c4dec848566a06363268018c94b44f0c148333d1c696ad1c9f1c1d3e3d3decbd237b6423c33e5f6b53e0381adcc49c0368e1102360763a7bdf10b7e562fa5f8093dfa6021b197c9576eed3bfad03cac421606ecea7b63e7afd33982cb027837b476ecdea5a8b4f29b85057d6ff848ae7d56fe16041ee012c1411d7e7f5b8e5f5550a2e44f6b13776117e8aaf438f24b85c8407ece7896aaf7e158e68028654e9854c388eaf5fc00ddf9f0b5a0123b05f26e2e6b05e1f7cd185cceccb8a67d5f8c4cff05cf4b745d80a3e1dec1f13f178c6fc982903a6f9874e96398ac7277e8183f99fdd2430c5b5783cfe51cb4511a76f0ed559d1c8c4f804817bf8db22892922302d83a81b98ae6ca55844e61a2703f3b745f862eddc1a4ac5f869910d1722ab468b99134230ffa20aecf65cee5b0dec44744f3b919355ce4eab71a23616e0f7e04de9ae8844ef1b16d9d8b1b6450257f43f1d4d5002a37e4c3b0cba9ed92d6d8beb17f083f11d6b9280a1ca0309b3a8c753450723e0f20523a8ed396e6238606b0499e85bdf938019eec134152b84dec118ecd3fa30c008862d0160f08a4a1373f34060136b2447e25b5311811986cf120c7563eb9f0802c61a8c1b02d831c181b006335a1943ae2c610b630e868c719da9dfc7d7492c7108601cf7ed3a4bf720e51a0258ee628d5db1f8852c0f83c0882a0f834c9a65c5354b64880618cb0ebaa72fccc088033614b0dcefac42f605f88d6f2c30622ee4f98cc0667f270e983f18c1b0a52f890d174d130b38f7470196fb95912fc2a72730c088b39b592e667fa50898e4c74577c90e2660349918b0ee88e61a2b6c727196e20802a6df682e8a93bb6010321a4f0c9a30a5ba3a5392411f3dfb99e600fca7b8694a0f2ef71b75c8b2df51042ce85c2dfc349243afa80346d389052ea7a2e2cafd421bb22f741fac3f17c1320fbb684b7cba80052ef4a0bb56186d2bfb42c51578729d78a8698aaa95cd5ed081057d5d93d23da8ea2aaa6a8a0b5b8a4953827274e547967c84a92b78f12c9d7b70b9cfc4219bfd8d8e2b642526ed952189fd234be71ca16b67215726f126fb8e2c1929a63a4cb0902fee5072a16424e3a24dc480c118934646e88c5455bda1b0c5ceb43d195133a32b7e75855f7480feaacde0a9b8ec2b891e2c8c8b3e17917e0592d11a0787f3d5385ac3d7f51d848cb667d684f1a51d9ac9454b1032065c585ff9637147851c875b5b655fb1e0c2ba120bbd2f721a59058fec0bc7225e781762a19836b5945bc33b1748b2646a5061bdb32126f755d016b6846355d7e9c660a630af3640392833a4af1e0bfb060fe192a901e15ed283897d7cd217596987ef1b2e6d050e9380e15ec489857d184b91e2f1aa5fd4aafad3c7a3b30e4d94e3684db90b3d6206da40d42a06567c826491db80f02fe1c4a0fac85dacc72d55bca834b07fb0e8c4005770a20f592f152d557539ffc6040c72cd2dfa900d8279890518ec925bd4bb33170b8789451b8370d1870c132c4e3f10035e238db69599ebd6c344df8f41af6a47db97196b85c3c168b9e0d721a42c3f8cef86848351d68a04578e243dbb29998a4fe068fde79cf1725230820bcf828b7cedf0921b1b4f746dfc1d4fff315f5e37de0fe522ba3a2b90aafe64f33232f37c6661616661666601b3e0de7eaebf1cbd2172b9f9047cbb13122e887f48dc1304b510b134f307de4e5ecff4df823e91c8e515848df47afe5833717a03b972526947f93dde3e2e9d6f43dbb9dcc06d74c4f703099db042bbaf6f5c6d6e466622035ac0dbc5f3c137ce5c6e6e5ea146170e477c9b82c064449feac6e6566c32ef0e96a1e78b387bf8c3e323d192323f197bbbb9118c4673638980ce0ce5df563e9f8fc5bc8e4ccba937383bf8d3f34341fa268636be7515b0dc94eec634be9555f24a838ac5bef139b048e42dc6e60bbeef466448f9fc95ef3d63f066a6fce4d34d4b1b5b3a56005764613b7cf38b9e9968238be5b736bcc988af096fcabbccdf34b082b82233afc3b7fec62f137519fbc8ffe545467f4f1a8f02a4be85c115597816bef1cb40b01ed9d6e0258f58dcf9c9bdec54da88995c7ebed153a81b6f0f9abd43df986431773a32b9575761802b86c7155e7cbc0e686276b2d8001993db853a0cc4c6159888119ce2e3597026467ac9e826a3358e9e6cfdb494ece76158c090c2361c928936b2fc5736db6771cb274396354a6f015c61c58777d9e1542f19f36ffb602c6f81da239336fb5c618918092f3ebe0fcdc488958cf94d893d57cff4a58d3e1746c02291cbe08de26cc246663433d6b73f35c8b6b09d435770f1b18d9189119b336e0d834b27b3252256c0428a8f50b337654fc661dcae763e59b7b8f0c0828b8f70b37782c5f2f5e1dc8677ea2f0b0c2b132381c5470993cbcac5fc5fc3b925f4363460c8f0038a0f1cb33764850c63c040a037f08005151fbe63cc015921c31abc4255b0050c172ca8f8c0e6b2c062f961dc52fef5243813838a8f458c7aaaa7fe7e2731c678606d9104ccbff8081e633a65856c8b3dd7e22409987ff1f1167f1b36b049f6f6f106ee899afc8a8f6d40c0ecbec8de3e6c990801f32b3e70cb0e3718f35cdc26f244ffe203b7ec3064f345d6b9f89aac89457c8a8f8009c56030e6bef88cac89f9151f7f00cc1e69c18a18c6dc1744055b0b838179171f58634c9b6c7b67db476f4f128379161f302c3b1863c3276f6291e71e471236a11804c6b691bd2134c58877f101337b0718e39e6c8b1c6cc1a3f8709fc70c95cdef71cee2e08bb88945bc8a0fec31a607586c922517b97744bc8a0ffc31a617184bf758a48ad840d7833fc6f402c33a078ca9d7346091886baa1d5876b8c158daa2dd14e160eed32e41e731c3c198dae2332a3077f1f1860eec4f86606f6d5c40b7d7e5dc5ac879cc10b0184bbfdfa20373161fe0b2c305c6704856a0045b70340b70d9e106635706976294608ee20336c61c048b313a9f89b44d091699b1e5628180cb09c6ae87b6cf0b9081d9fa1e78d9e10263383be0a8a848c0ecc507748c3908c6aef458a405b3171f9009454f308635153d9835f381791ef3be8059c50789d9df6130abf82031fbbb0cd62b3e88ccfe2e83f50c9fc8ecef3258efb40b91d913812530f4c38f5f5bfa8a4c938bfaa608df6ddbffd73ffe8073cc8f781cfd8d81586f29448fc6ff47f50076df140826088edfcc9ffb2113ac8b7e9496f978c97c4eec74524ab7f7caa5b630deea74c7ef890cb08cdc11c4869812c7c514df581252295148f1d748728d4ff1fcb8c0f34a82e7bb8de62d1f2fb6cc88b51aa996aad6545eadc96a4da9d5d466ad9d68f3bc5cead41209a59948b46f9ae8ffd1464cb0e7bee0fabff76b46581a5f5ad21f8c2f091933df4cb0546d49966511fdf07c23d318e765b9936ede2454b9a6dcf09deb9b2eaf9412c2a89b982aaaa8a12b4dedc05b0db92b2882d052c525411947ed06fd536455553bed5ab321abe8615bfb4db483099d4ea353ebc86a53483532b5745956db429acf24d45afb9aef5edfa4d34a22d11a3198a8ca9deb9adab96e37d071a8ed6b7480e8375568aae82f0db9a6cada4359a9f18d7447ae753a72a7263bc0c6856bb5d51014a5860c023dbd54ebb43335b9a1a55f42be516bd76af3a69d488f164c685e2bb576a38d7e1ad719c428cb0df441abddb6da69345405b59b6eaddb513bb5b6dc6eb46a8d66a3ab5ea79c60724b501a2afa91d31d5e6eb4144568d75431a5017652699492322f8fda3a50ea294aa6292a4a4b11baada55617c1b65a5db1db525ae8d75673a9ddee76d1d3e3ad76bbd56da17798dedeefc7b42c1305fd4718cfe8e114904b6a7f4f65b4c7ce967c672488bd07cebfff7f561ef7590f60f74dff0560af099545f7798c0000000049454e44ae426082, 4);
INSERT INTO `employee_files` (`id`, `created_at`, `created_by`, `updated_at`, `updated_by`, `mime_type`, `name`, `new_id`, `new_name`, `pic`, `employee_id`) VALUES
(4, '2021-03-28 19:18:33.066913', 'admin', '2021-03-28 19:18:33.066913', 'admin', 'image/png', 'femaleuser.png', 'ebba205e-b990-4fa7-b023-252d76ed7ea4employee', '943434534V-2021-03-28T19:18:33.064917100', 0x89504e470d0a1a0a0000000d4948445200000200000002000806000000f478d4fa00000006624b474400ff00ff00ffa0bda7930000000970485973000030f3000030f301cafa8faf00005cdd4944415478daeddd77785455fe06f0f7ce4c26bde726a1f74b2f0a88140be862af6bd9b1b22beacfb682b2a2ae6b597bc7defbbaa3bb7645141bba0a52a58436101248cfa4f74cbbbf3f66c000299364e6ce2defe779784088c9dcf7de3be73be79c7b8e20cb328848ddec0e672c80f42e7ec5038806600dfc1ecc9f01a015802bf07b307f6e0450d9d92f9b2436f3ac11a99bc002802872ec0e6714808100860018dce6f76c1cdcb8c76aecd09a717051500a201f405e9bdf0b6c92e8e2554014192c0088c2c8ee709a000cc0c18d7bdbdffb013019341e1f80621c5c14b4fd7d9f4d127dbc8a88c28305005188d81dce740013008c0ffc3e01c05800714ca7479a016c05b039f06b0b80cd3649ac603444bdc70280a89bec0ea715c0681cded8f7613a8a28419b8220f06b3b871388ba8705005117ec0ee730003301cc02301dc028001626a32a1e003b00ac02f033805f6c9298cb58883ac60280a80dbbc3690170047e6ff067c23f218fb4a714c02f081404007eb349a287b110f9b1002043b33b9c49f07faadfdfe04f03c7ecf5aa09c06afc5e10acb249621d6321a3620140861298957f148053009c0c600a8c3b0bdfe87c00d601f80ac032006bf8d40119090b00d23dbbc3990de024f81bfcb900d2980ab5a30ac072f80b82af6d9258ca4848cf580090ee04c6f167c0dfe09f0c60120081c95037c80036c25f0c7c056025e70f90deb000205db03b9cc900ce0670268013012431150aa13a00df02f80cc0273649ac6524a4752c0048b3ec0e6722fc0dfe85f077f15b990a29c005e06b00ef03f8cc2689f58c84b4880500698adde18c07703afc8dfe290062980a45500bfc1308df07f0854d121b190969050b0052bdc04e78a7c2dfe89f063ea647ead4046029fcc5c097dc1191d48e0500a952e071bdb9002e0370068004a6421ad200e073006f0358cec70b498d580090aad81dcefe00fe02e00af8b7c925d2ba7d005e03f0ba4d120b1907a9050b008a38bbc36986bf6bff4af8c7f5cd4c8574c80bff7c8157002cb549a297915024b100a088b13b9c43e0ffa4ff67007d9908194831803700bc6693c43cc64191c0028014657738a3009c05e02af89fd7e7023d646432fceb0bbc0ce0539b24ba19092985050029c2ee706600b816c07500329908d161ca013c07e0799b2456300e0a371600145676877338809b00cc0310cb4488bad40ce02d004fd8247117e3a07061014061617738670058047f773f77db23ea3e1ffc4b0f3f6e93c49f1907851a0b000a99c0b3fb67c3dff04f67224421b31ac063003ee6d303142a2c00a8d7ec0e671cfc5dfc0b010c672244619307e049f8d714e0b2c3d42b2c00a8c7ec0e670280bfc23fc69fce448814530d600980253649ac631cd4132c00a8db029ff8af05b018400613218a982a008f0078963d02d45d2c0028687687331ac0d5006e0390cd448854a31cc043005eb049620be3a060b000a02ed91d4e2bfc2bf6fd1d403f2642a45ac500ee07f0aa4d125d8c833ac302803a6477382d002e07f00f008398089166ec03702f80376d92e8611cd41e16007498c0e37c1703b80bc0302642a459b900ee01f02eb724a643b100a083d81dcee3e19f5d3c916910e9c626000b6c92b88251d07e2c0008c0819df91e03702ed320d2ad8f002ce20e8404b00030bcc0b3fcb7c3ff2c7f341321d2bd56004f0078c026890d8cc3b858001894dde114e09fe0f720f8481f911195c2ff48ef5b3649644360402c000cc8ee70ce847f9c7f0ad32032bc75f0cf0ff88551180b0b0003b13b9c03013c0ce04f4c83880ef11e80c53649dcc7288c81058001d81d4e33fc1bf5dc03208e891051079ae07ffcf749ee3aa87f2c0074ceee704e02f02a80c94c838882b41ec07c9b246e6414fac50240a7ec0e670c80bb01dc0cc0c24488a89b3c001e077037f717d02716003a1458cce7650023980611f5d22e0057711121fd6101a02376873305c0a3f06fdc233011220a1119c06b00fe6693c41ac6a10f2c0074c2ee709e0be059007d98061185490980eb6d92f811a3d03e16001a677738b3013c0fe01ca641440af918c0b536492c6514dac50240c3ec0ee799f077cb65300d22525805802b6c92f819a3d02616001a647738e3e05fcbfb6aa6414411f612809b6c92d8c428b4850580c6d81dce2301fc1bc048a641442ab113c0453649dcc028b483058046d81d4e13804500ee0310c544884865dc00ee00f0984d127d8c43fd58006880dde1ec0fe06d00b3990611a9dc0f002eb3496221a3503713235037bbc3793e80cd60e34f44da301bc0e6c07b17a9187b0054caee7026007806c03ca641441af526801b6c92d8c028d48705800ad91dce91f03f673b9a691091c66d07708e4d1277320a75e11080cad81dceb301ac011b7f22d287d100d604dedb4845d803a0128159fef701b8155cc79f88f44706f010803bf894803ab0005001bbc3990effb3fd73990611e9dc72f8d70ca8641491c50220c2020bfb7c046010d3202283d80be05c2e1c14599c0310417687731e805fc0c69f888c6510805f02ef811421ec018800bbc36905b004c0354c83880cee05000b6c92e86214ca6201a030bbc39905ff237ed399061111006015fc8f0a96310ae5b0005090dde11c0de04b0083990611d141f2019c6a93c4ed8c42199c03a010bbc3391bc04ab0f127226acf60002b03ef95a40016000ab03b9c9701f81a400ad32022ea500a80af03ef9914662c00c2ccee70de0de02d700b5f22a2604401782bf0de4961c43900611298e9ff2a804b990611518fbc03603e9f10080f16006160773853e09fe97f3cd32022ea9515f03f2150c328428b054088d91dce210096829bf9101185ca7600a7d924318f51840ee7008490dde19c0ce057b0f127220aa5d1007e0dbcc75288b0000811bbc3390bc0f7003299061151c86502f83ef05e4b21c0022004ec0ee71fe07fcc2f89691011854d12fc8f09fe8151f41e0b805eb23b9c6701f81c401cd320220abb38009f07de7ba9175800f482dde1b401f8004034d32022524c34800f02efc1d4432c007ac8ee70ce07f02f0016a64144a4380b807f05de8ba9075800f480dde15c00e065e64744145126002f07de93a907e15137d81dce3b003c0940601a44441127007832f0de4cdd098e0b0105cfee703e0ce016264144a44a8fd824713163080e7b0082c4c69f8848f56e09bc57531058000421d0b5c4c69f8848fd6ee17040703804d085c0e4922799041191a62cb449e212c6d03116009d083c5ef23238e18f88486b640057d924f15546d13e16001d082c30f12f7098848848ab7c002eb149a29d511c8e05403b024b4c7e002ef24344a4751e00e7d924f153467130160087086c32f139b8bc2f11915eb40238c32689df308adfb1006823b0cde4d7e0c63e44447ad304e0249b24fecc28fc580004d81dcec900be07b7f42522d2ab3a00736c92b89e51b0000000d81dce21007e0590c94b828848d7ca011c6d93c43ca30761f819ee76873305c052b0f1272232824c004b03effd8666e802c0ee705a017c0c6034ef092222c3180de0e3401b605846ef017815c0f1bc1788880ce778f8db00c3326c01607738ef067029ef012222c3ba34d0161892212701da1dcecb00bcc56b9f8888005c6e93c4b78d76d0862b00ec0ee76cf89ff58fe2354f444400dcf0af11f083910eda500580dde11c0d602580145eef4444d4460d80193649dc6e9403364c01607738b3e07fd67f30af7322226a473efc6b049419e1600d3109b0cde37e83797d1311510706c3408f071ae5298027014ce7b54d44445d980e6089110e54f743009cf14f44443df0679b24bea9e703d4750160773827c13fe92f96d732111175430b80993649dca0d703d46d016077385301ac073084d7311111f5c05e00936d9258a9c783d3e51c00bbc36902f02ed8f8131151cf0d02f0ef409ba23b7a9d047817805378ed1211512fcd05709f1e0f4c7743007687f334009f031078dd12115108c800ceb549e2277a3a285d1500768773188075e04a7f4444145a75008eb249e24ebd1c906e8600ec0e672c808fc0c69f8888422f09fe458212f472407a9a03f0048009bc468988284c460378462f07a38b2100bbc37926804f796d121191022eb049e27fb57e109a2f00ec0e671f009b0164f09a242222055403986093c4422d1f84a68700ec0ea700ff32bf6cfc89884829a900ded6fafa005a9f03b010c01f782d121191c2660358a4e503d0ec1080dde19c08600d00436cdb484444aae30670b456f70bd064011078e46f3dfc333289888822652780236d92d8a4b517aed52180c7c1c69f8888226f24fc8fa16b8ee67a00ec0ee719003ee3354744442a72964d1235d53669aa00b03b9cd9f03ff227f25a23222215a90030de2689a55a79c1168d05fc3cd8f813a992bbb909ee867ab81a1be06aa887bbb11ead0d75f0b5b6c29a988ce8a4645893531093948ce8a414982c510c8df42403fe36ea5cadbc60cdf400d81dce73017cc86b8c28323c4d8d28dfb619e539bfa162fb2634d754fb1bfa8606b89a1a207bbdddfa7ef1597d90366c2452878e08fc2e21a9df40c0a4d75dcac920fe6893c48fb4f042355100d81dce1400db00f4e1b5454623cb325aaaabd0585e8cc6b212349495c0d5d800d9e783ecf5c0e7f542f6fa20fbdafc59f6222a3601d14949884e4a41746212ac49a988494e464c722ae2c5ac2e1bdae62a27cab7fc86b22dbfa13c6703aa721ddd6ee4bb2b3a31197d8f9a89fed38e41bfa933119d9cc20b80b4a604c0189b24d6a8fd856aa5007805c07c5e57a4573e8f1b153bb7a2be602feacb8ad1545e8a86b262349695a2b1bc185eb73ba43fcf1c1585a47e83903c700892060e46f2c0a148c8ee87da7db9071afdfae282c88662322163d4380c9c713c869f7c1662d338fa479af1aa4d12af54fb8b547d016077388f07f03d0081d714e985cfe346c5f61c946e5c8bd24d6b51be7523bcadad0ca60326b305fda71f0be98c0bd177cad11004be1d90aac900e6d82471859a5fa4aa0b00bbc31903ffacff11bc9e48cb7c1e379cdbb6a06cd35a946e5c87f26d6cf07b2ab14f7f48679c8f91675d88a8d83806426ab50bfe0d835ad4fa02d55e003c046031af23d2a2869222e4fdb00c25eb57b3c10f839894548cbff84a8c3cf34298a3f84401a9d2c33649bc55ad2f4eb50580dde19c04602db4f7a8221998aba10ef92b9623f79bcfe1ccd908ad6fb7ad05f199d99874d9ff61e84967c264e6db05a98a07c0549b246e54e38b536501607738cd00560398cceb87d44e966514adfd05bb967e88a25f7f0af9843d0a4ed280c19871d39dc89a388561909aac0730cd26895eb5bd30b516008b003ccaeb86d4cce77563cfb7cbb0edfd37519dbf9b81a88020081879d685987cd5425862621908a9c5df6c92f898eaee17b515007687732080ed0038bb8754c9d3d4889d5f7c806d1ffe0b4dce3206a242097dfa61c6a2bbd1e788690c83d4a009c0689b24ee53d38b5263016007f0275e2fa436ded6566cfdcf5bd8fa9fb7e06aac67202a270802a433cec7d46b6f81d96a65201469efd924d1a6aa7b444d0580dde19c09e0675e27a426b22c23effb2fb1e195a7d058ae997d3e282063e438ccbe6f09e2d233190645da2c9b24fea29617a39a02c0ee700a00d600e00c1e520de7d64d58fbfc23706edfc230342c364dc49c7f3e898c3113180645d23a0047d92451150daf9a76ddb81c6cfc49259aab2bf0e37d8bf1e50d97b2f1d7c3f9ac72e2ab857fc6ee659f300c8aa429f0b775aaa08a1e00bbc39900ffaa49d9bc3e28d2f6feb81cab9ebc17ad75b50c4387c69e7729265fb388cb0953a49402186193c48648bf10b5ac9a713bd8f85384b91aeab0faa907b1e7bba50c43c7b67ef00edccd4d38faa63b5904502464c3dfe6dd1ee91712f11e00bbc33904fec7fea2795d50a414af5b895f1eb9134d15e50cc320869d7c16662dbaa7cb6d9189c2a015fec702f322f922d4d003f018d8f85384f8bc6eac7dee51ecf8e43d866130b95f7d0ad9e3c1acc5f741309b190829291afeb6ef8f917c1111ed01086cf5fb03af058a0457431d7eb8f326946e5cc3300c6cc8ec9331ebf607b88f0045c2ec486e191cb102c0ee709a006c003091d70029adbeb800dfde761dea0af2190661e889a7e198db1f6410a4b44d008eb449a22f123f3c92835f17838d3f4540f9d68d587addc56cfce9803ddf2ec56f6f3cc720486913e16f0b2322223d007687d302600780613cffa4a4fcef97e1e787efe08e7dd4ae59b7dc8b61279fc5204849b90046d924d1a3f40f8e540fc03cb0f127a5efb2e59fe3a7fb6f65e34f1d5af9f83f51f2db6a06414a1a067f9ba838c57b00ec0ea715fe457f06f2bc93520a7ffd093ffc63017c5e0fc3a04e59e31371ea336f2379303fa39062f6c1bf38904bc91f1a891e80f960e34f0a2adfba112beeb9998d3f05c5d5588f6f6ebb962b41929206c2df362a4ad11e00bbc31903ff78475f9e6f52424d7e2e96fdf572b81aea180675cb8019b331e7bea7180429a518c0309b24b628f50395ee01b8066cfc49214dce327c73cbd56cfca9470a56fe80ed1fff9b419052fac2df462a46b11e00bbc3190f600f006eca4de1e7f3e1ab9be7a36cd33a66413d668e8ac2a9cfff1b69c346320c52423980a136496c54e28729d903703dd8f8934272fef3161b7fea35afdb8d9feebd059e961686414ac884bfad5484220580dde14c02700bcf2d29a16af74efcf6fab30c8242a2765f1ed63cc355024931b704daccb053aa07600180349e570a37afcb859f1eb8153e0f9ff5a7d0d9b5ec63e4fff40d832025a4c1df66865dd80b80c0d8bf220743b4e1b5a7519b9fcb2028e4d63cf5205c0df50c8294b020d0768695123d007f0190caf349e1565fb40f3b3eb233080a8be6ea0aac7f6509832025a4c2df768655580b00bbc36906b090e79294b0fed5a7e1f3b2eb9fc267d7171fc0b975138320252c0cb4a16113ee1e8073000ce179a470abd8b1057b7f5cce2028ac6459c6aac7ef61a1494a18027f1b1a36e12e0016f11c9212d6bdf42443204554e7efc6d6ffbccd204809616d43c35600d81dce5900a6f1fc51b815af5bc967fe49519bde7e110d25450c82c26d5aa02d0d8b70f600dccc73474ad8f9d97f180229cadbda8a35cf3dc2204809616b4bc35200d81dce1100cee479a3706badad41e1aaff3108525cc1ca1f509eb3914150b89d196853432e5c3d003721325b0d93c1e47efb05276451c46c78750943a07033c1dfa686e51b8794dde1cc007039cf192961f7b24f1802454cd9e60d28fcf5270641e17679a06d0da9707c4abf16402ccf17855ba5633baaf738180445d4fa579e027c3e0641e1140b7fdb1a52212d00ec0e671480eb78ae4809bbbffe842150c4d5e4edc29eef9731080ab7eb026d6cc884ba07e02c70cb5f5280d7ed46deb75f32085285dfde78961b5051b865c2dfc6864ca80b80ab788e480905bf7c8fd6fa5a0641aad0505204c7e71f30080ab790b6b1212b00ec0ee7100027f2fc901238f98fd466eb076f732e0085db8981b6362442d90370050081e787c2ada9a21c45eb573108529586922214aee69a14145602fc6d6d4884a40008ec58f4679e1b5242e1aa1ff9498b5469fbc7dc8e9ac2eecfa1da2530543d00a701e8cbf3424a28f96d0d4320755e9beb57a1ae682f83a070ea0b7f9bdb6ba12a00aee4392125c8b28cd28d2c0048bdd7e78e8fdf6710146e2169737b5d00d81dcefe004ee1f92025d4e4ed424b4d358320d5cafdfa53785a9a190485d32981b6b75742d103f01700e6c8e7414650bc61354320557335d62377f9170c82c2c90c7fdbdb2bbd2a00ec0ea709219c9148d495528eff9306ecfc84930129ecae08b4c13dd6db1e80b90006f23c90127c5e0fca36af6710a47ad5f9bb51b6691d83a0701a087f1bdc63bd2d002ee33920a554eddc0677630383204dd8c1470229fc7ad506f7b800b03b9cb100ce60fea49492df38fe4fdab1ef971fd05451ce20289cce08b4c53dd29b1e80530124307f524ac9068eff9376f8bc1eecfcfc3f0c82c22901feb6b8477a53005cc8ec49295e970be55b7f6310a4297bbe5dca1028dc7adc16f7a800b03b9cf108d14a4444c1706edf04afcbc52048531a4a8a505f52c820289c4e0bb4c9ddd6d31e80d301c43177524ae96f6b19026952c93a6e5c456115077f9bdc6d3d2d00d8fd4f8ae2f2bfa455c5dcb992c2af476d72b70b00bbc399082efd4b0af2b6b6c2b96d0b8308b194d42486a080920d6bb87b2585db2981b6b95b7ad20370268018e64d4a29dfba113e8f9b4184d859671dcf1014e06aa84385632b83a0708a81bf6dee969e1400ecfe2745b1fb3ff4443115279d3a0b6969ec055042c9fa5f1902855bb7dbe66e150076873319c049cc9994c40980a177eef97f80c56246dfbe190c4301c5eb580050d89d1468a383d6dd1e80b30158993329c5d3d28c8a1dec3e0da5acec741c3f7b2a00a05f5f918128a07ceb46785a5a1804859315fe363a68dd2d00ced44c14a40b655b36c2e7e5f87f289d77c15c98cdfe5b7fc4f0010c44013e8f1ba59bb93910855db7dae8a00b00bbc369017022f325259571fc3fa4060dea83638e3df2c07f8f193318168b99c128a0623b9f64a1b03b31d05607a53b3d00330070c610298a93a742471004ccbffa3c984cbfdff6d1d1568c18c15e0025347045400abf24f8dbeaa074a7003899d99292ea4b0af9f85408cd3ee1288c1c35f8b0bf9f307e18c351e27a2e2e6008a484a0db6a1600a45a79df2d6308219298188f8b2f6d7ffb8e4993240802330ab7fae22286404a086d01607738b3014c62aea4a4bcefbf64082172f1a5a72131b1fdfd4232c5544c9830822185597395934f0290122605daec2e05db037012007e4620c554ef71a0263f974184c0c8518331fb84a33abfc1e74e63500a6828652f00859d8020d7eb09b60060f73f298addffa161369b30ffeaf32074d1c73f521a884183b20d924ae4d417ef6308a484a0daec2e0b00bbc3690230977992526459c61e76ff87c429a71d834183fa04f5b5ec0508bffa12f6009022e606daee4e05d30370148034e6494a716edb84c6b21206d14b6969c9b8e04fc1afdc3d75ca68648aa90c2e8c1a4a8a19022972fbc3df76772a9802805bff92a2f2bee3a7ff509877c5d98889890efaeb4d2613e6cd3b8d4f048491abbe86219052ba6cbb83290038fe4f8a91bd5ee4ffb89c41f4d2c4492371f4f409ddfeff464a0371e20947e93011757035363004524a976d77a70580dde14c0230853992524a7e5b8d96ea2a06d10b515116ccbfea8f3dfeffcf3df7786467a733c83068adaf6508a494298136bc435df5001c8dee6f1844d463bbbefc9821f4d2d9e79e80ac5e34e0d6280baef8cb1930993816106aeefa7a86404a310198ded5177466263324a5d415e423ffa76f18442f0c18988db3cf9dd3ebef3374485f9c7aca0c1d24a22ead0d750c8194d4691bce02805463d33b2f013e1f83e8a1e8682b16de7c19a2a22c21f97e679f751cfe7022e7038492ab813d00a4a8599dfd63870580dde13403e083c1a488faa27dc8fbe12b06d10bf3ae381bfd076485ecfb0902f0a70b4fc439671fc77043c4d3d20c9fc7cd204829d33adb1eb8b31e80090012981f2961f3bf5f85ecf532881e9a3173124e38313cf5fae9a7cdc465979cd2e56a82149ce6ca0a86404a8903704447ffd85901c0ee7f52447d7101f62cff8241f45056563aaebee6fcb0fe8ce38e3b02ff77d5d9b058cc0cbc971acb4b190229a9c3b69c050045dc9aa71f84cfeb61103d60369bb1e0e64b111b1713f69f3565ca68dcf8d70b909414cfe07ba1c9c9028014d5e13c0016001451793f7c85c2353f33881ebae89253316cf800c57ede98d14370ffbd57e3d8632671c5c01e6a709633045252f77a00ec0ee7000003741b07a982abb11e6b9f7d8441f4d011478ec2e9672a3f412f2e2e06975f762a6e597409860ee9cb13d14dec01208565db1dce61edfd4347b303f9003085dd865796a0b99a13a27aa25fff2cfc75c125119d98274903f1f7dbe7614f5e31befd762dd6addf0eaf978f7176a5910500296f2680dc43ffd2d2c91713858d73eb26383eff8041f4406a6a126effc795884f8855c5eb193aa42faebaf22c5c78c10958bf6127366dde859d3bf7c1ede6bc8ef6341417320452da2c006f1ffa971d1500d39917854b6b7d2d7e7ae056c8b2cc30ba2936361ab7de311fa20ab7ed4d4e4ec09cd9933167f664b85c6e6cdf9e8f5dbb0b51565685d2b24a949757c3e3e1a39ed57b1c68aeaa446c1af75b20c5b4dba60b87be09071600aa07a08e8f17a42f3e1fbeb9f55a14af5bc92cbac96c36e1d6bfcfc7c4492343f63deb2b2b157bfdb22ca3b2b21645c515282828436161390a0bcb51565e059fcf58c5e0ac5befc7b0b967f0a226a57800c4db24d1d5f62fdbeb01180e36fe14261b5e7f968d7f0f5d75cdf9216dfc95260802323252909191828913861ff87b97db83e222270a0bcb5110f895b7a7082e1d0f2114aef999050029c9026034804d87fee5a12618220e52dcbeff7d871cfb6b0ca2072ef8d349983d479febf25ba32c183cb80f060fee73e0ef5a5a5c58bf610756adcac18e9d7b75375c54b2762564af1782990b2b9162268005004542cdde3df8dfc37770dcbf07e69c380de75d30d750c71c1363c5cc19133073c6045455d561d9d7bfe2a79f7ed3cd1c82d6fa5a54ecc8813876222f7052ca616d7b7beb008c674e144a0da5c5f8f6d66be0696a6418dd74f4f409b8f2eaf30c9d415a5a122eb6cdc583f75f8363664d84c9a48f1588b8001629ecb0b6bdbd02803d0014320da5c5f86ae19fd15856c230bae9a4536662e1a2cb60369b1806fc85c0bccb4fc36d8b2f8328a668fe78f6fdf40db7bf262575de0360773813010c664e140a6cfc7bce76f1a9b8e2ca73b9035f3b860eed87bbef9c8fe9d3c769fa386af6ee41ee775ff2849252fad81dce8cb67f71e8478bf100f88e43bdc6c6bf67cc6613aebbe14f38e78f27308c4ec4c45831ff2f67e28fe7ced6f4716c7cf339f83c6e9e5052ca41bd00ed150044bdc2c6bf67a263ac587cfb15386ef6548611a4534f998e8b2f3a49b31b1335941471454c52d2416dfca10500c7ffa957ea8b0bf0351bff6e4b4e4ec0ddf75e8b49478c6218dd3467f6649c73f6f19a7dfd9bdf7d199e96669e485242a73d002c00a8c76af373b1ecaff3d0c0c6bf5bb2b2d371df837fc5b061dc80b3a74e39793a86687467c2e6aa4a6cfbef3b3c89a4040e0150e855edde89650bff8ce62a27c3e88699b38ec0438f2c445636d785ef0d9349c0157f3e1d168b3617d6c9f9cf9b68adabe589a4701b6b77380fb4fb07fe607738b30124331fea2ee7f62df8faa6bfa0b5b68661042921210e0b6ebe1437de74896a76f5d3ba3e7d3270f659c769f2b5bb1b1bb0e5dfaff22452b8c50218b8ff3fdaf6000c6136d45d659bd6e19b4557c2d550cf308274e4e4d178fca9bf61c6cc490c23c44e9a3b0d43353a14b0fdc37fa33c67234f2285dbe0fd7f6001403d56b1630bbebded3ab89b9b184610fa0fc8c26d77ccc7ad7f9f8fd4d4240612062693803fcf3b4d93afdde77563c5dd3773188dc2ed405bcf02807aa4ae702fbebded3ace5e0e42525202e65ff5473cf6e4221c71e4680612667dfb8a076d2ca425cd554eacb8fb66f8bc5c1b80c266f0fe3fb000a06e6bae72e29b5baee6987f17a2a22c38fbdc3978e6f9db30f7e4193099b8a4af52a64cd6eee394e5391bb1e6d9477812295cdaed0118ca5ca82baec67a7c73cb3568282d66181d100401b38e39124f3d772b2ebae434c4c6c53014854dd6700100003b3f7d1fb95f7dca1349e13078ff1fda6e07cc1e00ea94cfe3c6f777dc88ea3d0e86d181d16386e2b2796762d8703ed31f4999622a060eccc2be7d659a3d86554bee45cad0114897c6f08452281ddc036077382d00fa3317eacc9ae71e41d9a6750ca21df109b158b8e832dc73df756cfc5562ea646dcfb7f0ba5c5871d7420eb551a8f5b53b9c56e0f721800138b83780e820f9df2fc3ce4fdf6710ed1834b82f1e7a7421a6cf98c8305464c2c4e19a3f8686b212fc78efdf207bbd3ca1142a26f8dbfc030500bbffa9437505f958f9f83d0ca21dc71c3719f73ff457646571253fb5c9484fd1c571946c588df5af3dc5134aa13404f8fd533f0b006a97a7a5052beeba89cffa1fc26c36e3f23f9f89934f9dc530542a26c68ae8682b5a5b5d9a3f96adefbd0971d4040c3af6449e580a85c1007b00a80b6b9e7910d5f9bb19c421aeb9fe4236fe1a909292a09b63f9e5d13b5157b4972795426108c002803a51f2db6aec5af6318338c4f917cec5b1c74d66101a909292a89b63713736e0873b6f82b7b59527967a6b30f07b0190cd3ca82dafdb8d5f9fbc8f411ce298638fc4f9179ec42034424f3d00005093b70bbf2eb99727967a2b1bf8bd00e00c263a488efd35d415b2bbb12d69e4605c73fd9f188486a424ebab000080dd5f7f06c7d20f7972a937d2011600d48efaa27ddc9af410822060fe55e76a76bf79e39e387d1ed69aa71f40a5633bcf2ff5140b006adf9ae71e81d7a5fd99d3a174ec71933178483f06a131f5f5fa7c7ac5eb7663c53d37c1d550c7934c3de12f00ec0e672c8058e6410050e9d88ec25f7f62106d44455970e1452733080d6ad0690100000d2545f8df837f872ccb3cd1d45db1768733d6047efaa73672d8f57f98b927cf4046462a83d0a03a1d17000050b8ea47383eff80279a7a229d05001d50bb2f0ff93f7fc7200ec1257eb54baf43006d6d7aeb05785a9a79b2a9bb5800d0ef72ecaf013e1f8368233e3e16c3470c64101a658402a0b9ba02db3ef8174f3675170b00f26ba9a9c69e6f973188438c9f30022693894168506bab0b2e97db10c79af3fe1b68adabe549a7ee6001407ef93f7c059fd7186f96dd3171d24886a051fb0aca0c73aceec6066c7ef7159e74ea0e1600e497fbdd5286d08eec3e2243d0a8ddbb8b0c75bc3b3fb1a3b1bc94279e82c5028080fae202546cdbcc20da91acc395e48c2237b7d050c7eb75bbb1f1ade779e229582c0008c8fbee4b86d0011600da959b6bac1e0000c85dfe396af37379f22918e92600f1ccc1d80ad7fccc10da613299909018c72034a8dc598dbafa46c31db7ecf562fd6b4ff302a060c49b00443307e3f279dca8726c6310edb058cc10049d2e26af7346fcf4bf5fe1ca159c0b40c1883601b03207e3aa726c87d7cdd9ffed71b9dc70bb3d0c428376ef36d6f87f5bb22c63ef8fcb79115057acec0130b8f2ed9cfcd7998606fd2f24a347db77e41bfaf8f37ef89a170175259a0580c171f67fe71a1bb8c4aad65455d5a1acaccad8f7f58e2d682831ee30080585430046575f54c0103acbc78013c9b4cee89ffef7cb5bf11543a0ce7008c0e81a2bca1942274a4b2b1882c66cdb96cf10e05fdd93a8131c023032d9eb45734d2583e844c13ecea6d69aed3bf2180280aadd3b5157b89741504738046064cdd595dcfdaf0b2c00b4a5b8d889da5a0edbecc75e00ea0487008cacb98adddb5d6101a02ddbb6e7338436f2580050c738046064326486d085aaaa5a4e04d410160007abc9cf85abb19e41507b3804606426c1cc1082b06deb1e86a0013e9f0f3b7772ccfb50357b7633046a0f87008c4c309b18421072b6ec62081a90975782961617833844f51e0743a0f644b305303093893d00c1c8d9cc02400bb66de7ecfff654e7b100a0f69900b43206839efc6876fe04a3a8a81cd5d5750c42e5b673fcbf5dd5b92c60a95dad2600ec3333a8b83491210429670bc751d5aeb0c8c910da519dcf6b97dae5620f808199a3a3119d94cc2082c06100756b6c6c466323f76d688fbbb1010da5c50c820ed5ca02c0e0e2c56c8610044e045437a36ffed3154e04a4767008c0e8e2c42c861004a7b31a65655c3659adcacaaa1942276af258c0d26138046074c9fd07318420711840bdcacad903d09996ba5a864087e21080d1654d9cc21082c48980ea555fdfc4103ae175f16d9e0ec32100a3cb9a38193071398860e4e4b000502b2e6bdd391600d40e0e01189d35210969c324061184da9a7a6e0e449ae475f1731e1d86430004f49938952104894f039016795b5b18021d8a430004644d6201102cce03202df2b107800ec7210002b226701e40b0b6e6ec86cfe763102a939418cf103ae1610140876b3501e066e706674d4844faf0910c22084d4d2dc8db53c4205466d0402e68d519af9b9ff3e8308d26005cdd84903de9288610a42d5c0f4075060d6201d0199fdbcd10e850952c00080090cdf50082c68980ea9396968484845806d101eef941ed6001407e5993a6c212c771d460ecd89e078fc7cb2054662087013a1497ce9d3fe9302c00c82f2a360e434f38954104c1e572c3b1339f41a8cc5153c730840ec4a66732043a140b00faddc8d3cf670841daca55015567dab4b11c06e8007b00a81d2c00e8776923462163d4780611043e09a03ed6280b8e99358941b4232e833d00741816007430e98cf31842100a0bcb18820acd993d192693c0200ec11e006a070b003ad890d9a7c01a9fc820ba50565a09b7dbc32054262d2d09938f1cc5200e11c302800e5769b24962338066664100608989c1d0b9a733882ec8b28c22f602a8d285179e88b8b8180611200802e2d2331804b5d56c93c4e6fdebbfb217800e90cee064c0601414b00050a3d494445c649bcb200262333261b24431086aab12005800d06152070f47e6b8490ca20b8505dc1a58ada61f3d0e471ec1e5ad01401c339121d0a1580050c7a4332e60085d28640f80aa5d7ae9c9484c8c337c0e2ce6a91d071500fc284307197cdc5cc4a6a533884e14b00740d59212e331eff2d32008c67e2a800500b5a314f8bd00c8631ed496d96ac5f88bae60109de09300ea3769e2085c7cd149c6bd8fa3a391c69d3ee970f9000b00ea8474c68588cfe4faea1de19300da30fbf82371ced9c719f2d833468e83c9cc098074983c80050075c21c158509975cc5203ac10581b4e1f4d36662ee1f8cb7e575e6b82378f2a93df9c0ef05c01ee641ed197ecad948ec3b804174a0a8b09c2168c405e79f8819338cb5d475e6583e0140ed3aa807a010000733e93026b30593e65dcb203ad0d4c835b4b44210803f5f7e3a264e1c61987b57e404403a9c0fc03e205000d824d103a080b9507b86ce3905c98387318876b4b4b8188286984c02aebce24c6465a5e9fe58fb4c998ee8c4649e743a54914d12ddc0ef3d0000e70150474c261c31ef3ae6d08e96965686a031b1b1d1b8f69a7361b5ea7b72dcf03f70496f6ad781b69e05000565e03127206d04375939147b00b4a97fbf4c5c7af1c9ba3d3e4b5c3c06cc9cc3134dedc9dfff0716001414411070e45f6e601087600f8076cd98311e03fa67eaf2d8061ff70798a3a37992a93dedf600f04900ea54bf69c740e4ace283b4b6b20740cb468e1aaccbe31ac6ee7fea58fefe3fb00780ba65d2e5d7308436a2a22c0c41ab0401eb37ecd0dd61c56766237bc2149e5fea08e70050cff49d32834b8bb6c17de7b5abacbc06d55575ba3baea1279c06984c3cc1d491fcfd7f387095d824b10c400db3a1ae8cffd35f1842405c5c2c43d0a84f3efe4197c735e484537872a9234d68f3c8ffa165e216e6435d1974dc5c24f6e9cf20c01e00ad72b9bd58b3769bee8e2bb1df40a40e957882a9235b6d92e8dbff1f8716009b990f7545309b31f6c2790c02405c3c0b002dfa75f5565d1ed7a0634ee0c9a5ce1cd4c6b300a01e197ef2d9b0c4b0fb9b43005a24e0fdf797ebf2c806cd6201409deab400e0100005c56cb5226b22671aa7a426f262d0983df9c5ba5dc02979c8709e60eacc416dfca105400e0099195130fa4d9d6ef80c060deacb0b414b04012fbdf4b12e0fcd1a9f88a8d8389e63ea4cc73d003649ac479b4704883ad367f20c431fbfd96cc28081d9bc103464d7ee225454d4e8f2d8e2447dae6a4821536293c4cab67fd1dec3a29c07404149193414716296618fbf6fbf4c2e04a429025e7af923dd1e9d252e9ea7983a7358dbce02807a2573f404c31efbe0c1ecfed7921d8e7dba5cf867bfd6ea2a9e64ea4c500500270252d062d2d20d7bec8387f4e305a019025e7e599f63fffb355757f23453670e6bdbd90340bd12939266d8631f3761042f008dd8ba3d1fb5b50dba3e464f4b333c4d8d3cd9d491a07a007603686656148cd85463f6006466a561087b003442c02baf7c6288232ddbcacf6fd42e0f80ed87fee56105804d12bd00f4b94c16855c8c410b80a3a68de7c9d7884d5b72515f6f8c4fc6a5bffdca134eedd96193c4c316bfe868cba855cc8b82e1f3790d79dcd38e36eee4472df1fa64bcf8e2878639de920dab79d2a93dedb6e91d1500bf302f0a466b4db5e18e39353509d2c8413cf91af0df0fbe87cbe536ccf156edda8eda7ddcd99d0ef3737b7fd95101b0927951305a6a8cf7e8d1ac638f8420083cf92a5759558f6fbe31d627625996b1edbf6ff3e4d3a1dafd50df6e016093c402b4d93398a823462b00a2a22c38fdcce378e2554fc0134bec863cf2dc6f3e470bd704a0df95da2431b7bd7f3075f23f711880bad4545166a8e33d7ece51484d4de28957b9d56bb7a1b4a4c290c7ee75b9b0fd1363163fd4ae0edb721600d42be55b3719e658cd6613ce3a7b364fbacab9dc5ebcfaea2786ce60e7a7efc1d3d2c28b81800ec6ff011600d40bb5fbf20cd5d53863e62464661977e123ad78e38dcfe1f3197b53d3d6ba5aecfeea135e0c04f4b0076033007d2f9d45bd52b679bda18e373e815badaaddde0227d6acddc620006cfbe01dc85e633ea64b073401f8ada37fecb000082c08c4874aa943659b8c55002cff6a25766ce723566ae5f6f8f0d0436f328880fae202ecf89473010c6eb54d123d1dfda3a98bff99c300d42eafcb85c25f7f32d431fb7c3e3cf5c43b8659554e5304ffac7f233df31f8cdfde781ecdd5c69c0c49003a19ff075800500f15ae5a015763bde18ebbb2b216cf3ff31e64d9d863cc6af3f5f2d570ecdccb200ee16e6cc0bae71f6710c6d5691bde5501f02b001f33a443ed5efeb9618f7dfdba6df8e2f31f7911a844514915fef39f6f194407f67cb714a59bd63208e3f1a18b65fd3b2d006c925807601d73a4b65a6aaa51bcc6d89d43ff7ee74bec72ece3c510616e8f0f0f3cf03a83e8c2af4f3d009f97c32306b32ed08677c814c437f98a39525bbb967e009fd763e80cbc5e2f963cf10e1a1bb97376c408029e7cca8e961617b3e8426d7e2eb6fff75d06612c5db6ddc11400cb9823ede76969c1d60fde6110009ce55578fe59ce078894af97afc6ce1d1cf70fd6a6775e4493d3582b771a5c976d773005c01a005c589a00003bbff82f5a6b6b1844c0dad53978e3b54f1884c27edbb49be3fedde46e6ec29ae71f6510c650057fdbdda92e0b009b24fa002c679ee475bbb1edfdb718c421befaf2677cf8df6f188442f6e497e2d967ffc3207a60ef8fcb51bc6e1583d0bfe581b6bb53a620bf19e70110762ffb184d95e50ca21defdbbfc277dffcca20c2cc59518bfbefe7a4bfde58fdf403f079382150e7826ab3832d00be06c0814e03f3793dd8627f8d4174e295973ec49ad55b184498d437b6e08e7fbcc8207aa9ae702f72de7b9341e8970c7f9bdda5a00a009b249602d8c85c8d2bef9ba5682c2b61109df0af14f82f6cdb9acb3042acd5e5c16db73d078f876bdb87c2e6775f4643693183d0a78d8136bb4ba66e7c530e031895cf87cdff7e953904c1edf6e091075f477e5e11c308118fd7877fdcf9129a9b5b194688785b5bb1e6d98719843e05dd56b300a02ee5aff81a75857cdc2a584d4d2db8e7ae17b8715008b8dc5edc71e74ba8acac65182156b0f20714aee28a963a1496026025803a666b2cb22c63d3bf5e6610ddd4d8d08c7bef7e11ab7fe59c809eaa6b68c1cd8b9e82b3bc9a6184c9ba5796701d0b9ddd36f0b7d54109ba00086c29c8076f0d66efffbe454d3ec7b47bc2edf6e08947dfc2d7cbb8a75677959655e3e69b97a0a9a9856184516d7e2ef6fdc4475875e4dbceb6ff3d94a99bdffc33e66b1cb22c63f3db2f31885e66f8da2b1fc1feee970c23483b1c05f8fb1d2fc0e7e33e644ad8f8f64bec05d08f6eb5d1dd2d003e01c085b70da2e09715a8dee3601021f0f187dfe1b9a7edf07ad9a875e697553978f4512e35ada49abc5d28f8f97b06a17d2ef8dbe8a075ab00b049622d827cbe90b46fd33b2f308410fa71c53a3c70efcba8a9a967188711f0e1273fe2f5d7d9c918917bfded17d90ba07d5f07dae8a0997af043de67cefa57b07205aa76ed601021b665f32e2c5af018d6afddca30021a9b5af18fbb5ec6974b39572252aa7277a270e50a06a16ddd6e9b7b52007c06803373746ef33b9cf91f2e75750d78f8c1d7f1eacb1fc2e532f692aceb7f73e0af373e8ee262272f8c08dbf40e5759d4b016f4608e5eb70b009b24d6835b04eb5ae19a9f51b133874184d9f2af5662f1a2270db96890c7ebc333cf7d88e79fff8017824a543ab6735d00ed5a16689bbbc5d4c31fc661001dcbf937d7fc574a5161196e5ffc143eff7485618eb9a0a802372e78021b37eee405a0328ea51f31046dea519bdcd302e00b004dcc5c7fea4b0a51b6793d835090c7e3c53b6f7d8eeaaa5a5d4fc432592c104c26dc7df7cb6869e1c3446a54b4e667b81a384955639ae06f93bb7f4ff6e47fb249622380a5cc5d7ff67cf3054388108fc70bd9e783ecf3013a2a044c66334c6633bc6e37bc5e6ee6a3663e8f1bfbfef71d83d096a58136b9fbf7662f7e2887017428970540c4c9b20cdffe4240c34c2613cc160bbc1e0fbc1e8fa68fc548f257708a97c6f4b82dee4d01f025800666af1fcead9b505fb48f41a8842ccbf079bd9a2b040e34fc5e2f3c6e633fe5a045251bd6c2d3d2cc20b4a101feb6b867f76a4fff479b243603f89cf9eb47ee375c84458df617023e9f4fb57304044180d962f177f5b3e1d7349fd703e7b6cd0c421b3e0fb4c53d62eae50f7f9bf9ebe4a6f7b891ffc37206a166b20cd9e7fbbd574005c580c96c86c962812ccbf0b8ddecead789b22d1b188236f4aa0db6f4f2872f07b00fc0409e076d2b5cf5135aebb9e77a440942d05f2acbf281de0041100041f0ff1eee976832c164f27f6ef0f97c6cf075aa9c058016ec83bf0deeb15ef500d824d107800f8deb00bbffd5a1278db8dca667607fef802ccb21e9213099cd305b2c305b2c100401be40f7bec7ed868f33fa75cbb96d33f70650bfd7026d70cfefef10bc88d701f09d40c35aeb6b51f8ebcf0c42050453ef6fc90305419ba2e0c01c82b6bf6419e6a828ffd87d60fcde6436fb5f8320409665783d9edf1b7c6ecf6b189e9666b454573108f5f2c2dff6f64aafdf6d6c9258082e0dac69e59b37c0e7e1a42db5085b577e60d8e0c02f9f0f1e97cb3f761f18bff77a3c9a7cf28042afa9a29c21a8d7b240dbdb2ba610bd9857783eb4abc2b18d21a888bf1740307c0e1459cd952c00542c246d6ea80a80a5008a794eb4a9920580ea082616001459ec0150ad62846825de9014003649f4027883e7459baa76b100501b411042321f80a8a75a6aaa19823abd1168737b2d94ef30af01e0b4518d69aa284773552583502141a147fb88da638ab23004f59111c227ef425600d824310fc0b73c3fda525f5cc010546cff8c7c22a599ad5686a03edf06dada9008751fe3cb3c3fdae26aa863082a673299d813408a3347453304f509691b1bea02e053009c39a221ae06eee7a40582c90441e09c00528ec9ca024065cae16f6343778e43f9cd6c92e806f01ccf9376b007403b0493c047044931d6f80486a02ecf05dad89009c7478ae701702f498d7035d433040d1104012693001601146e2943863104f56886bf6d0da99017003649ac00f026cf9736789a1b1982d608024c66ce0ba0f0b1c4c523b12ff778539137036d6b48856b50f109005c4b5403a2e2d8cda7550776e663214021963e7c240b4cf5f0c1dfa6865c580a009b24ee4688272b50784427a732042d1304ff53029c1b402194367c0c43508f4f036d6ac885735af1633c6fea179dc202400f8403c3022c04a8f7d2a5d10c413dc2d69686ad00b049e24a00ab78eed42d26398521e888600a14021c1aa01e3299a3d07fda310c421d5605dad2f09ceb30bf78f602a81c8700f449683334c0b15cea8efed38f41343f18a84558dbd07017009f00d80d52adb8349121e8d8fe4d854c66739b62800501756cf84967310475d80d7f1b1a36612d006c92e803f024cfa37a4527252321bb2f833080df8b01657b060408073636626f84bac5a4a4a2dfd1b318843a3c196843c34689b545df04c0ede6542c63cc44866030fb8b81b60db32008107add3b201cdee0b3cdd78c21734e83c91cc52022af120aaca713f602c026894d08d3338c141a9963c63304f213707851d0ad5f6083af552613a4d3ffc81cd4e18940db19de53aed0c13c0da002a44a19a3d90340647443669f8c94c15cfe57052ae06f33c3cea2c40fb1496283dde17c18c0a33cb7ea933e6214cc5151f0badd0c43617dfa8a18337618c68c198af4f464dd1fafc964c2638ffe15bb761762e5cacdd8b285738455715ecc164c9a770d835087876d92a8c836ad16050fea79003703c8e6f955d9cd6f89429a3406cead9b184618c508264ccd163169c80058668cc1983143919c9268b81c52531270d49451386aca2800026aeb9b909b5b88efbf5f871ddbf30000322f17450d3de94c24f51bc42022af1461d8f4a7238a150036496cb23b9c0f02788ae7587d061c7d2c0b8010b20a0286444563745c3ca68819181e654572a30b9065c8751e34cce0b08b9f8ce4c4581c3969048e9c3402a6ca0664bcfe1df6c459f0e5be42acaca941bdcfcb98c2c81c158589975ecd20d4e14125c6fef7b3287c702f01b805403f9e67751932e7546c78ed1906d1939b48103028ca0ac91a03c91a8331f109e86f32c3b4ff636cab0cb4b61ef87aa1be09f0fa00b3c99881759665532b2c2d6e482d6e4809e958909881ead438ac69acc7177b0b90eb6a65ef408849a79f8f84ac3e0c22f28ae06f2395bbdf94fc6136496cb53b9cf743c12e0e0a4e429f7e10c74e642f4010ac82800931719812138f51d131181a158da8439f6fefac9592015375037c19490cf310a6c69643b292915ad5889360c249d983e08eb3222fce82a57b0bf14b75151a7ddc74b4376252d3309163ff6a71bf4d125b95fc8196081ce46b001603e08093ca0c9d732a0b800ef4b144616a6c3ca6c6c463424c1cacbd5cd046a86e0058001cc6dcd8f9fb5f54930b52930b527c1a1624a6a3262d1eab1b1bf079de5eec71b51a24a5d039eada5b109da8ffc9a71ab017feb651518a1700364974d91dce7b01bcca73ae2e838f3f096b9e7f04b29763ae51828009d17198121b87a9b1f1e867b186f4fb9baa1bc094dbc9e5d01e804e083e19a9150d3819c0c9d983e08e8f465e9c055fec2dc02f55556862ef40a7fa1f350b434e389541a8c3bd36497429fd432d113ad8b700dc06800f9daa484c6a1afa1c310dc5eb561af2f8b32c51981a138f29b1f198141387e8302e5b2b54d7f3826b87a9b1e79fe2a31a5b2135b6e2a6b8342c4cc840755a3c7ea8acc01745c528f5f011d7b62c31b1387ae13f18843ae4c2df262a7f1d44e287da24d1637738ef01f036cfbdba48a79f67a80260843506c7c525e2a8d8780c88b22af6734dd50d2a4e25727a5300b425f87c48aba8c71f118d3ff61d82baa4587c5f5385afcacab0d7edd2784abd37e92fd7239e13ffd4e21e9b247a22f1832d113ce877e15f1780cf43a9c8a0597390d46f10ea8af6eaf618934d66cc4d48c689f14918a860a3df96c002a05de66e0c017447525d33ce36c5e2ec3e83d1106fc58ada1a7c5b510187abc5704f1588a3c763cc3917f16253874df0b7851111b1e79002bb1c2de0f957199309632fbc5c778765154c98159788fb33fbc3de7f18fe929211b1c61f004c551c02683797c6f04fe44b6874e1744b1c96640fc48723c660419ffe98101307233c941993928ae3ee7a1c82d9cc8b4d1d16847bc7bfce08b21cd9fad7ee707e08e05c5e07eae175b9f0e14527a1b94adb9b380a0026c6c4e1c4f824cc884b40aca0a2b7f8280bea1fbd22e22fa3be52d9732c984c903b999c97fde86730b544a68bbe35ca8c5f1aeaf1756d15b6b434e9ae6740309b31f7d197903de9289d1d99667d6493c488eebe645141088b009c06209ad7833a98ad568c3ee722cd2e0c3420ca8a13e39330273e091966355ce2ed707b2034b4404e88e1051720787d116bfc0120daedc59ce838ccc98c4343b405cbaa2bf1554d158a75328170f2950bd8f8ab472bfc6d5f4445fc23914d12f3c0ed825567e4597f82252e5e33af374630e1f484143c9d3d102ff7198c0b92d2d4dbf8efbff9f824c0c17934a9e739fe84560fce8f4bc66b7d87e08d31e370464a1ae24dda1d24183ce7148cbd407f437b1af644a0ed8bec3da792301e807f130452096b4222c65f384ff5af33dd6cc19f5332f04ebfa1b82e2d1323acdaf944cd8980073335a873219fec0617ae4dcac07f0749787afc781c1597a0a9f90229434660e6a2bb7981a94729fc6d5ee4ef3935bc88c0d687b7f1ba5097b117cc53ed1ae143add158949e8db7fa0dc105496948d0e0a7334e043c248fa61655bf3ec1ebc388da56dc93d1171f4b637163ff81181ca5ee914b6b4222e6dcbb049698585e60ea719b52dbfd7679cfa92894b700ace3b5a11ee6e8681c39ff46d5bc1e01c094d8783c98d91fcf650fc209f149304350cdebebf6f1b007e0e0ebad513b4bf95a5bdc38d9148317fa0cc25bd268fc213e09164165d7a2c98463fffe1012fb0ee0c5a51eeb10a1457fdabd44d4f2426c9228838f05aace90134e45e6d849117d0d5641c0c909c978b9df10dc2bf6c3a498385d64cbc5800ec9a351dd3d001dc96cf1e2a6f46c7c307c34aec8ee8b64933a1eb13be2f26bd06fda31bcb0d46541a0ad53c73da7a6646c92f80b80f7788da8cbd4ebfe0621029f6e924d665c9c9c8e7f0d188e1bd3b2d0df1ca5ab5cd903703093867a00da13ddeac179d604d8078dc003a3c744749d8901336663fc2557f1a25297f7026d9c7aee391586b4184013af15f5c818351ec34f3e5bb19f976a36e3bab44cfc6bc0305c929c8e440d77f3777af3f1298083686908a03382d787231a3d78a9cf60bc3c6e3c26c728fb344d52ff4138e6b6fb2352b453879ae06fdb54457505804d12f701b88bd78bba4cbdf66f619f10186b32e1b2940cbcd57f384e4f488145e76bb40a0d2d80dba3ef83ec06ad0e017466405d2beecbec87f7468fc3a949a9bdde46ba2b51f10998f3cf25888a4fe005a52e7705da3675dd732a0deb4900eb79cda847547c0266fced9f61f9546111049c93928e77074bb025a5214a36ceeaec9c07d0260b9df400b427b9d1851b5244fc77d8685c216623350c4bf15a626270e203cf21793037595599f5f0b769eabbe7d4f8a26c92e805301f003f1ea9489f23a761d4d9b6907d3f01c0dcb474bc3b7c34ae4a4a47acc778fbb7b3006893858e0b80fdac2e0fce8b4dc23b8346e0cabefd42b6e5b4c91285e3ef790a99e38fe085a42e1e00f3036d9afaee39b5a66693c48d001ee7f5a32e475eb90049fd07f5fafb1c9d928a7f8d9d808509e9486a356e9dc78980bf334201b09fd9e3c3b99678fc67d4389c959dddab592e26b305c7ddf928fa4d9dce8b487d1e0fb465eabce7541ededd0076f11a520f4b4c0c8eb9fd0198a37a36237f444c1c5e1c3b0e77258948abd7df986fb76f404e04f4e7d0ec82e0335e0f90b5b115ff674d827dc2244c4a48ec417026cc5c7c2f06ce9ac38b487d76c1df86a9f7be53f38bb349620b80ab00c36dd9ad6a19a3c663e62df776ebff49355bf0d0c851783ab33f06d5bb749a4cf7b107c0cf489ffedb935cd38407d3fae0854993906d09beb89e7ee3df31f4c4d37801a98f0ce0aa401ba6defb4eed29da24710580d7783da9cb90134ec5c4cbaf09ea6b2f1c32186f0f1d8989cdc6fb84d7e50d5815d90240309994fdd5c198b79a36028aa4c1554d787dc030dc35766c979b0f4dbefa6648679ccfd0d4e9b540dba5eef71f8d84f9370025bca6d465d2e5d760e8091d7ffa1826a6e3cda3a7619ed70a4bab3eb6540db548f700c83e9fa2bf7cdef6e742991b381c74e09af0fa7074bd1bef8f18833f0f1dd2ee72d7132ffb3f8cbb90bbfba95409fc6d96ea69a200b049620d80eb795da9cf8c5bfe79d852c12693097f9b3d1dcfa4f74556713543eaec06ac69e00017d803d01e73b30b1778a2f0feb80998d8666beeb1e75d8a49f3ae6540ea757da0cd52ff7da795446d92f811808f796da98b392a0ab3ef7d0a097dfa010046f6c9c4bbc7cec49cdc4a087c53ef9ad707a1aed1f03198d803d0a1f8ba663c24f6c7a2112330f2d47331e55a4d7cb834aa8f036d9536ee3b8d857b2d0027af3175894949c5090f3c8705c74ec793c95948d953c650ba73137222a0e127017649967142ab80076b2b915856ca3cd4a902fe364a3bf79d965eac4d124b015cc1eb4c5d926b9cb8f4e3d770523e3ff5f7049f0400ccbc6e82125b508253ffb110a37f5cca30d4e78a401ba5195aeb01804d123f07f002af35759076afc549772e42fcc69d0ca3a737210b000e017483e07263e21b6f60eef3f7c1e4e1e45a9578c926899f69eebed368d83703d8ce6b2e92178e0fb3567f84231e791c268e61f70a7b003809b027d2d66cc499f72f446c7d0dc388ac9d006ed2e47da7c5176d93c4660036005c512602ccb217272c7b0dfd5fb2437071bb865edf842c0074b315b0d262f24a71da3d3721ad44751bcd19851bc0453649d4e416f65aed01804d123701b88dd79fb2ac3e174e79e731a4bfff35e0e3f36b21b9090dbe1cb0e0f142e03a113d66a9a8c389f7de8601db37300ce5dd619344cd06afd90220e04900dff01a54467c6b3d4e79ea2e247cbf96618490d18700f8044008326c6ac58cc71fc6e09cd50c43393f00784cd3d78d965fbc4d12650097c3fff80585515a6d194e7ef076c46ee2de4ca12634b51afa13300b80105d471e2f8e7a660986ec5ac730c2af1ac0653649d4f4fae65aef01804d124bc04703c32ab3721f4ebcef7644e57335e67031722f80b9914f00848aa9d58da94f3e892179bf318cf0bada2689859abf5ef47026028f5fbcc86b32f4629beb70ec130fc2e4ac6518e1bc110d5c00b00720c47936b562ca92279156ce898161f2a64d12ffab8b6b454727e526009b796d868ee0f3e20fcfde0f4b11175f0c7bd655c69d0868620f40c8996b9b70fc93f7c3e4e5533a21b61dc00dbab9f7f47220814703cf0550c36b34348e7bfb59c46dcd65104adc88ec01a010b39654e2f8f79e6110a15307e01c9b24eae666d5530f006c92980be012707fb55e1bb2752db257fc8f4128c4d873005800844be6b72b3174e71a06d17b3280cb6d92a8ab254f75550000804d129702b897d76bcf595b9b31e50d4ea950f44634f05a001c02082359c691afbc08abab9959f4ce433649fc4477f79e4e4fd63d0096f19aed99199fbe01730527fd29c9c83d005c0638bc2c157538fefda71944cf2d0770872eaf0d3d1e944d127d7687f36200eb010ce1f5db3d191b36310485996a9b10dd672c6052b62617d222ffc9d0d2f2352f80304bf9750bcc1779e1359b1946f7ec857fa95f4d3fefdfe1bda7d7b36693c46abbc3792e80950062791d0727b9a61c96d24a06a1349f0fd1d66c202b4bd11f1bad82e396ebb99954b8991a5b30f6b7e5d83ce5148611bc1600e7da2451b76f887a1d020000d824712380ffe3751cbcc1399c301431a5e5c63be6ba3ac0a7cb0f57aa3370f52f0ca17baed1f23affc1d07501000036497c1bc0f3bc968393bd6d0b438894b232e31d737535cfbb42e2b6e4723260f05eb049e29b7a3f48dd1700010b01ace235ddb524079ffb8f98d252e31d73750dcfbb424c2d6e4c58f32583e8da2a000b0c714d18e1206d92e802700e807c5edb1d4baf2882b9a2864144885c66c02180aa2a9e7805f55dfd2b43e85c3efc8bfdb88c70b046e901804d12cb009c0aae14d8a1411cff8f2cf6005098c5eed887b8263ee2db811a00a706da0a43304c0100003649dc0eff72c1c6dd7bb51359db73184224197012a0cc1e0045096e2f26aefa9c411cce0dff8cffed463a68431500006093c41f00cce7f57eb8c49d1cff8f28434e02ace1795758e6ea750ce170f3036d83a118ae00000e3c19700faff9366f0ac57930d51877353a55686a02ea0db624309f02505cccee6224d71ab0d8ecd83d8136c1700c590000804d12ef06f00eaf7dbf415bf9a940158cd60b50c502406982cf87093f731820e09d405b6048862d0002e60358c17b00c8dcc1f17f5530da3c00f6004444c6da8d0cc1ffde6fe8e1604317006d1e0f34d4c48f4309b28c78471edf0ed4c0684f02b0072022a2f796412c37f43dbf1d067adcaf2346ef01804d126b009c06c0800f61fbf52d74c054df64f44b41150cb51640730bd0c2ad802373a1c918f7f352a31e7d3980d302effd8666f80200006c929807ff1a0175463cfe01396b7911a88591e600b0fb3fa252d71b72d9ef3af89ff567972758001c6093c4f5f0f70418eea3b0b86d1b2f00b52831d010000b8088b2165522b36cb7910eb909fe4ffeeb79f6fd5800b46193c49f019c0da0d528c72cc85ec4eddecb93af16461a02e0f87fc449eb5718e5505b019c1d788fa700160087b049e237002e04e031c2f1f6dfb30d42b361ea1df5abaa02dc0659a8923d001197966388f9cf1e001706dedba90d1600edb049e2a7002e03a0fb8dca076dd3f576d7dae3f3014ea7318e953d0011179b5b0c8b57d705a70fc06581f7743a040b800ed824d10ee06a00b29e8f336dfb569e6cb531c85a00327b00224e687563e4969f747b8901b83af05e4eed6001d0099b24be0ae026bd1e9fd9e346ecee7d3cd16a6394b5005800a842ff8dabf57a683705dec3a9032c00ba6093c42500fea1c7631bb47b33049721a63a688b511e05e410802a24ecd4e51371ff08bc775327580004c12689f70178446fc7d57f1b9f865123c32c06c41e0055882aa98658a1ab9ec04702efd9d405160041b249e262e8ac0848dbe1e08955230e0190c2a40dbad909f791c07b350581054037042e2c5d0c07585d2d88de53c093aa46469804e8f301b5865c785395d27374b119d83fd8f8770f0b806e0a742d2d84c69f0e18b47303048f9727548d8c3007a0ba069075fd808da6c4388a60f66af6fd4006b090ddfeddc702a00702934bae8286d709e8b76d234fa45ab5b6023535fa3e4676ffab8aa9c50569872617c9f301b88a13fe7a78de1941cf041e2fb9041a5d313075c74e9e44352bd5792f009f00509dfebf69ee71400f804bf8a85fcfb100e885c00213e741637b07443737217a6f094fa09ae9fd4900f600a84ee2f65c2dbddc5600e771919fde6101d04b812526cf808676111cba738d7f1216a997de9f046001a03ad6e22aa4d468e2ba6b02700697f7ed3d16002110d864e224f8f79a56bdbe5b37f3a4a99cded702903904a0c2932263f4fa6fd5fe2aeb009cc48d7d428305408804b6999c0340f5efdc293b39feaf7aec01a008c8d8a2eac701cb01cce196bea1c30220846c92b81ec0d10054bbc7667c430da20a0cb4e7bc5671122045404c5eb15a5fda76004707de632944580084984d12f300cc00b0428daf6ff08ef57cfe5a0b38099022c05cdb84ccf23d6a7b592b00cc08bcb75208b10008039b24d6c03f27e01db5bdb6cc5ddb7882b4a0ba1a70b9747c7c353cc72a35749baa1e077c07fe317f5e3061c002204c6c92e8b249e26500ee51d3eb4ace555d754f1dd1f330007b00542b75e70eb5bc947b6c9278994d12755c0947160b8030b349e2dd002e07e08ef46b317bbd7cfe5f4bf43a0cd0d8a8efde0d8d8bcb8ff83c003780cb03ef9d14462c00146093c4b7e11f12a889e4ebe89bbf0d825b930b171a935e9f04e00440558b2aad41424355a47e7c0dfc5dfe6ff34c841f0b0085d824f107f82707e647ea35f4dfb58527424364bd6e0ac4ee7f955f7832866f5f15899f9c0fff643fddec4dac762c00146493c4edf03f261891bb2b75b78327414bf43a04c00980aa97b943f1f50056c1ff989f6a1fa1d62316000ab349621980e3013caff4cf4ed8b38f27404b4af43a0450a5cfe3d291f8dc02257fdcf3008e0fbc3792822c8c40798159add7d91dced5005e04101bee9f99525d06539526562aa6fd743b0450c373ab72d622272cee5678a2a2c3f9639a01fc1fc7fb23873d001114b8f0670008fb0217fd1d1b19b8d6943b75b96893cc3900aa27b8bd18ba6b5d387f441efce3fd6cfc2388054084d924712380c9009685f3e764ed52cdb3bd142cb75b9fdde57c0a4013faedd810ae6fbd0cc0e4c07b1f45100b0015b049623580d301fc1340583ef2257101206dd2e36240ec01d084c4ddf9a1fe9632fcef71a707def328c2380740256c92e8037097dde15c03e05f00524276923d2e580b74bebb9c5e95960163c7e8eb98d803a009317b43fa9e5103e0129b242e65b2eac11e009509dc2053006c0ed5f7ecbf270782c7cb70b5488f1301d903a009a6c6560c2808c9e3809b014c61e3afc273cc08d4c72689b9f0af17f06228be5f9f5daadee39b3aa1bbc5803c1ea0be9e275623066d5ddbdb6ff122fccff7e7324df5e110804ad924b119c0357687731980d70064f4f47ba5e7ee66a05aa5b739007c04505392f6f478ee5005802b6c92f81953542ff600a85ce0069a00e09b9e7e8f382e00a45dba2b00d8fdaf25b1853dbafebe0130818dbffab100d0009b2496c0bf99d0cd00bab58d5a7a45114c350d0c51abf4b61c3027006a8aa5ac0651eee660bfdc05ff7bd44981f72c523916001a619344d926894f00380a40d0eb65f7776c62785a5657073437ebe778d803a02982d787c1b9bf05f3a5db011c6593c4276c92a8bfd5ab748a0580c6d8247113fc0b07bd10ccd78bbbb9b786e6e96918800580e664e76eebea4b5e807f611f7edad0184e02d4a0c004c16bdb4c10143bfadaa4dd7986c945b7caca812183757128328700342769efde8efec909ff44bfcf999236b10740c30237de04001fb7f7ef565733ac453add52d6484a75b488137b003427a6a0dd1ea88fe19fe8c7c65fc3d803a07136492c0570aedde13c17c0b300faecffb7feb93980d7c790344e2e2b83a09783610f80e658ca6a607535c3658d05801200d7db24f12326a37dec01d089c00d3906c0ab08ec27d077d75606a3079c03401124f87c18bce73719fef796316cfcf5833d003a6293c41a0057da1dce7701bc9cb27bd708a6a2032c0028821a3332dd428beb7a9b24becc34f4853d003a6493c4150026542766fe2a9bcc0c44ebf4b41c305702d40cd96446e1e469bfe6cf3c2ef3c80bce67e3af43822cf3914d3ddbf1cfc72eccdeb2f1f5e4a28238a6a1516633841fbf054c1aafd7ebeb219f743acfa706d4f61bd0543a7ed25f46ddb9e87da6a15fec01d0b951772e7abf60ead1a97b8f3ee60bafd5ca40b4c8eb059c15da3f0e4e0054ffa566b562efd1c77c5130f5e85436fefac739000630fe96eb5d00ced876ff92a3d3f6ec7a3f6b7bce40a6a23165654056a6b68f81e3ffeabec4468fdb573574c48563febee057a6610c2c000c2470630fda79f723ff97b575f363c94505f14c45234acb8009e3b57d0c2c0054a9b6df80c6b2b113168dbcfb9617b31987a17008c08046de7dcb8b0553a727ed3966ce6b2d49c95c28400bf43011904300aad29294ecdb73cc9cd70aa64e4f1a79f72d2f3211e3610f80418dbfe53a1f80f9390f3df3f7e4a2828ffb6eda30dde471331895d2c36240327b0054c1678942f1c42357d5f61b70ceb85b6fd0d97ed3d41d2c000c2ef0063063db7d4f1e9b91ebb08b3bb7f5652a2a54c21e00ea3de7c831c515c324db983b16fe348071181e0b0002008cb963e14f00faedbcebe105d9399b1e482a298a652a2aa2872100f600444c5d9f7ecda5e326de3ef29ec54b343e959442887300e82023ef59bc64dfb499497b8e3de1a5c6749163026a51a6834d9db80890e21ad345f79e634f7869dfb4994923ef59bc8489505b5c08883ab4e5e16763e2ab2a5ecccad97c715c75257b8b227db32e5f0a242468f6f5cb175c041416f1442aa03935cd533a76e2bf1bd333ae1ebff8fa162642ed6101405dca79f8d984b80ae72b7d72369e1f535bc3b5852375b3befd3a307c98665fbffc875381c6469ec8306a494ef1968e9bf8416346e6fc718baf6f6022d419160014b49c879f4d8a7796bd919db3e9ec98ba5a0e1f297db33ef220306b86365fbccb05f9f83ff02486496b6292af74dca4cf1b32b3e68d5b7c7d0d13a160b05b9782366ef1f57500fe98f3d0331909e5656ff4c9d978aab5a19e858052b43c11901300c3c2151f2f978c3fe2ab86ccec79e36ebd4107134548492c00a8dbc6dd7a43058033721e7a262bb1ace49dec9c4d275a1b1bb4fe98baea697a2d004e000c29775cbc5c326ee28afaecbe978ebbf5064eaca01e6101403d165843606ece43cf64c4573a9f15776e3b37bec219c564c2a454c33d0055553c7f21d09496e1291f35f693c60cf13a7ee2a7de620140bd16e811f8d396479eb3c4d4d63c90b17be7ffa514ec4d643221a6e502803d00bd52d37f5043e570e9a5e69494db039b7b11f51a27015258ecbcfb91ab53f7eeb933c3b1a3afc06b2c34c40c089f7ea8cdd7fecebb905f7899e7b01b644140c5885125d58386de37f29e5b9e6722146a2c0028acb6ddf7c409c945054f656dcb196b76f3834baf984c10567c0358b4d771273ffd1cf0de7f780e83e08db2a27cf4b86d35fd072c1873c74ddf30110a170e0150588db9e3a6ef008cdbfae053524259e98b59db738e8baeafe393033de1f301e54ea06f1fedbd763e05d0a5d6c4245fd9e8713f366465ffdfd8db6e7470530e0a371600a488b1b7dde8003067cbc3cfc6c5d6d6fc33655ffebcf4bcdde9600f54f7949569b300e024c0f609022a870cafac1938f8cde6e4943bc72fbebe89a19052580090a2026f708b002cda76df93c72694973e20eeda713457180c925627027212e0415a9253bcce11a37e6dc8ccbe7dcc1d0b7fca602414012c002862023b10cedaf2c8b3d698bada3b530af6ce4fcfdd9525f87c0ca7235a5d0c883d00904d26540e1b51563360d0ab2d49c9ffe46c7e8a344e022455d976ff92a9f1ceb287c55d3b8e89adae62817aa8334f8770ebdfb4f59a7d3ec8c79ee09fc36040cda9691ee78851ff6b14b3168ff9fb82b5bc88492df8064baa1278839cb3e591e72cd1f575b7261517cd4fdfb36ba0a5b5852b0d02da1c02a8ab375ce3ef898e912b878ed857d7b7dfabad89490f8dbfe53a0f2f5e521bf60090eae53cfc4c5a4c6ded6d89a5c57f4adfb3abbfd965e09ed3410321d8dfd1d66bcecb837cf13cdd9f1aafd58acaa1230aebb3fbbed7929cfce0b8c53770dc83548d0500694ace43cf64c6d4d5dc9e5452747eda9edd7dcd6eb7b102888981f0fdd7da7acd1b7e837cfd025d9e0e6f5414aa860e2faeebd3efbf2d49290f70795ed2121600a459390f3dd327b6b6fa1f49c545e7a6e5edce32798cd1cb2a7cf9199092ac9d17fced7790effca76ef2f7592ca81a32bcacae6fbf8f9a9353ef1d77eb0d25bc1b498b380780342bf0c67b2d806b731e7a7a406c4df59d8965a5a7a6eccdeb13d5d2acdf39036565da2a0074f008a03b2656ae1934a4a43e2bfbcbe694d47f8ebbf5af05226f41d2381600a40be36efd6b01802b0160cbc3cfc6589b1aaf8cabaab42595144d4a2a298ad5d58243a565c04849332f57d6e22a808280ba3efd9aebfaf4dbd894966e77c5c5bf327ef1f52d99bcd54847580090ee8c5f7c7d0b806702bfb0f581a726c4d4d5dc10ef2c9f9bba2f6f80b5b151dbbd035a5b0ba04a1b05802b3e5eae1e38a4a051cc5cde9294f2ccd8db6fdcaca17e16a26e630140ba37f6f61b37637fefc023cf59a29a1ae7c555575d9a54523439a9a8205e6bbb15ca6565d05405a3d21e00591050d76f40635d9f7eeb9b52d3de71c7c5bfc9c7f5c848580090a104dee05f0dfc42ce43cff4b336365c1653577b727c85735c527161aaead71c28610f404f78a263e4babefdab1b33c49c96a4e4af5cf1096f8fbbf586a214de1664507c0a80a88d2d8f3c6b8d6a6ef9637443dd39b15595d3924a8afbc5d654a96b9f82d1a320bcf692663295cffb1350acfc44f9e694346f5d9fbe45cd69e9ab5b13923e76c7c67cc8e577897ec70280a80bdbee5f32cdda586f8bada9393ede59363ca1bc2cdeec8e603b929a0a61e9279ac94f3ee124a0b925ac3fc31b654543665663a398b5bb392565852b3ed13ee6ef0b56f3ea25ea180b00a26edaf2c8b3564bab6b4e5473d35c6b63c39498da9a11f115ce8cb8ea4a8b224f1b0802841f960356abfac36a6ef11700213cf6a6d4744f638658d19294bcdb9590b8d61d1bb7dc136dfd9e9fee89ba793bb100200a8d9c879ee913d5d27c7a5453d3b1d1f57513636baa0626949725453537857c4e81f0febbc080feea0fa5b8c43f04d003eed838b941ccaa6f4e4ddbd79a98b8c91d17ff3f774cec675c7887283458001085d9d6079e1a6776b51e6d696d9d18d5d23c2aaaa971607443bd18535b9b185b536d117cdeeedfb84f3d014c9dac8183df06f9ca6bdafd27d96446734a8aa72539a5be3521d1e98e8bdfe78e89dde98d8edee4b146af0e3cbd414461c2a70088c26ceced37e600c869efdfb63cfc6c8cd9e39e62696d9d66696d196f696e1e6e6d6aec17d5dc946c696989896a6eb25a1b1bcd87cd3950f95a005e5986cb2b7bdd758d2ef790612deed8b85a575c7c91273676b7273a668bc71abdd61b15b566fce2eb5be279891045047b00883420e7e167d24c1eef30c1eb196cf678069aa64ded673e6666b6591044b320a4994d483609428c09b008022c0204b34980451004934980d904984c8220988403bf0b26c13f32e19365f864c83e59967d327c3e59967d80cf27c32bcbb2cf27c32343f6ca323c3ec0e393e516af0fb55e59aef2cab2d32ba3d427cb453e19fb7cb29cef93913b2e3d8e3be111a9dcff03e77aa3344b8ab2040000001974455874536f667477617265007777772e696e6b73636170652e6f72679bee3c1a0000001274455874455849463a4f7269656e746174696f6e00318458ecef0000000049454e44ae426082, 5);
INSERT INTO `employee_files` (`id`, `created_at`, `created_by`, `updated_at`, `updated_by`, `mime_type`, `name`, `new_id`, `new_name`, `pic`, `employee_id`) VALUES
(5, '2021-03-28 19:20:29.079348', 'admin', '2021-03-28 19:20:29.079348', 'admin', 'image/png', 'femaleuser1.png', 'd5ea1f94-dfec-497e-8784-43e61dc5f17eemployee', '963453453V-2021-03-28T19:20:29.078360400', 0x89504e470d0a1a0a0000000d49484452000000d3000000ef08030000005f61113d000000ff504c5445f7f7f7ff690fffdeccffa8bef7faf9f7c5aaffa1b9ff386aff6000ff6600ffa5bcffe4d4ff6300ff5e00ffdfcefffffff7fdffffacc1f6fffff6cab0ffceb5ffe4d0ffb8caffd6c0ff2362f7f4f2ffddc9ffd2bafe7932ffbccdffb3c6ffdacbfcc6d3ff6d17f8ede7fd986cffa67cffb18cff7122ff884effd2c9fbb89dffc4a7ffa175ff8e58ffc5a9ff1f5dffc1c4f8eef0f9e1e7f8e3d9ff7c38ff8142fbb093ffa0a5fbd0dafd9362f8e7dfff8a52f9d1c1ffaf8aff752bffb0afff949dff6883ff557eff93aaff819cffc8befbcdd8ffbeb8ff7188ffa5a7ff7e90ff5c7dffe7edff7694ff97adff4975ff406fff8d65ffa590ff876fff9796ff6c8e9e639073000010bd49444154789ced9d0b57db3816c789e304cbafb103262f48080142205028498102d316da994e996df7d1efff5956f233b62559b22d87eee67f4edb534824ff72afaeae9ed9d8586badb5d65a6badff6fc9f2aa9fa03cc996d5b2ba077777770707dd966559ab7ea082820477f78bf1754d570c28451f4d0e1b6f2deb973599d53a688c6b86a103500b05201d38bbff25ad25b70ea6d7d030359c74032cbabf1a9565f5278602b04001d6e12f45657517c0a0017954ca796bd54fca2aabfb60285940ae8cc9af612a6b634168443853815f21065a0dc066234fc0986edf9b07f22b0e83d6dbb9c141e49a0a755ce0fd427ba558f243766420d84b37460f07afcf0dadb7bb3c6e87c11adfbd325bb5a6798d144a371e365e15d52d6f4bc249190d5f4d9f65dd3d320770aa80b1782550d6502fea77a18cdb5711295a8d32fc2e903e7f0550303a948884a0564db4d13a2a1709424d566ca9d643d94830fcddae34508840828162b1c27eaaecb614420d570665951af19605baab421a8a42aae92b6a52f25d9ea455df657a99b1bd12efeb1ee7c81e94db31dbbb56e27dd62c478ea78cfb8cc6d50fab3794b5c8d1988c436dce6a5ce3aeeaae37577c308eb429731b04958789ee88bf3129534d1a717c026fab456a8db91b13d0cf358de76d6056a9a1ac7b6ecf03605b33b7b9a27fb586ea723b1e18b54dc979e47a9f3eaed050d621afe781e39e2969bc6f330eaa637acb3d35792d9912a7e7a1b755979fb7ae395d4f9f9b1089d3f35c55d54559db9c66d2df6b9224696734cf1b617f6adc570425f311c1140f2199a7b44f02f4b136ac2a9c5beca9808734d64cc8d4a3bdc6981272a6aaa2045ff032ce9095246d42694cca99468889ca79155182d34c306b75910e29ef42ed8d1014c1a40ae793b98297f1e02299e794c6041ea16f9a26a1800a9c8fcf4c301177917a940f02d4daa8bd6933ec6baa703e8b271f37161e9246ebd0f46dd37dd111b6415510f9649ee4154633c96d4cb794b0629c7a2f32db7807d0858fe15bb4f045785a8d36fb1c70c397e1d30cf1ddee1dbb994203d0e283dfe024729e217c5ec27a60ee9c8cf3c0a72896f523bdcf8e8fe68f8299d803b9721e3c2d65c66c19094673fc0b054773f6081120990e659ec84f3142e7234473b1b39716eb7482def09f9616f2124892b95849836245da0e90282951ccf15cf5f00d6a572413abeb81108912c5fdac29e67c84dc5c640f655147751824ca9069298847ce874f258ca1c01e8a6d301821e183b32b659a4692a436f633d0a7029d8f696a254432fb44aba2e94b0c12c1f9c0ad38260b1f979248a68fd406a4280e467d2c926462bb74702c8e8925d7d343a41e3181d7777b261689e47c02834437db4c4b48c4f441796f929008ce670c4521c9d9ab331192449ccb4bf6b471e7c3463ee55494f359d32c3b854892491a04027cc00bd5c37d6ee232090b9f8ee19108f83a293a84ce87ab044c4431c92366a43901499948c4a6e4bff514d7a78d4475ba07f4e604329100261d4a1b0af74e51818f9eec816c247dd4c846c28f76452dae514304039231cbf23befed7dcc47a7089a9370c74e80e0559948405f3018c935d47217757caca3e244657c16ac4bb9ddc62664a01ff44b042465de664492cca54951e5546b8f1571c15c8648871a6e120ed44224091bc4817ea4b1f89d5fc828623a374ded48a9819918a6ae01e6d8857377f5d947dac52119136623212dad7028e8c3825d96a8a1ee5b037d6a69a625a41e2e21d26b530e2321f54226bd878aed4343096182a17ce460e6e0c07188d4c6a4adc0183385bb98a1a279196f9de71a88e9a0ac5363a6a599f4c75e88941e5c00639e910be164065bc7c0b5c734d6c5eca7b21628a14ea62efa75306e30fbb51492f278cae976bea1fca40fdc7acb2247ba98d1867588e6ae124ccac4091e633b35aa55463cd12e66287f615ff766cbcca9aef485d8e9d6658af99e711bae49247d12e4278a0ca54fcd8049c8ca9af55e394bacba46938e5a624b36301e17f989a4a01a255c6d1393485873fd36ce6484d94e626a525726f9da5124ed16194af10a811d96fe2084e91145a13024c17c289cced20e8d65a0e3c376412214445172b9ebafc9cd803e16c1248f00803d60dbef3af4c7a05b82a1364002ba321a9f6b8589242f99f0c39ee48c044df1a174efd40cfa786516c67069620000745d516a93876da70c20542cccfaf423af39a13ce2bd904442a9e9634dd2801bd4a2c96e73319bcc27b3f1e1b46f9662a1a0dc53c30f11da0334d95c0813723098251f43bf3bde5e4a0e20892bf2a45d3e6933c30f11bb40d00268d74013f7261cb119e3b21f1fafdedcdf0283c2d24814130c44da6c849fbe2f5f66cffd477befbabb082677d648996aa7dc69767e28f72f2f4f12c7541b99d5f85d247f5b8f2e8e0985be6a911ebc4e5e11c7146e4ea948612e269229c82b2b420af7c008658af6095481140e9d85b4a76e98a72abc7326fc2cdedfda6934ce14c2b411e5dec6fb6d37711086d46ba3f2dbcbd7378899385aaec0b81e1fce8e4441690fc6ecf06c1ebbf349481e21c76623611eae1f8b6a57da31caf363d31b8296ded3b3425331863231bb88c1b5983161aa9e5d3186c2ed2115b3fa69ed5664289c99042d0258e99d0be05184a11cdcc60a20643e02b7eaae60f67615155a9a494bcc0294853dd29df180a6e33826e5ff3861372c8839b0863d42a8d3f6a448cef0f7771fbefe2139de0434fce78faf1fdefd3e7428ef216cc856c4cc59623785197de2c7ee9cfcd9f1f4f1eb3db4cfc9d78ffeffff3c21526157a86ba2f6f9e2cf9e8039c950cebbce66a04e67f31bfa2bfcff3b1214e9608798ad9632fe3e01529870fe8a10d2eafc8587c207889ab00d12845d617a1beb7dceb7cef38f8b0e0eac73f17df31b9689740c45d4461699705283e07dced78be66f2f7b4f9f3a17179d4817179b7f0f2effee7cc03291ef611093962f0da012de47d844b47961ff86f472b357ffc7d333d493ba7773097ff2dce99c6091889bd1c5a47b944dcbf8d1bcf3a173f1bcf15b5a2f9f3a9b1f716632c997f088dae56b11b7198e7ad8c681e25df3254174f57c017ffe19f729f44624a49a98e527b4f849dcb33bc1799ff37b07c5836fcd2f978185f69fbe5f7448518f76a989982e977af449c1a6137e384771e1c7f74fdf7f748230f8036756ed8c72f652d459350bbb03d2af13bbe9cbf988eda3b09e473d9f5733ee8420d1f7242ae7d838f1270eea33c6f368c720a074517b47a947090136f183c12f69a46ff71824137f823f2c5ccc8a1a12ad5effe0700aea73ccff3a9bd84ccf6ca7f7c0c4cc74266c2f36f5260cf772122cd55f9b4116f1edab8945221f83f0242aec651ebc2341c171d3091c47bd8b065229a4ac7bc7c49d6dc83a074084f2c6b7a4016e3692c033289927efa2ad7c1cc26d914b962b28db43cad834bfbc3196591a668b5c52220f7e5a994e423a7f46463a67b8015869086422667c4bf5b36e23f79098ee961579695df661a19a7bbc89d5ffcc68a71255c24ea020315db9a7cc89e12f81d4261dbf894bcc1c6c2086c37735745c90ed60468ff17e7091cd6963a3c5746f23d8ddea3330f5b71e99908425e59e980eb322a64623c3ffcc5ea3b1c576a9aad8e3ee2ca72403a606dd54fd063393a8717b20a606e531351ac4a4c26cbbbf6764127ada1daa95754c72998940e513b1fb9ee02b66982e6c8a98209514db7305ffd30e7fc7c6246eece48b34194b6482edaa17529966afbff41b3626f15701b518ae3a04d75223a6ad76bbd7ebb5db5bf11f9be915625c698289d8a239da879e787c8cb6dc7dae9912ee7a1b4c5748b87bebdb1948307c3031891be246ca1e6f78a796cc1ecd545b68369a8549e4d5111153b6f3f97b4128a6f2623ce17eb098aab94c353bf229e1711b3c55dbff2df5ea445fd55c679999c7c616d9d254ede897da24cbe6155df76dd16781532b37b108bed58efd8e7c71466026c1795128baf3e9c96916983af421d7d656bf9d1c5765cdbf82dd8aee90a6df1fad6027594c13bf2fddec13efd671cd54d97737d0a204ef566d337db47259d5dd204dbe12887ff739ee086c64f3ca9888234390679b36655a42f428635984abbef53c53cba8ad4df091d4a8ce4ca42f03c8be3f86a4d819cbc84a42b62a13d54a676a207d432007d4792ded7f46bf52a6f40a47fc381eb7ccde2c59229857fc8d2189d057c2713c6d9a3055d55f1892184629bb251c4b317be3e58dfffa61e5dfffd48ab678eae028738f2b93b4edf9d25786aee09b9282993e5d39eb95b579d9d44e1ffdb06edcafe01bad2cf71265a0dc725d1f934db53876ef33aaf20b5096a0263a00ff2c7e5a3f49e5fceb5807abf03c28f900fc5bb5cb3fdc30acdbff793457f15d6ab27c79b353afab3bb4bde279e4eca8f5facede955cf57774c9f2d55e53ddab4328ec26d0023a8148f51db569df5c5688054df4a5de4455dbe84fc986b2fd72eb6a1319ab0a2ce4730317086a0ffeabbe2913ca79838adcf18a579beabe70ac185008352c9169880adc8b2a50d5fafe8b302c58f0cb971810d40079c9a03c433903e47983581d08eb6aa3742cc87379b5874a4fc8464cea9bd298de04ad342ee8847b286494c5854abada87064a01b9cee7565996f70ddd3a767015a93012ee5f758b73c112ba575f066a13cbe356855a5459dee77a9e5722be32b53928c4e5fa1bb40f99c7ab077daaeae75298de785d13bdbe26e2cae587b053ddb709fe1697dba04bf13ecff306f4ea7c7bd9fbbc8986bc7163b3f020d9aefb97e07daee7e11b1396cbbed9e0a0926fea8c40ee539414fbbc98c7cae462ddb042c9dd0c974e16ed3e4661eff3631e57d5cdc1251395fcc2632424b793aadb0599eca82876a9ea1503947cc5491444df62799f9be7c5b2224635b3a1e4972677b101549151c7895aa7764d45a02e73945af7d3897a0126efa3c9557733a34dc9837c4c5ede977bccebb8d5f236a65074a42ff990829e376793f21a134b6f8b95ba4733d4658ec6e4337950f99ad4891a159147b42625f3f50ecb52773cc7c9c5e4bed3ce5f79dd2632e58a791194fb778e1cc96b4c9cbd6d5c64431530533d68e1fc4d2a684c790384573989297f6b72e53507ee26e53526e6dc152f523a21ef173153d86372267e5e9a97abb78dd54d602a546af4607c899f5d06122ce1128b7455ccf5c247e389135e7c288e54c70f3b8aba9e2bceaeb76067bb247507cb54bce0304e3042f9486530d5556cd42bc14c619c600b7e27a5c4074fb82e4abe29a3642ea83291eaea170c5339457344743f8a97d18c91300d4a2ed48f2f29f8dcb3a086b15797a07473ea9656b69f12d874a8e1f26bcb10a6872a92bf26e4a76ef4bed77f4d1921cf533a3d2a294478a5ef64420dfd5714ca9a13b5a67addfc235c5cf1fec40211ca47aa97d79850b0493195597c04856f53229030814f2ecfb191d43dffb171507e782819293d862a25335a52d0a6d4d4ad748e3f602ab32d794ac5bdb22b5007de905c4d5c28e37cf67ebc9373d68d526332989792edc5e51b229ed0fa69ab5a5ebf14aa9987e91f9c950469d26089699033c763a8bbf992684e2c03c267cee708a1ea7ea3724eea79d35686ba939939d36ac6dfdc2961f0f0befff9c3a51c48f6df0c95f133d94fcfbc4f12c574d53e714eec0201eff929f3034d26120ca991fdf389ff51208c4fa0fa712e08f27cb29f7e0a61fa9133cb8d795adeb145f33b3f5376baa776723d4c62592977eed0c97ec02fdc4ccf9b79478db0fb0d4616b93b5a7bf339b39a2453e608dafe996d7db206ee36d3021dadfd3db34125137306a6cd4f4546f7f660afd02cbffde947f94ccd4e76e41128fb5b272b447133d9cf2b66fad979ce78093fd3cf953365d59f666ad255ef5cfc54335e2352eacf8bcd7ac66b928377f97f411b6badb5d65a6badb5d65a6badb5d65ae2f45fa0cd06ef85bdb9c60000000049454e44ae426082, 6);

-- --------------------------------------------------------

--
-- Table structure for table `payment`
--

DROP TABLE IF EXISTS `payment`;
CREATE TABLE IF NOT EXISTS `payment` (
  `id` int(11) NOT NULL AUTO_INCREMENT,
  `created_at` datetime(6) NOT NULL,
  `created_by` varchar(255) NOT NULL,
  `updated_at` datetime(6) NOT NULL,
  `updated_by` varchar(255) NOT NULL,
  `amount` decimal(10,2) NOT NULL,
  `number` varchar(255) DEFAULT NULL,
  `payment_date` date DEFAULT NULL,
  `payment_method` varchar(255) DEFAULT NULL,
  `payment_status` varchar(255) DEFAULT NULL,
  `sample_receiving_id` int(11) DEFAULT NULL,
  PRIMARY KEY (`id`),
  KEY `FKjrgj4j0fxoolb4qsx9jjkr5y5` (`sample_receiving_id`)
) ENGINE=InnoDB AUTO_INCREMENT=22 DEFAULT CHARSET=utf8mb4 COLLATE=utf8mb4_0900_ai_ci;

--
-- Dumping data for table `payment`
--

INSERT INTO `payment` (`id`, `created_at`, `created_by`, `updated_at`, `updated_by`, `amount`, `number`, `payment_date`, `payment_method`, `payment_status`, `sample_receiving_id`) VALUES
(2, '2021-03-31 11:01:58.540065', 'sarithag', '2021-03-31 11:01:58.540065', 'sarithag', '0.00', 'GRIP210001', '2021-03-31', 'CASH', NULL, 1),
(5, '2021-03-31 16:13:23.146138', 'sarithag', '2021-03-31 16:13:23.146138', 'sarithag', '0.00', 'GRIP210004', '2021-03-31', 'CASH', NULL, 1),
(6, '2021-03-31 17:31:12.431372', 'sarithag', '2021-03-31 17:31:12.431372', 'sarithag', '0.00', 'GRIP210005', '2021-03-31', 'CASH', NULL, 2),
(7, '2021-03-31 18:07:03.087011', 'sarithag', '2021-03-31 18:07:03.087011', 'sarithag', '0.00', 'GRIP210006', '2021-03-03', 'CASH', NULL, 2),
(8, '2021-03-31 18:07:50.943744', 'sarithag', '2021-03-31 18:07:50.943744', 'sarithag', '0.00', 'GRIP210007', '2021-03-02', 'CASH', NULL, 3),
(9, '2021-04-01 17:05:36.124344', 'sarithag', '2021-04-01 17:05:36.124344', 'sarithag', '400000.00', 'GRIP210008', '2021-04-01', 'CASH', NULL, 10),
(10, '2021-04-01 17:42:20.615416', 'sarithag', '2021-04-01 17:42:20.615416', 'sarithag', '0.00', 'GRIP210009', '2021-04-01', 'CASH', NULL, 3),
(12, '2021-04-01 18:00:52.963003', 'sarithag', '2021-04-01 18:00:52.963003', 'sarithag', '0.00', 'GRIP210011', '2021-04-01', 'CASH', NULL, 13),
(13, '2021-04-01 18:01:31.525346', 'sarithag', '2021-04-01 18:01:31.525346', 'sarithag', '0.00', 'GRIP210012', '2021-04-01', 'CASH', NULL, 13),
(19, '2021-04-13 22:57:03.460902', 'sarithag', '2021-04-13 22:57:03.460902', 'sarithag', '450000.00', 'GRIP210013', '2021-04-13', 'CASH', NULL, 18),
(20, '2021-04-13 23:00:46.718709', 'sarithag', '2021-04-13 23:00:46.718709', 'sarithag', '75000.00', 'GRIP210014', '2021-04-13', 'CREDIT', NULL, 17),
(21, '2021-04-13 23:03:51.339427', 'sarithag', '2021-04-13 23:03:51.339427', 'sarithag', '12500.00', 'GRIP210015', '2021-04-08', 'CREDIT', NULL, 9);

-- --------------------------------------------------------

--
-- Table structure for table `role`
--

DROP TABLE IF EXISTS `role`;
CREATE TABLE IF NOT EXISTS `role` (
  `id` int(11) NOT NULL AUTO_INCREMENT,
  `created_at` datetime(6) NOT NULL,
  `created_by` varchar(255) NOT NULL,
  `updated_at` datetime(6) NOT NULL,
  `updated_by` varchar(255) NOT NULL,
  `role_name` varchar(255) NOT NULL,
  PRIMARY KEY (`id`),
  UNIQUE KEY `UK_iubw515ff0ugtm28p8g3myt0h` (`role_name`)
) ENGINE=InnoDB AUTO_INCREMENT=10 DEFAULT CHARSET=utf8mb4 COLLATE=utf8mb4_0900_ai_ci;

--
-- Dumping data for table `role`
--

INSERT INTO `role` (`id`, `created_at`, `created_by`, `updated_at`, `updated_by`, `role_name`) VALUES
(1, '2021-03-28 18:15:03.388511', 'anonymousUser', '2021-04-03 00:36:17.341865', 'admin', 'ADMIN'),
(2, '2021-03-28 18:15:03.835106', 'anonymousUser', '2021-03-28 18:15:03.835106', 'anonymousUser', 'SQA'),
(3, '2021-03-28 18:15:03.895476', 'anonymousUser', '2021-03-28 18:15:03.895476', 'anonymousUser', 'QA'),
(4, '2021-03-28 18:15:03.944354', 'anonymousUser', '2021-03-28 18:15:03.944354', 'anonymousUser', 'TM'),
(5, '2021-03-28 18:15:04.005430', 'anonymousUser', '2021-03-28 18:15:04.005430', 'anonymousUser', 'LA'),
(6, '2021-03-28 18:15:04.040822', 'anonymousUser', '2021-03-28 18:15:04.040822', 'anonymousUser', 'CA'),
(7, '2021-03-28 18:15:04.076603', 'anonymousUser', '2021-03-28 18:15:04.076603', 'anonymousUser', 'HR'),
(8, '2021-03-28 18:15:04.116549', 'anonymousUser', '2021-03-28 18:15:04.116549', 'anonymousUser', 'ACC');

-- --------------------------------------------------------

--
-- Table structure for table `sample_receiving`
--

DROP TABLE IF EXISTS `sample_receiving`;
CREATE TABLE IF NOT EXISTS `sample_receiving` (
  `id` int(11) NOT NULL AUTO_INCREMENT,
  `created_at` datetime(6) NOT NULL,
  `created_by` varchar(255) NOT NULL,
  `updated_at` datetime(6) NOT NULL,
  `updated_by` varchar(255) NOT NULL,
  `amount` decimal(10,2) NOT NULL,
  `batch_no` varchar(255) DEFAULT NULL,
  `number` varchar(255) DEFAULT NULL,
  `sample_code` varchar(255) DEFAULT NULL,
  `sample_receiving_status` varchar(255) DEFAULT NULL,
  `compound_id` int(11) DEFAULT NULL,
  `customer_id` int(11) DEFAULT NULL,
  `discount_ratio_id` int(11) DEFAULT NULL,
  PRIMARY KEY (`id`),
  KEY `FKnx9yk0isw7j2qrdrlmnqfkvw7` (`compound_id`),
  KEY `FKabotpy92dim50i8xar6dxct27` (`customer_id`),
  KEY `FK8x0822y3hdlctbsvffntygivh` (`discount_ratio_id`)
) ENGINE=InnoDB AUTO_INCREMENT=19 DEFAULT CHARSET=utf8mb4 COLLATE=utf8mb4_0900_ai_ci;

--
-- Dumping data for table `sample_receiving`
--

INSERT INTO `sample_receiving` (`id`, `created_at`, `created_by`, `updated_at`, `updated_by`, `amount`, `batch_no`, `number`, `sample_code`, `sample_receiving_status`, `compound_id`, `customer_id`, `discount_ratio_id`) VALUES
(1, '2021-03-30 23:05:55.644398', 'sarithag', '2021-03-31 16:13:23.157482', 'sarithag', '0.00', 'B0001', 'GRIR210000', 'GRIS210000', 'PAID', 1, 1, 1),
(2, '2021-03-30 23:06:31.463523', 'sarithag', '2021-03-31 18:07:03.131890', 'sarithag', '0.00', 'B0002', 'GRIR210001', 'GRIS210001', 'PAID', 2, 1, 1),
(3, '2021-03-30 23:06:42.850933', 'sarithag', '2021-04-01 17:42:20.650658', 'sarithag', '0.00', 'B0003', 'GRIR210002', 'GRIS210002', 'PAID', 4, 1, 1),
(4, '2021-03-30 23:06:58.140864', 'sarithag', '2021-03-30 23:06:58.140864', 'sarithag', '0.00', 'B0004', 'GRIR210003', 'GRIS210003', 'ACTIVE', 4, 1, 2),
(5, '2021-03-31 09:55:38.658196', 'sarithag', '2021-03-31 09:55:38.658196', 'sarithag', '0.00', 'B0001', 'GRIR210004', 'GRIS210004', 'ACTIVE', 1, 1, 1),
(6, '2021-03-31 09:57:01.978659', 'sarithag', '2021-04-12 16:08:25.671393', 'admin', '150000.00', 'B0002', 'GRIR210005', 'GRIS210005', 'PPAID', 2, 2, 2),
(7, '2021-03-31 09:58:08.441716', 'sarithag', '2021-03-31 09:58:08.441716', 'sarithag', '450000.00', 'B0004', 'GRIR210006', 'GRIS210006', 'ACTIVE', 3, 2, 2),
(8, '2021-03-31 09:58:41.234084', 'sarithag', '2021-03-31 09:58:41.234084', 'sarithag', '675000.00', 'B0008', 'GRIR210007', 'GRIS210007', 'ACTIVE', 6, 2, 3),
(9, '2021-03-31 09:58:57.918150', 'sarithag', '2021-04-13 23:03:51.341459', 'sarithag', '12500.00', 'B0009', 'GRIR210008', 'GRIS210008', 'PAID', 10, 2, 4),
(10, '2021-03-31 09:59:14.224254', 'sarithag', '2021-04-12 16:21:58.523659', 'admin', '450000.00', 'B0010', 'GRIR210009', 'GRIS210009', 'PAID', 6, 2, 2),
(11, '2021-03-31 10:00:38.366799', 'sarithag', '2021-03-31 10:39:43.622675', 'samindak', '390000.00', 'B0011', 'GRIR210010', 'GRIS210010', 'DISABLED', 7, 2, 2),
(12, '2021-03-31 10:00:51.887691', 'sarithag', '2021-04-01 17:57:17.555658', 'samindak', '115000.00', 'B0012', 'GRIR210011', 'GRIS210011', 'ACTIVE', 4, 2, 2),
(13, '2021-04-01 17:48:37.841554', 'sarithag', '2021-04-01 18:01:31.526932', 'sarithag', '0.00', 'B0020', 'GRIR210012', 'GRIS210012', 'PAID', 11, 1, 1),
(14, '2021-04-02 00:20:57.194820', 'sarithag', '2021-04-02 00:20:57.194820', 'sarithag', '0.00', 'B0000', 'GRIR210013', 'GRIS210013', 'ACTIVE', 1, 1, 1),
(15, '2021-04-02 00:28:14.958756', 'sarithag', '2021-04-02 00:28:14.958756', 'sarithag', '0.00', 'B00012', 'GRIR210014', 'GRIS210014', 'ACTIVE', 1, 1, 1),
(16, '2021-04-02 21:11:53.143966', 'sarithag', '2021-04-02 21:11:53.143966', 'sarithag', '75000.00', 'B00006', 'GRIR210015', 'GRIS210015', 'ACTIVE', 1, 2, 2),
(17, '2021-04-13 02:21:36.414452', 'sarithag', '2021-04-13 23:00:46.757604', 'sarithag', '75000.00', 'B0021', 'GRIR210016', 'GRIS210016', 'PAID', 1, 1, 2),
(18, '2021-04-13 22:19:27.457506', 'sarithag', '2021-04-13 22:57:03.535701', 'sarithag', '450000.00', 'B0413', 'GRIR210017', 'GRIS210017', 'PAID', 3, 2, 2);

-- --------------------------------------------------------

--
-- Table structure for table `sample_receiving_lab_test`
--

DROP TABLE IF EXISTS `sample_receiving_lab_test`;
CREATE TABLE IF NOT EXISTS `sample_receiving_lab_test` (
  `id` int(11) NOT NULL AUTO_INCREMENT,
  `created_at` datetime(6) NOT NULL,
  `created_by` varchar(255) NOT NULL,
  `updated_at` datetime(6) NOT NULL,
  `updated_by` varchar(255) NOT NULL,
  `acceptability` varchar(255) DEFAULT NULL,
  `lab_test_name` varchar(255) DEFAULT NULL,
  `live_dead` varchar(255) DEFAULT NULL,
  `remarks` varchar(255) DEFAULT NULL,
  `sample_receiving_lab_test_status` varchar(255) DEFAULT NULL,
  `sample_receiving_id` int(11) DEFAULT NULL,
  PRIMARY KEY (`id`),
  KEY `FK8j57592pe714f474p7uyl6o61` (`sample_receiving_id`)
) ENGINE=InnoDB AUTO_INCREMENT=55 DEFAULT CHARSET=utf8mb4 COLLATE=utf8mb4_0900_ai_ci;

--
-- Dumping data for table `sample_receiving_lab_test`
--

INSERT INTO `sample_receiving_lab_test` (`id`, `created_at`, `created_by`, `updated_at`, `updated_by`, `acceptability`, `lab_test_name`, `live_dead`, `remarks`, `sample_receiving_lab_test_status`, `sample_receiving_id`) VALUES
(1, '2021-03-30 23:05:55.652376', 'sarithag', '2021-03-31 10:31:31.219246', 'samindak', 'ACCEPT', 'PYSIC', NULL, NULL, 'RESULTENTER', 1),
(2, '2021-03-30 23:05:55.654371', 'sarithag', '2021-03-31 10:41:07.697512', 'samindak', 'ACCEPT', 'RHEO', NULL, NULL, 'RESULTENTER', 1),
(3, '2021-03-30 23:05:55.655369', 'sarithag', '2021-03-31 10:43:32.859457', 'samindak', 'ACCEPT', 'VIS', NULL, NULL, 'RESULTENTER', 1),
(4, '2021-03-30 23:06:31.465518', 'sarithag', '2021-03-31 10:14:04.511524', 'samindak', 'REJECT', 'PYSIC', NULL, NULL, NULL, 2),
(5, '2021-03-30 23:06:31.467515', 'sarithag', '2021-03-31 10:43:01.916423', 'samindak', 'ACCEPT', 'RHEO', NULL, NULL, 'RESULTENTER', 2),
(6, '2021-03-30 23:06:31.468511', 'sarithag', '2021-03-31 10:43:41.669670', 'samindak', 'ACCEPT', 'VIS', NULL, NULL, 'RESULTENTER', 2),
(7, '2021-03-30 23:06:42.852930', 'sarithag', '2021-03-31 10:32:46.829817', 'samindak', 'ACCEPT', 'PYSIC', NULL, NULL, 'RESULTENTER', 3),
(8, '2021-03-30 23:06:42.853924', 'sarithag', '2021-03-31 10:43:16.796158', 'samindak', 'ACCEPT', 'RHEO', NULL, NULL, 'RESULTENTER', 3),
(9, '2021-03-30 23:06:42.855920', 'sarithag', '2021-03-31 10:44:34.618642', 'tharushaw', 'ACCEPT', 'VIS', NULL, NULL, 'RESULTENTER', 3),
(10, '2021-03-30 23:06:58.142859', 'sarithag', '2021-03-30 23:06:58.142859', 'sarithag', 'PENDING', 'PYSIC', NULL, NULL, NULL, 4),
(11, '2021-03-30 23:06:58.144852', 'sarithag', '2021-03-31 10:53:35.949901', 'samindak', 'ACCEPT', 'RHEO', NULL, NULL, 'RESULTENTER', 4),
(12, '2021-03-30 23:06:58.146848', 'sarithag', '2021-03-31 10:52:33.162364', 'samindak', 'ACCEPT', 'VIS', NULL, NULL, 'RESULTENTER', 4),
(13, '2021-03-31 09:55:38.701134', 'sarithag', '2021-03-31 09:55:38.701134', 'sarithag', 'PENDING', 'PYSIC', NULL, NULL, NULL, 5),
(14, '2021-03-31 09:55:38.708870', 'sarithag', '2021-03-31 10:53:47.182800', 'samindak', 'ACCEPT', 'RHEO', NULL, NULL, 'RESULTENTER', 5),
(15, '2021-03-31 09:55:38.713311', 'sarithag', '2021-03-31 10:44:43.122722', 'tharushaw', 'ACCEPT', 'VIS', NULL, NULL, 'RESULTENTER', 5),
(16, '2021-03-31 09:57:01.978659', 'sarithag', '2021-03-31 10:33:13.051545', 'samindak', 'ACCEPT', 'PYSIC', NULL, NULL, 'RESULTENTER', 6),
(17, '2021-03-31 09:57:01.988565', 'sarithag', '2021-03-31 10:54:21.430381', 'samindak', 'ACCEPT', 'RHEO', NULL, NULL, 'RESULTENTER', 6),
(18, '2021-03-31 09:57:01.994001', 'sarithag', '2021-03-31 10:45:28.543243', 'tharushaw', 'ACCEPT', 'VIS', NULL, NULL, 'RESULTENTER', 6),
(19, '2021-03-31 09:58:08.454604', 'sarithag', '2021-03-31 10:33:41.367437', 'samindak', 'ACCEPT', 'PYSIC', NULL, NULL, 'RESULTENTER', 7),
(20, '2021-03-31 09:58:08.460498', 'sarithag', '2021-03-31 10:54:32.303953', 'samindak', 'ACCEPT', 'RHEO', NULL, NULL, 'RESULTENTER', 7),
(21, '2021-03-31 09:58:08.473003', 'sarithag', '2021-03-31 10:52:45.541039', 'samindak', 'ACCEPT', 'VIS', NULL, NULL, 'RESULTENTER', 7),
(22, '2021-03-31 09:58:41.243440', 'sarithag', '2021-03-31 10:34:24.235331', 'samindak', 'ACCEPT', 'PYSIC', NULL, NULL, 'RESULTENTER', 8),
(23, '2021-03-31 09:58:41.249331', 'sarithag', '2021-03-31 10:54:48.602855', 'samindak', 'ACCEPT', 'RHEO', NULL, NULL, 'RESULTENTER', 8),
(24, '2021-03-31 09:58:41.261795', 'sarithag', '2021-03-31 10:53:01.909150', 'samindak', 'ACCEPT', 'VIS', NULL, NULL, 'RESULTENTER', 8),
(25, '2021-03-31 09:58:57.926116', 'sarithag', '2021-03-31 09:58:57.926116', 'sarithag', 'PENDING', 'PYSIC', NULL, NULL, NULL, 9),
(26, '2021-03-31 09:58:57.926116', 'sarithag', '2021-03-31 10:55:08.955728', 'samindak', 'ACCEPT', 'RHEO', NULL, NULL, 'RESULTENTER', 9),
(27, '2021-03-31 09:58:57.934196', 'sarithag', '2021-03-31 10:53:11.013692', 'samindak', 'ACCEPT', 'VIS', NULL, NULL, 'RESULTENTER', 9),
(28, '2021-03-31 09:59:14.233782', 'sarithag', '2021-03-31 10:34:51.479168', 'samindak', 'ACCEPT', 'PYSIC', NULL, NULL, 'RESULTENTER', 10),
(29, '2021-03-31 09:59:14.244188', 'sarithag', '2021-03-31 10:37:39.161459', 'samindak', 'REJECT', 'RHEO', NULL, NULL, NULL, 10),
(30, '2021-03-31 09:59:14.253221', 'sarithag', '2021-03-31 10:39:56.216887', 'samindak', 'ACCEPT', 'VIS', NULL, NULL, 'NOTRESULTENTER', 10),
(31, '2021-03-31 10:00:38.368791', 'sarithag', '2021-03-31 10:15:17.742921', 'samindak', 'ACCEPT', 'PYSIC', NULL, NULL, 'NOTRESULTENTER', 11),
(32, '2021-03-31 10:00:38.368791', 'sarithag', '2021-03-31 10:37:48.560185', 'samindak', 'ACCEPT', 'RHEO', NULL, NULL, 'NOTRESULTENTER', 11),
(33, '2021-03-31 10:00:38.375054', 'sarithag', '2021-03-31 10:39:43.621674', 'samindak', 'REJECT', 'VIS', NULL, NULL, NULL, 11),
(34, '2021-03-31 10:00:51.887691', 'sarithag', '2021-03-31 10:00:51.887691', 'sarithag', 'PENDING', 'PYSIC', NULL, NULL, NULL, 12),
(35, '2021-03-31 10:00:51.902401', 'sarithag', '2021-03-31 10:00:51.902401', 'sarithag', 'PENDING', 'RHEO', NULL, NULL, NULL, 12),
(36, '2021-03-31 10:00:51.912982', 'sarithag', '2021-04-01 17:57:17.554943', 'samindak', 'ACCEPT', 'VIS', NULL, NULL, 'NOTRESULTENTER', 12),
(37, '2021-04-01 17:48:37.877457', 'sarithag', '2021-04-01 17:59:17.864267', 'samindak', 'ACCEPT', 'PYSIC', NULL, NULL, 'RESULTENTER', 13),
(38, '2021-04-01 17:48:38.003554', 'sarithag', '2021-04-01 17:59:51.398309', 'samindak', 'ACCEPT', 'RHEO', NULL, NULL, 'RESULTENTER', 13),
(39, '2021-04-01 17:48:38.046574', 'sarithag', '2021-04-01 18:00:09.450035', 'samindak', 'ACCEPT', 'VIS', NULL, NULL, 'RESULTENTER', 13),
(40, '2021-04-02 00:20:57.301845', 'sarithag', '2021-04-02 00:20:57.301845', 'sarithag', 'PENDING', 'PYSIC', NULL, NULL, NULL, 14),
(41, '2021-04-02 00:20:57.475792', 'sarithag', '2021-04-02 00:20:57.475792', 'sarithag', 'PENDING', 'RHEO', NULL, NULL, NULL, 14),
(42, '2021-04-02 00:20:57.478785', 'sarithag', '2021-04-02 00:20:57.478785', 'sarithag', 'PENDING', 'VIS', NULL, NULL, NULL, 14),
(43, '2021-04-02 00:28:14.985647', 'sarithag', '2021-04-02 00:28:14.985647', 'sarithag', 'PENDING', 'PYSIC', NULL, NULL, NULL, 15),
(44, '2021-04-02 00:28:14.988642', 'sarithag', '2021-04-02 00:28:14.988642', 'sarithag', 'PENDING', 'RHEO', NULL, NULL, NULL, 15),
(45, '2021-04-02 00:28:14.990644', 'sarithag', '2021-04-02 00:28:14.990644', 'sarithag', 'PENDING', 'VIS', NULL, NULL, NULL, 15),
(46, '2021-04-02 21:11:53.733948', 'sarithag', '2021-04-02 21:11:53.733948', 'sarithag', 'PENDING', 'PYSIC', NULL, NULL, NULL, 16),
(47, '2021-04-02 21:11:54.176563', 'sarithag', '2021-04-02 21:11:54.176563', 'sarithag', 'PENDING', 'RHEO', NULL, NULL, NULL, 16),
(48, '2021-04-02 21:11:54.181519', 'sarithag', '2021-04-02 21:11:54.181519', 'sarithag', 'PENDING', 'VIS', NULL, NULL, NULL, 16),
(49, '2021-04-13 02:21:36.959009', 'sarithag', '2021-04-13 23:02:03.185757', 'tharushaw', 'ACCEPT', 'PYSIC', NULL, NULL, 'RESULTENTER', 17),
(50, '2021-04-13 02:21:37.145706', 'sarithag', '2021-04-13 23:02:32.631020', 'tharushaw', 'ACCEPT', 'RHEO', NULL, NULL, 'RESULTENTER', 17),
(51, '2021-04-13 02:21:37.303045', 'sarithag', '2021-04-13 23:02:47.010914', 'tharushaw', 'ACCEPT', 'VIS', NULL, NULL, 'RESULTENTER', 17),
(52, '2021-04-13 22:19:27.596605', 'sarithag', '2021-04-13 22:34:56.774874', 'tharushaw', 'ACCEPT', 'PYSIC', NULL, NULL, 'RESULTENTER', 18),
(53, '2021-04-13 22:19:27.667414', 'sarithag', '2021-04-13 22:54:37.056926', 'tharushaw', 'ACCEPT', 'RHEO', NULL, NULL, 'RESULTENTER', 18),
(54, '2021-04-13 22:19:27.727773', 'sarithag', '2021-04-13 22:55:03.978674', 'tharushaw', 'ACCEPT', 'VIS', NULL, NULL, 'RESULTENTER', 18);

-- --------------------------------------------------------

--
-- Table structure for table `sample_receiving_lab_test_result`
--

DROP TABLE IF EXISTS `sample_receiving_lab_test_result`;
CREATE TABLE IF NOT EXISTS `sample_receiving_lab_test_result` (
  `id` int(11) NOT NULL AUTO_INCREMENT,
  `created_at` datetime(6) NOT NULL,
  `created_by` varchar(255) NOT NULL,
  `updated_at` datetime(6) NOT NULL,
  `updated_by` varchar(255) NOT NULL,
  `lab_test_result_status` varchar(255) DEFAULT NULL,
  `result` float NOT NULL,
  `sample_receiving_lab_test_id` int(11) DEFAULT NULL,
  `specification_id` int(11) DEFAULT NULL,
  PRIMARY KEY (`id`),
  KEY `FKtirgedd4r2hfnw8rgjd6qfepo` (`sample_receiving_lab_test_id`),
  KEY `FK69g6rqxksfvbqkdasu077vw2p` (`specification_id`)
) ENGINE=InnoDB AUTO_INCREMENT=157 DEFAULT CHARSET=utf8mb4 COLLATE=utf8mb4_0900_ai_ci;

--
-- Dumping data for table `sample_receiving_lab_test_result`
--

INSERT INTO `sample_receiving_lab_test_result` (`id`, `created_at`, `created_by`, `updated_at`, `updated_by`, `lab_test_result_status`, `result`, `sample_receiving_lab_test_id`, `specification_id`) VALUES
(1, '2021-03-31 10:13:52.827869', 'samindak', '2021-03-31 10:31:31.220243', 'samindak', 'PASS', 4, 1, 1),
(2, '2021-03-31 10:13:53.564576', 'samindak', '2021-03-31 10:31:31.220243', 'samindak', 'PASS', 2, 1, 2),
(3, '2021-03-31 10:13:53.568565', 'samindak', '2021-03-31 10:31:31.221240', 'samindak', 'PASS', 35, 1, 3),
(4, '2021-03-31 10:13:53.572555', 'samindak', '2021-03-31 10:31:31.221240', 'samindak', 'PASS', 3, 1, 4),
(5, '2021-03-31 10:13:53.577577', 'samindak', '2021-03-31 10:31:31.222237', 'samindak', 'PASS', 35, 1, 5),
(6, '2021-03-31 10:13:53.580574', 'samindak', '2021-03-31 10:31:31.222237', 'samindak', 'PASS', 24, 1, 6),
(7, '2021-03-31 10:13:53.582568', 'samindak', '2021-03-31 10:31:31.223236', 'samindak', 'PASS', 24, 1, 7),
(8, '2021-03-31 10:13:53.584521', 'samindak', '2021-03-31 10:31:31.223236', 'samindak', 'PASS', 24, 1, 8),
(9, '2021-03-31 10:13:53.587516', 'samindak', '2021-03-31 10:31:31.224233', 'samindak', 'FAIL', 3, 1, 9),
(10, '2021-03-31 10:14:13.563885', 'samindak', '2021-03-31 10:32:46.829817', 'samindak', 'PASS', 13, 7, 43),
(11, '2021-03-31 10:14:13.627153', 'samindak', '2021-03-31 10:32:46.830819', 'samindak', 'PASS', 24, 7, 44),
(12, '2021-03-31 10:14:13.632098', 'samindak', '2021-03-31 10:32:46.830819', 'samindak', 'PASS', 12, 7, 45),
(13, '2021-03-31 10:14:13.637132', 'samindak', '2021-03-31 10:32:46.830819', 'samindak', 'PASS', 24, 7, 46),
(14, '2021-03-31 10:14:13.893351', 'samindak', '2021-03-31 10:32:46.831811', 'samindak', 'PASS', 125, 7, 47),
(15, '2021-03-31 10:14:13.981407', 'samindak', '2021-03-31 10:32:46.831811', 'samindak', 'PASS', 234, 7, 48),
(16, '2021-03-31 10:14:13.983395', 'samindak', '2021-03-31 10:32:46.831811', 'samindak', 'PASS', 45, 7, 49),
(17, '2021-03-31 10:14:13.985293', 'samindak', '2021-03-31 10:32:46.832808', 'samindak', 'FAIL', 688, 7, 50),
(18, '2021-03-31 10:14:13.987292', 'samindak', '2021-03-31 10:32:46.832808', 'samindak', 'PASS', 45, 7, 51),
(19, '2021-03-31 10:14:20.863259', 'samindak', '2021-03-31 10:33:13.051545', 'samindak', 'PASS', 456, 16, 15),
(20, '2021-03-31 10:14:20.879931', 'samindak', '2021-03-31 10:33:13.051545', 'samindak', 'PASS', 25, 16, 16),
(21, '2021-03-31 10:14:20.882886', 'samindak', '2021-03-31 10:33:13.052542', 'samindak', 'PASS', 45, 16, 17),
(22, '2021-03-31 10:14:20.884884', 'samindak', '2021-03-31 10:33:13.052542', 'samindak', 'PASS', 45, 16, 18),
(23, '2021-03-31 10:14:20.886877', 'samindak', '2021-03-31 10:33:13.052542', 'samindak', 'PASS', 45, 16, 19),
(24, '2021-03-31 10:14:20.888908', 'samindak', '2021-03-31 10:33:13.053539', 'samindak', 'PASS', 56, 16, 20),
(25, '2021-03-31 10:14:20.890903', 'samindak', '2021-03-31 10:33:13.053539', 'samindak', 'FAIL', 345, 16, 21),
(26, '2021-03-31 10:14:20.891861', 'samindak', '2021-03-31 10:33:13.053539', 'samindak', 'PASS', 46, 16, 22),
(27, '2021-03-31 10:14:20.893856', 'samindak', '2021-03-31 10:33:13.054537', 'samindak', 'PASS', 89, 16, 23),
(28, '2021-03-31 10:14:39.085756', 'samindak', '2021-03-31 10:33:41.368432', 'samindak', 'PASS', 24, 19, 29),
(29, '2021-03-31 10:14:39.086784', 'samindak', '2021-03-31 10:33:41.368432', 'samindak', 'PASS', 3, 19, 30),
(30, '2021-03-31 10:14:39.088115', 'samindak', '2021-03-31 10:33:41.368432', 'samindak', 'PASS', 35, 19, 31),
(31, '2021-03-31 10:14:39.089116', 'samindak', '2021-03-31 10:33:41.369465', 'samindak', 'PASS', 14, 19, 32),
(32, '2021-03-31 10:14:39.091110', 'samindak', '2021-03-31 10:33:41.369465', 'samindak', 'PASS', 24, 19, 33),
(33, '2021-03-31 10:14:39.092113', 'samindak', '2021-03-31 10:33:41.370427', 'samindak', 'PASS', 45, 19, 34),
(34, '2021-03-31 10:14:39.094105', 'samindak', '2021-03-31 10:33:41.370427', 'samindak', 'PASS', 45, 19, 35),
(35, '2021-03-31 10:14:39.097117', 'samindak', '2021-03-31 10:33:41.370427', 'samindak', 'PASS', 90, 19, 36),
(36, '2021-03-31 10:14:39.099088', 'samindak', '2021-03-31 10:33:41.371424', 'samindak', 'PASS', 23, 19, 37),
(37, '2021-03-31 10:14:55.867337', 'samindak', '2021-03-31 10:34:24.235331', 'samindak', 'PASS', 46, 22, 71),
(38, '2021-03-31 10:14:55.869368', 'samindak', '2021-03-31 10:34:24.236328', 'samindak', 'PASS', 66, 22, 72),
(39, '2021-03-31 10:14:55.870343', 'samindak', '2021-03-31 10:34:24.236328', 'samindak', 'FAIL', 89, 22, 73),
(40, '2021-03-31 10:14:55.871348', 'samindak', '2021-03-31 10:34:24.236328', 'samindak', 'PASS', 56, 22, 74),
(41, '2021-03-31 10:14:55.876335', 'samindak', '2021-03-31 10:34:24.237327', 'samindak', 'PASS', 56, 22, 75),
(42, '2021-03-31 10:14:55.880331', 'samindak', '2021-03-31 10:34:24.237327', 'samindak', 'PASS', 56, 22, 76),
(43, '2021-03-31 10:14:55.881319', 'samindak', '2021-03-31 10:34:24.238325', 'samindak', 'PASS', 99, 22, 77),
(44, '2021-03-31 10:14:56.207730', 'samindak', '2021-03-31 10:34:24.238325', 'samindak', 'PASS', 89, 22, 78),
(45, '2021-03-31 10:14:56.211719', 'samindak', '2021-03-31 10:34:24.238325', 'samindak', 'PASS', 68, 22, 79),
(46, '2021-03-31 10:15:11.648407', 'samindak', '2021-03-31 10:34:51.480167', 'samindak', 'PASS', 49, 28, 71),
(47, '2021-03-31 10:15:11.649910', 'samindak', '2021-03-31 10:34:51.480167', 'samindak', 'PASS', 52, 28, 72),
(48, '2021-03-31 10:15:11.650932', 'samindak', '2021-03-31 10:34:51.480167', 'samindak', 'FAIL', 48, 28, 73),
(49, '2021-03-31 10:15:11.653934', 'samindak', '2021-03-31 10:34:51.481202', 'samindak', 'PASS', 56, 28, 74),
(50, '2021-03-31 10:15:11.657956', 'samindak', '2021-03-31 10:34:51.481202', 'samindak', 'PASS', 56, 28, 75),
(51, '2021-03-31 10:15:11.659911', 'samindak', '2021-03-31 10:34:51.481202', 'samindak', 'FAIL', 89, 28, 76),
(52, '2021-03-31 10:15:11.660909', 'samindak', '2021-03-31 10:34:51.482159', 'samindak', 'PASS', 86, 28, 77),
(53, '2021-03-31 10:15:11.661905', 'samindak', '2021-03-31 10:34:51.482159', 'samindak', 'PASS', 56, 28, 78),
(54, '2021-03-31 10:15:11.663564', 'samindak', '2021-03-31 10:34:51.482159', 'samindak', 'PASS', 78, 28, 79),
(55, '2021-03-31 10:15:17.727284', 'samindak', '2021-03-31 10:15:17.727284', 'samindak', 'FAIL', 0, 31, 85),
(56, '2021-03-31 10:15:17.728622', 'samindak', '2021-03-31 10:15:17.728622', 'samindak', 'FAIL', 0, 31, 86),
(57, '2021-03-31 10:15:17.729623', 'samindak', '2021-03-31 10:15:17.729623', 'samindak', 'FAIL', 0, 31, 87),
(58, '2021-03-31 10:15:17.730619', 'samindak', '2021-03-31 10:15:17.730619', 'samindak', 'FAIL', 0, 31, 88),
(59, '2021-03-31 10:15:17.731948', 'samindak', '2021-03-31 10:15:17.731948', 'samindak', 'FAIL', 0, 31, 89),
(60, '2021-03-31 10:15:17.732948', 'samindak', '2021-03-31 10:15:17.732948', 'samindak', 'FAIL', 0, 31, 90),
(61, '2021-03-31 10:15:17.737938', 'samindak', '2021-03-31 10:15:17.737938', 'samindak', 'FAIL', 0, 31, 91),
(62, '2021-03-31 10:15:17.739929', 'samindak', '2021-03-31 10:15:17.739929', 'samindak', 'FAIL', 0, 31, 92),
(63, '2021-03-31 10:15:17.740948', 'samindak', '2021-03-31 10:15:17.740948', 'samindak', 'FAIL', 0, 31, 93),
(64, '2021-03-31 10:37:10.225766', 'samindak', '2021-03-31 10:41:07.698513', 'samindak', 'PASS', 24, 2, 10),
(65, '2021-03-31 10:37:10.248732', 'samindak', '2021-03-31 10:41:07.698513', 'samindak', 'PASS', 42, 2, 11),
(66, '2021-03-31 10:37:10.250726', 'samindak', '2021-03-31 10:41:07.698513', 'samindak', 'FAIL', 434, 2, 12),
(67, '2021-03-31 10:37:10.251760', 'samindak', '2021-03-31 10:41:07.698513', 'samindak', 'FAIL', 345, 2, 13),
(68, '2021-03-31 10:37:13.413036', 'samindak', '2021-03-31 10:43:01.917424', 'samindak', 'PASS', 45, 5, 24),
(69, '2021-03-31 10:37:13.416078', 'samindak', '2021-03-31 10:43:01.917424', 'samindak', 'PASS', 56, 5, 25),
(70, '2021-03-31 10:37:13.418054', 'samindak', '2021-03-31 10:43:01.917424', 'samindak', 'PASS', 45, 5, 26),
(71, '2021-03-31 10:37:13.419017', 'samindak', '2021-03-31 10:43:01.918420', 'samindak', 'PASS', 35, 5, 27),
(72, '2021-03-31 10:37:16.189330', 'samindak', '2021-03-31 10:43:16.797156', 'samindak', 'PASS', 45, 8, 52),
(73, '2021-03-31 10:37:16.190328', 'samindak', '2021-03-31 10:43:16.797156', 'samindak', 'FAIL', 46, 8, 53),
(74, '2021-03-31 10:37:16.191852', 'samindak', '2021-03-31 10:43:16.797156', 'samindak', 'FAIL', 34, 8, 54),
(75, '2021-03-31 10:37:16.193850', 'samindak', '2021-03-31 10:43:16.798152', 'samindak', 'PASS', 56, 8, 55),
(76, '2021-03-31 10:37:19.785116', 'samindak', '2021-03-31 10:53:35.950899', 'samindak', 'PASS', 14, 11, 52),
(77, '2021-03-31 10:37:19.786086', 'samindak', '2021-03-31 10:53:35.951897', 'samindak', 'PASS', 23, 11, 53),
(78, '2021-03-31 10:37:19.788105', 'samindak', '2021-03-31 10:53:35.951897', 'samindak', 'PASS', 56, 11, 54),
(79, '2021-03-31 10:37:19.788780', 'samindak', '2021-03-31 10:53:35.951897', 'samindak', 'PASS', 56, 11, 55),
(80, '2021-03-31 10:37:23.033823', 'samindak', '2021-03-31 10:53:47.183798', 'samindak', 'PASS', 45, 14, 10),
(81, '2021-03-31 10:37:23.049465', 'samindak', '2021-03-31 10:53:47.184794', 'samindak', 'PASS', 56, 14, 11),
(82, '2021-03-31 10:37:23.051259', 'samindak', '2021-03-31 10:53:47.184794', 'samindak', 'PASS', 56, 14, 12),
(83, '2021-03-31 10:37:23.052051', 'samindak', '2021-03-31 10:53:47.185793', 'samindak', 'PASS', 45, 14, 13),
(84, '2021-03-31 10:37:26.625421', 'samindak', '2021-03-31 10:54:21.431377', 'samindak', 'PASS', 45, 17, 24),
(85, '2021-03-31 10:37:26.628409', 'samindak', '2021-03-31 10:54:21.432373', 'samindak', 'FAIL', 46, 17, 25),
(86, '2021-03-31 10:37:26.630404', 'samindak', '2021-03-31 10:54:21.432373', 'samindak', 'PASS', 34, 17, 26),
(87, '2021-03-31 10:37:26.631401', 'samindak', '2021-03-31 10:54:21.433371', 'samindak', 'PASS', 46, 17, 27),
(88, '2021-03-31 10:37:30.070667', 'samindak', '2021-03-31 10:54:32.303953', 'samindak', 'FAIL', 45, 20, 38),
(89, '2021-03-31 10:37:30.107730', 'samindak', '2021-03-31 10:54:32.304951', 'samindak', 'PASS', 66, 20, 39),
(90, '2021-03-31 10:37:30.110776', 'samindak', '2021-03-31 10:54:32.304951', 'samindak', 'PASS', 56, 20, 40),
(91, '2021-03-31 10:37:30.111923', 'samindak', '2021-03-31 10:54:32.305965', 'samindak', 'PASS', 45, 20, 41),
(92, '2021-03-31 10:37:35.636234', 'samindak', '2021-03-31 10:54:48.603853', 'samindak', 'FAIL', 45, 23, 80),
(93, '2021-03-31 10:37:35.667941', 'samindak', '2021-03-31 10:54:48.603853', 'samindak', 'FAIL', 76, 23, 81),
(94, '2021-03-31 10:37:35.669938', 'samindak', '2021-03-31 10:54:48.603853', 'samindak', 'FAIL', 745, 23, 82),
(95, '2021-03-31 10:37:35.670936', 'samindak', '2021-03-31 10:54:48.604850', 'samindak', 'FAIL', 45, 23, 83),
(96, '2021-03-31 10:37:42.669282', 'samindak', '2021-03-31 10:55:08.955728', 'samindak', 'FAIL', 45, 26, 143),
(97, '2021-03-31 10:37:42.698765', 'samindak', '2021-03-31 10:55:08.956725', 'samindak', 'FAIL', 6, 26, 144),
(98, '2021-03-31 10:37:42.700215', 'samindak', '2021-03-31 10:55:08.956725', 'samindak', 'PASS', 345, 26, 147),
(99, '2021-03-31 10:37:42.701176', 'samindak', '2021-03-31 10:55:08.956725', 'samindak', 'PASS', 4566, 26, 148),
(100, '2021-03-31 10:37:48.550207', 'samindak', '2021-03-31 10:37:48.550207', 'samindak', 'FAIL', 0, 32, 94),
(101, '2021-03-31 10:37:48.552205', 'samindak', '2021-03-31 10:37:48.552205', 'samindak', 'FAIL', 0, 32, 95),
(102, '2021-03-31 10:37:48.554200', 'samindak', '2021-03-31 10:37:48.554200', 'samindak', 'FAIL', 0, 32, 96),
(103, '2021-03-31 10:37:48.558189', 'samindak', '2021-03-31 10:37:48.558189', 'samindak', 'FAIL', 0, 32, 97),
(104, '2021-03-31 10:38:56.258701', 'samindak', '2021-03-31 10:43:32.859457', 'samindak', 'FAIL', 45, 3, 14),
(105, '2021-03-31 10:39:01.527984', 'samindak', '2021-03-31 10:43:41.670673', 'samindak', 'PASS', 89, 6, 28),
(106, '2021-03-31 10:39:05.382992', 'samindak', '2021-03-31 10:44:34.619672', 'tharushaw', 'PASS', 90, 9, 56),
(107, '2021-03-31 10:39:11.226456', 'samindak', '2021-03-31 10:52:33.174333', 'samindak', 'PASS', 89, 12, 56),
(108, '2021-03-31 10:39:17.983444', 'samindak', '2021-03-31 10:44:43.122722', 'tharushaw', 'FAIL', 6, 15, 14),
(109, '2021-03-31 10:39:23.258534', 'samindak', '2021-03-31 10:45:28.543243', 'tharushaw', 'PASS', 88, 18, 28),
(110, '2021-03-31 10:39:28.642759', 'samindak', '2021-03-31 10:52:45.542075', 'samindak', 'PASS', 345, 21, 42),
(111, '2021-03-31 10:39:33.737530', 'samindak', '2021-03-31 10:53:01.910117', 'samindak', 'FAIL', 45, 24, 84),
(112, '2021-03-31 10:39:38.527776', 'samindak', '2021-03-31 10:53:11.014689', 'samindak', 'FAIL', 5, 27, 151),
(113, '2021-03-31 10:39:56.214889', 'samindak', '2021-03-31 10:39:56.214889', 'samindak', 'FAIL', 0, 30, 84),
(114, '2021-04-01 17:56:40.608744', 'samindak', '2021-04-01 17:59:17.865225', 'samindak', 'PASS', 24, 37, 131),
(115, '2021-04-01 17:56:40.631984', 'samindak', '2021-04-01 17:59:17.865225', 'samindak', 'PASS', 35, 37, 133),
(116, '2021-04-01 17:56:40.633171', 'samindak', '2021-04-01 17:59:17.866222', 'samindak', 'PASS', 23, 37, 135),
(117, '2021-04-01 17:56:40.635665', 'samindak', '2021-04-01 17:59:17.867223', 'samindak', 'FAIL', 3, 37, 137),
(118, '2021-04-01 17:56:40.682817', 'samindak', '2021-04-01 17:59:17.868217', 'samindak', 'PASS', 34, 37, 139),
(119, '2021-04-01 17:56:40.697650', 'samindak', '2021-04-01 17:59:17.869214', 'samindak', 'PASS', 45, 37, 141),
(120, '2021-04-01 17:56:40.701635', 'samindak', '2021-04-01 17:59:17.870212', 'samindak', 'PASS', 5, 37, 142),
(121, '2021-04-01 17:56:40.706626', 'samindak', '2021-04-01 17:59:17.870212', 'samindak', 'PASS', 4, 37, 145),
(122, '2021-04-01 17:56:40.711607', 'samindak', '2021-04-01 17:59:17.871210', 'samindak', 'PASS', 5, 37, 146),
(123, '2021-04-01 17:57:01.431402', 'samindak', '2021-04-01 17:59:51.399305', 'samindak', 'PASS', 34, 38, 149),
(124, '2021-04-01 17:57:01.453332', 'samindak', '2021-04-01 17:59:51.399305', 'samindak', 'PASS', 565, 38, 150),
(125, '2021-04-01 17:57:01.455763', 'samindak', '2021-04-01 17:59:51.400302', 'samindak', 'FAIL', 34, 38, 152),
(126, '2021-04-01 17:57:01.457762', 'samindak', '2021-04-01 17:59:51.400302', 'samindak', 'PASS', 5655, 38, 153),
(127, '2021-04-01 17:57:17.525542', 'samindak', '2021-04-01 17:57:17.525542', 'samindak', 'FAIL', 0, 36, 56),
(128, '2021-04-01 17:57:37.834821', 'samindak', '2021-04-01 18:00:09.451033', 'samindak', 'PASS', 5, 39, 154),
(129, '2021-04-13 02:22:31.890379', 'samindak', '2021-04-13 23:02:03.186753', 'tharushaw', 'PASS', 4, 49, 1),
(130, '2021-04-13 02:22:32.337351', 'samindak', '2021-04-13 23:02:03.186753', 'tharushaw', 'PASS', 2, 49, 2),
(131, '2021-04-13 02:22:32.345376', 'samindak', '2021-04-13 23:02:03.187749', 'tharushaw', 'PASS', 35, 49, 3),
(132, '2021-04-13 02:22:32.416592', 'samindak', '2021-04-13 23:02:03.187749', 'tharushaw', 'PASS', 3, 49, 4),
(133, '2021-04-13 02:22:32.470359', 'samindak', '2021-04-13 23:02:03.188746', 'tharushaw', 'PASS', 35, 49, 5),
(134, '2021-04-13 02:22:32.478338', 'samindak', '2021-04-13 23:02:03.188746', 'tharushaw', 'PASS', 24, 49, 6),
(135, '2021-04-13 02:22:32.482325', 'samindak', '2021-04-13 23:02:03.188746', 'tharushaw', 'PASS', 25, 49, 7),
(136, '2021-04-13 02:22:32.610512', 'samindak', '2021-04-13 23:02:03.189744', 'tharushaw', 'PASS', 25, 49, 8),
(137, '2021-04-13 02:22:32.619501', 'samindak', '2021-04-13 23:02:03.189744', 'tharushaw', 'PASS', 34, 49, 9),
(138, '2021-04-13 02:23:14.232109', 'samindak', '2021-04-13 23:02:32.631020', 'tharushaw', 'PASS', 24, 50, 10),
(139, '2021-04-13 02:23:14.262552', 'samindak', '2021-04-13 23:02:32.632010', 'tharushaw', 'PASS', 13, 50, 11),
(140, '2021-04-13 02:23:14.307251', 'samindak', '2021-04-13 23:02:32.632010', 'tharushaw', 'PASS', 33, 50, 12),
(141, '2021-04-13 02:23:14.309246', 'samindak', '2021-04-13 23:02:32.633008', 'tharushaw', 'PASS', 35, 50, 13),
(142, '2021-04-13 02:23:29.032376', 'samindak', '2021-04-13 23:02:47.011915', 'tharushaw', 'PASS', 5, 51, 14),
(143, '2021-04-13 22:20:31.120020', 'tharushaw', '2021-04-13 22:34:56.775872', 'tharushaw', 'PASS', 24, 52, 29),
(144, '2021-04-13 22:20:31.298828', 'tharushaw', '2021-04-13 22:34:56.776868', 'tharushaw', 'PASS', 3, 52, 30),
(145, '2021-04-13 22:20:31.300821', 'tharushaw', '2021-04-13 22:34:56.777866', 'tharushaw', 'PASS', 34, 52, 31),
(146, '2021-04-13 22:20:31.303812', 'tharushaw', '2021-04-13 22:34:56.778863', 'tharushaw', 'FAIL', 11, 52, 32),
(147, '2021-04-13 22:20:31.305843', 'tharushaw', '2021-04-13 22:34:56.779869', 'tharushaw', 'PASS', 23, 52, 33),
(148, '2021-04-13 22:20:31.307802', 'tharushaw', '2021-04-13 22:34:56.780856', 'tharushaw', 'PASS', 45, 52, 34),
(149, '2021-04-13 22:20:31.310793', 'tharushaw', '2021-04-13 22:34:56.780856', 'tharushaw', 'PASS', 46, 52, 35),
(150, '2021-04-13 22:20:31.312788', 'tharushaw', '2021-04-13 22:34:56.780856', 'tharushaw', 'PASS', 90, 52, 36),
(151, '2021-04-13 22:20:31.315780', 'tharushaw', '2021-04-13 22:34:56.781852', 'tharushaw', 'PASS', 13, 52, 37),
(152, '2021-04-13 22:20:43.095674', 'tharushaw', '2021-04-13 22:54:37.057925', 'tharushaw', 'PASS', 13, 53, 38),
(153, '2021-04-13 22:20:43.097049', 'tharushaw', '2021-04-13 22:54:37.058920', 'tharushaw', 'PASS', 34, 53, 39),
(154, '2021-04-13 22:20:43.100053', 'tharushaw', '2021-04-13 22:54:37.059918', 'tharushaw', 'PASS', 12, 53, 40),
(155, '2021-04-13 22:20:43.116828', 'tharushaw', '2021-04-13 22:54:37.060915', 'tharushaw', 'FAIL', 11, 53, 41),
(156, '2021-04-13 22:20:54.182155', 'tharushaw', '2021-04-13 22:55:03.979713', 'tharushaw', 'PASS', 235, 54, 42);

-- --------------------------------------------------------

--
-- Table structure for table `specification`
--

DROP TABLE IF EXISTS `specification`;
CREATE TABLE IF NOT EXISTS `specification` (
  `id` int(11) NOT NULL AUTO_INCREMENT,
  `created_at` datetime(6) NOT NULL,
  `created_by` varchar(255) NOT NULL,
  `updated_at` datetime(6) NOT NULL,
  `updated_by` varchar(255) NOT NULL,
  `lab_test_name` varchar(255) DEFAULT NULL,
  `max` varchar(255) DEFAULT NULL,
  `min` varchar(255) NOT NULL,
  `specification_name` varchar(255) DEFAULT NULL,
  `compound_id` int(11) DEFAULT NULL,
  PRIMARY KEY (`id`),
  KEY `FKt2958kvke8lbutj8f93snap0f` (`compound_id`)
) ENGINE=InnoDB AUTO_INCREMENT=155 DEFAULT CHARSET=utf8mb4 COLLATE=utf8mb4_0900_ai_ci;

--
-- Dumping data for table `specification`
--

INSERT INTO `specification` (`id`, `created_at`, `created_by`, `updated_at`, `updated_by`, `lab_test_name`, `max`, `min`, `specification_name`, `compound_id`) VALUES
(1, '2021-03-30 21:19:52.087910', 'samindak', '2021-03-30 21:19:52.087910', 'samindak', 'PYSIC', '5', '3', 'SG', 1),
(2, '2021-03-30 21:19:52.514333', 'samindak', '2021-03-30 21:19:52.514333', 'samindak', 'PYSIC', '8', '1', 'HARDNESS', 1),
(3, '2021-03-30 21:19:52.571564', 'samindak', '2021-03-30 21:19:52.571564', 'samindak', 'PYSIC', '545', '34', 'RES', 1),
(4, '2021-03-30 21:19:52.692915', 'samindak', '2021-03-30 21:19:52.692915', 'samindak', 'PYSIC', '45', '2', 'TENST', 1),
(5, '2021-03-30 21:19:52.752620', 'samindak', '2021-03-30 21:19:52.752620', 'samindak', 'PYSIC', '65', '34', 'MODULUS', 1),
(6, '2021-03-30 21:19:52.789957', 'samindak', '2021-03-30 21:19:52.789957', 'samindak', 'PYSIC', '56', '23', 'EAB', 1),
(7, '2021-03-30 21:19:52.847305', 'samindak', '2021-03-30 21:19:52.847305', 'samindak', 'PYSIC', '56', '23', 'TEARST', 1),
(8, '2021-03-30 21:19:52.885513', 'samindak', '2021-03-30 21:19:52.885513', 'samindak', 'PYSIC', '57', '23', 'ABRASION', 1),
(9, '2021-03-30 21:19:52.934167', 'samindak', '2021-03-30 21:19:52.934167', 'samindak', 'PYSIC', '98', '34', 'CBD', 1),
(10, '2021-03-30 21:19:53.027801', 'samindak', '2021-03-30 21:19:53.027801', 'samindak', 'RHEO', '86', '23', 'ML', 1),
(11, '2021-03-30 21:19:53.077315', 'samindak', '2021-03-30 21:19:53.077315', 'samindak', 'RHEO', '67', '12', 'MH', 1),
(12, '2021-03-30 21:19:53.111975', 'samindak', '2021-03-30 21:19:53.111975', 'samindak', 'RHEO', '76', '32', 'TS2', 1),
(13, '2021-03-30 21:19:53.150835', 'samindak', '2021-03-30 21:19:53.150835', 'samindak', 'RHEO', '77', '34', 'T90', 1),
(14, '2021-03-30 21:19:53.182936', 'samindak', '2021-03-30 21:19:53.182936', 'samindak', 'VIS', '5', '4', 'VISCOSITY', 1),
(15, '2021-03-30 21:37:05.912726', 'samindak', '2021-03-30 21:37:05.912726', 'samindak', 'PYSIC', '464', '234', 'SG', 2),
(16, '2021-03-30 21:37:06.010400', 'samindak', '2021-03-30 21:37:06.010400', 'samindak', 'PYSIC', '67', '23', 'HARDNESS', 2),
(17, '2021-03-30 21:37:06.142800', 'samindak', '2021-03-30 21:37:06.142800', 'samindak', 'PYSIC', '56', '12', 'RES', 2),
(18, '2021-03-30 21:37:06.274157', 'samindak', '2021-03-30 21:37:06.274157', 'samindak', 'PYSIC', '99', '12', 'TENST', 2),
(19, '2021-03-30 21:37:06.372052', 'samindak', '2021-03-30 21:37:06.372052', 'samindak', 'PYSIC', '89', '45', 'MODULUS', 2),
(20, '2021-03-30 21:37:06.432488', 'samindak', '2021-03-30 21:37:06.432488', 'samindak', 'PYSIC', '66', '45', 'EAB', 2),
(21, '2021-03-30 21:37:06.469160', 'samindak', '2021-03-30 21:37:06.469160', 'samindak', 'PYSIC', '88', '78', 'TEARST', 2),
(22, '2021-03-30 21:37:06.504647', 'samindak', '2021-03-30 21:37:06.504647', 'samindak', 'PYSIC', '56', '45', 'ABRASION', 2),
(23, '2021-03-30 21:37:06.539465', 'samindak', '2021-03-30 21:37:06.539465', 'samindak', 'PYSIC', '89', '77', 'CBD', 2),
(24, '2021-03-30 21:37:06.575906', 'samindak', '2021-03-30 21:37:06.575906', 'samindak', 'RHEO', '45', '12', 'ML', 2),
(25, '2021-03-30 21:37:06.644886', 'samindak', '2021-03-30 21:37:06.644886', 'samindak', 'RHEO', '78', '56', 'MH', 2),
(26, '2021-03-30 21:37:06.679446', 'samindak', '2021-03-30 21:37:06.679446', 'samindak', 'RHEO', '77', '12', 'TS2', 2),
(27, '2021-03-30 21:37:06.714554', 'samindak', '2021-03-30 21:37:06.714554', 'samindak', 'RHEO', '88', '23', 'T90', 2),
(28, '2021-03-30 21:37:06.775068', 'samindak', '2021-03-30 21:37:06.775068', 'samindak', 'VIS', '99', '88', 'VISCOSITY', 2),
(29, '2021-03-30 21:39:14.801597', 'samindak', '2021-03-30 21:39:14.801597', 'samindak', 'PYSIC', '45', '23', 'SG', 3),
(30, '2021-03-30 21:39:14.837502', 'samindak', '2021-03-30 21:39:14.837502', 'samindak', 'PYSIC', '4', '2', 'HARDNESS', 3),
(31, '2021-03-30 21:39:15.002758', 'samindak', '2021-03-30 21:39:15.002758', 'samindak', 'PYSIC', '45', '23', 'RES', 3),
(32, '2021-03-30 21:39:15.051246', 'samindak', '2021-03-30 21:39:15.051246', 'samindak', 'PYSIC', '45', '12', 'TENST', 3),
(33, '2021-03-30 21:39:15.102639', 'samindak', '2021-03-30 21:39:15.102639', 'samindak', 'PYSIC', '55', '22', 'MODULUS', 3),
(34, '2021-03-30 21:39:15.175974', 'samindak', '2021-03-30 21:39:15.175974', 'samindak', 'PYSIC', '66', '44', 'EAB', 3),
(35, '2021-03-30 21:39:15.235532', 'samindak', '2021-03-30 21:39:15.235532', 'samindak', 'PYSIC', '65', '45', 'TEARST', 3),
(36, '2021-03-30 21:39:15.296114', 'samindak', '2021-03-30 21:39:15.296114', 'samindak', 'PYSIC', '99', '89', 'ABRASION', 3),
(37, '2021-03-30 21:39:15.355454', 'samindak', '2021-03-30 21:39:15.355454', 'samindak', 'PYSIC', '45', '12', 'CBD', 3),
(38, '2021-03-30 21:39:15.416114', 'samindak', '2021-03-30 21:39:15.416114', 'samindak', 'RHEO', '47', '12', 'ML', 3),
(39, '2021-03-30 21:39:15.449971', 'samindak', '2021-03-30 21:39:15.449971', 'samindak', 'RHEO', '66', '33', 'MH', 3),
(40, '2021-03-30 21:39:15.486685', 'samindak', '2021-03-30 21:39:15.486685', 'samindak', 'RHEO', '88', '11', 'TS2', 3),
(41, '2021-03-30 21:39:15.522344', 'samindak', '2021-03-30 21:39:15.522344', 'samindak', 'RHEO', '48', '12', 'T90', 3),
(42, '2021-03-30 21:39:15.558571', 'samindak', '2021-03-30 21:39:15.558571', 'samindak', 'VIS', '899', '234', 'VISCOSITY', 3),
(43, '2021-03-30 21:41:10.145688', 'samindak', '2021-03-30 21:41:10.145688', 'samindak', 'PYSIC', '55', '12', 'SG', 4),
(44, '2021-03-30 21:41:10.241928', 'samindak', '2021-03-30 21:41:10.241928', 'samindak', 'PYSIC', '56', '23', 'HARDNESS', 4),
(45, '2021-03-30 21:41:10.325806', 'samindak', '2021-03-30 21:41:10.325806', 'samindak', 'PYSIC', '55', '11', 'RES', 4),
(46, '2021-03-30 21:41:10.373230', 'samindak', '2021-03-30 21:41:10.373230', 'samindak', 'PYSIC', '89', '23', 'TENST', 4),
(47, '2021-03-30 21:41:10.407998', 'samindak', '2021-03-30 21:41:10.407998', 'samindak', 'PYSIC', '899', '124', 'MODULUS', 4),
(48, '2021-03-30 21:41:10.444106', 'samindak', '2021-03-30 21:41:10.444106', 'samindak', 'PYSIC', '456', '123', 'EAB', 4),
(49, '2021-03-30 21:41:10.504329', 'samindak', '2021-03-30 21:41:10.504329', 'samindak', 'PYSIC', '55', '44', 'TEARST', 4),
(50, '2021-03-30 21:41:10.552833', 'samindak', '2021-03-30 21:41:10.552833', 'samindak', 'PYSIC', '89', '78', 'ABRASION', 4),
(51, '2021-03-30 21:41:10.602240', 'samindak', '2021-03-30 21:41:10.602240', 'samindak', 'PYSIC', '48', '15', 'CBD', 4),
(52, '2021-03-30 21:41:10.637891', 'samindak', '2021-03-30 21:41:10.637891', 'samindak', 'RHEO', '78', '12', 'ML', 4),
(53, '2021-03-30 21:41:10.710284', 'samindak', '2021-03-30 21:41:10.710284', 'samindak', 'RHEO', '44', '22', 'MH', 4),
(54, '2021-03-30 21:41:10.797539', 'samindak', '2021-03-30 21:41:10.797539', 'samindak', 'RHEO', '78', '45', 'TS2', 4),
(55, '2021-03-30 21:41:10.846477', 'samindak', '2021-03-30 21:41:10.846477', 'samindak', 'RHEO', '65', '23', 'T90', 4),
(56, '2021-03-30 21:41:10.894770', 'samindak', '2021-03-30 21:41:10.894770', 'samindak', 'VIS', '97', '89', 'VISCOSITY', 4),
(57, '2021-03-30 21:43:03.728624', 'samindak', '2021-03-30 21:43:03.728624', 'samindak', 'PYSIC', '65', '12', 'SG', 5),
(58, '2021-03-30 21:43:03.764527', 'samindak', '2021-03-30 21:43:03.764527', 'samindak', 'PYSIC', '46', '15', 'HARDNESS', 5),
(59, '2021-03-30 21:43:03.799433', 'samindak', '2021-03-30 21:43:03.799433', 'samindak', 'PYSIC', '56', '23', 'RES', 5),
(60, '2021-03-30 21:43:03.852079', 'samindak', '2021-03-30 21:43:03.852079', 'samindak', 'PYSIC', '48', '45', 'TENST', 5),
(61, '2021-03-30 21:43:03.887481', 'samindak', '2021-03-30 21:43:03.887481', 'samindak', 'PYSIC', '48', '26', 'MODULUS', 5),
(62, '2021-03-30 21:43:03.923821', 'samindak', '2021-03-30 21:43:03.923821', 'samindak', 'PYSIC', '48', '23', 'EAB', 5),
(63, '2021-03-30 21:43:03.973122', 'samindak', '2021-03-30 21:43:03.973122', 'samindak', 'PYSIC', '48', '12', 'TEARST', 5),
(64, '2021-03-30 21:43:04.009507', 'samindak', '2021-03-30 21:43:04.009507', 'samindak', 'PYSIC', '47', '23', 'ABRASION', 5),
(65, '2021-03-30 21:43:04.069138', 'samindak', '2021-03-30 21:43:04.069138', 'samindak', 'PYSIC', '99', '23', 'CBD', 5),
(66, '2021-03-30 21:43:04.116547', 'samindak', '2021-03-30 21:43:04.116547', 'samindak', 'RHEO', '56', '23', 'ML', 5),
(67, '2021-03-30 21:43:04.153328', 'samindak', '2021-03-30 21:43:04.153328', 'samindak', 'RHEO', '89', '45', 'MH', 5),
(68, '2021-03-30 21:43:04.190294', 'samindak', '2021-03-30 21:43:04.190294', 'samindak', 'RHEO', '45', '12', 'TS2', 5),
(69, '2021-03-30 21:43:04.225869', 'samindak', '2021-03-30 21:43:04.225869', 'samindak', 'RHEO', '48', '26', 'T90', 5),
(70, '2021-03-30 21:43:04.261202', 'samindak', '2021-03-30 21:43:04.261202', 'samindak', 'VIS', '5', '1', 'VISCOSITY', 5),
(71, '2021-03-30 21:45:42.924930', 'tharushaw', '2021-03-30 21:45:42.924930', 'tharushaw', 'PYSIC', '89', '45', 'SG', 6),
(72, '2021-03-30 21:45:42.974796', 'tharushaw', '2021-03-30 21:45:42.974796', 'tharushaw', 'PYSIC', '78', '45', 'HARDNESS', 6),
(73, '2021-03-30 21:45:43.010318', 'tharushaw', '2021-03-30 21:45:43.010318', 'tharushaw', 'PYSIC', '88', '78', 'RES', 6),
(74, '2021-03-30 21:45:43.071636', 'tharushaw', '2021-03-30 21:45:43.071636', 'tharushaw', 'PYSIC', '66', '55', 'TENST', 6),
(75, '2021-03-30 21:45:43.122470', 'tharushaw', '2021-03-30 21:45:43.122470', 'tharushaw', 'PYSIC', '99', '55', 'MODULUS', 6),
(76, '2021-03-30 21:45:43.172765', 'tharushaw', '2021-03-30 21:45:43.172765', 'tharushaw', 'PYSIC', '66', '55', 'EAB', 6),
(77, '2021-03-30 21:45:43.207120', 'tharushaw', '2021-03-30 21:45:43.207120', 'tharushaw', 'PYSIC', '488', '66', 'TEARST', 6),
(78, '2021-03-30 21:45:43.243473', 'tharushaw', '2021-03-30 21:45:43.243473', 'tharushaw', 'PYSIC', '99', '48', 'ABRASION', 6),
(79, '2021-03-30 21:45:43.278634', 'tharushaw', '2021-03-30 21:45:43.278634', 'tharushaw', 'PYSIC', '88', '45', 'CBD', 6),
(80, '2021-03-30 21:45:43.313166', 'tharushaw', '2021-03-30 21:45:43.313166', 'tharushaw', 'RHEO', '77', '48', 'ML', 6),
(81, '2021-03-30 21:45:43.348581', 'tharushaw', '2021-03-30 21:45:43.348581', 'tharushaw', 'RHEO', '59', '26', 'MH', 6),
(82, '2021-03-30 21:45:43.385069', 'tharushaw', '2021-03-30 21:45:43.385069', 'tharushaw', 'RHEO', '77', '48', 'TS2', 6),
(83, '2021-03-30 21:45:43.422460', 'tharushaw', '2021-03-30 21:45:43.422460', 'tharushaw', 'RHEO', '88', '78', 'T90', 6),
(84, '2021-03-30 21:45:43.456941', 'tharushaw', '2021-03-30 21:45:43.456941', 'tharushaw', 'VIS', '99', '77', 'VISCOSITY', 6),
(85, '2021-03-30 21:47:50.764154', 'tharushaw', '2021-03-30 21:47:50.764154', 'tharushaw', 'PYSIC', '55', '11', 'SG', 7),
(86, '2021-03-30 21:47:50.800060', 'tharushaw', '2021-03-30 21:47:50.800060', 'tharushaw', 'PYSIC', '100', '99', 'HARDNESS', 7),
(87, '2021-03-30 21:47:50.834965', 'tharushaw', '2021-03-30 21:47:50.834965', 'tharushaw', 'PYSIC', '99', '88', 'RES', 7),
(88, '2021-03-30 21:47:50.945254', 'tharushaw', '2021-03-30 21:47:50.945254', 'tharushaw', 'PYSIC', '78', '45', 'TENST', 7),
(89, '2021-03-30 21:47:50.995431', 'tharushaw', '2021-03-30 21:47:50.995431', 'tharushaw', 'PYSIC', '33', '22', 'MODULUS', 7),
(90, '2021-03-30 21:47:51.095716', 'tharushaw', '2021-03-30 21:47:51.095716', 'tharushaw', 'PYSIC', '99', '45', 'EAB', 7),
(91, '2021-03-30 21:47:51.131003', 'tharushaw', '2021-03-30 21:47:51.131003', 'tharushaw', 'PYSIC', '67567', '456', 'TEARST', 7),
(92, '2021-03-30 21:47:51.167517', 'tharushaw', '2021-03-30 21:47:51.167517', 'tharushaw', 'PYSIC', '56', '23', 'ABRASION', 7),
(93, '2021-03-30 21:47:51.227909', 'tharushaw', '2021-03-30 21:47:51.227909', 'tharushaw', 'PYSIC', '167', '45', 'CBD', 7),
(94, '2021-03-30 21:47:51.286866', 'tharushaw', '2021-03-30 21:47:51.286866', 'tharushaw', 'RHEO', '67', '2', 'ML', 7),
(95, '2021-03-30 21:47:51.334599', 'tharushaw', '2021-03-30 21:47:51.334599', 'tharushaw', 'RHEO', '678', '34', 'MH', 7),
(96, '2021-03-30 21:47:51.395854', 'tharushaw', '2021-03-30 21:47:51.395854', 'tharushaw', 'RHEO', '67', '4', 'TS2', 7),
(97, '2021-03-30 21:47:51.446416', 'tharushaw', '2021-03-30 21:47:51.446416', 'tharushaw', 'RHEO', '87', '45', 'T90', 7),
(98, '2021-03-30 21:47:51.507440', 'tharushaw', '2021-03-30 21:47:51.507440', 'tharushaw', 'VIS', '77', '34', 'VISCOSITY', 7),
(99, '2021-03-30 21:48:57.574625', 'tharushaw', '2021-03-30 21:49:53.968805', 'tharushaw', 'PYSIC', '88', '77', 'SG', 8),
(100, '2021-03-30 21:48:57.658401', 'tharushaw', '2021-03-30 21:49:54.086159', 'tharushaw', 'PYSIC', '5', '44', 'HARDNESS', 8),
(101, '2021-03-30 21:48:57.694666', 'tharushaw', '2021-03-30 21:49:54.121839', 'tharushaw', 'PYSIC', '78', '45', 'RES', 8),
(102, '2021-03-30 21:48:57.744119', 'tharushaw', '2021-03-30 21:49:54.156800', 'tharushaw', 'PYSIC', '567', '34', 'TENST', 8),
(103, '2021-03-30 21:48:57.779767', 'tharushaw', '2021-03-30 21:49:54.273861', 'tharushaw', 'PYSIC', '65', '34', 'MODULUS', 8),
(104, '2021-03-30 21:48:57.816193', 'tharushaw', '2021-03-30 21:49:54.333993', 'tharushaw', 'PYSIC', '678', '234', 'EAB', 8),
(105, '2021-03-30 21:48:57.867232', 'tharushaw', '2021-03-30 21:49:54.371649', 'tharushaw', 'PYSIC', '567', '234', 'TEARST', 8),
(106, '2021-03-30 21:48:57.902637', 'tharushaw', '2021-03-30 21:49:54.404105', 'tharushaw', 'PYSIC', '567', '256', 'ABRASION', 8),
(107, '2021-03-30 21:48:57.996145', 'tharushaw', '2021-03-30 21:49:54.483304', 'tharushaw', 'PYSIC', '5', '2', 'CBD', 8),
(108, '2021-03-30 21:48:58.057421', 'tharushaw', '2021-03-30 21:49:54.590881', 'tharushaw', 'RHEO', '687', '345', 'ML', 8),
(109, '2021-03-30 21:48:58.105834', 'tharushaw', '2021-03-30 21:49:54.627150', 'tharushaw', 'RHEO', '56', '23', 'MH', 8),
(110, '2021-03-30 21:48:58.139703', 'tharushaw', '2021-03-30 21:49:54.663065', 'tharushaw', 'RHEO', '76', '34', 'TS2', 8),
(111, '2021-03-30 21:48:58.189044', 'tharushaw', '2021-03-30 21:49:54.697841', 'tharushaw', 'RHEO', '7567', '2346', 'T90', 8),
(112, '2021-03-30 21:48:58.225104', 'tharushaw', '2021-03-30 21:49:54.741660', 'tharushaw', 'VIS', '67', '34', 'VISCOSITY', 8),
(113, '2021-03-30 21:51:54.441233', 'tharushaw', '2021-03-30 21:51:54.441233', 'tharushaw', 'PYSIC', '679', '342', 'SG', 9),
(114, '2021-03-30 21:51:54.515154', 'tharushaw', '2021-03-30 21:51:54.515154', 'tharushaw', 'PYSIC', '679', '567', 'HARDNESS', 9),
(115, '2021-03-30 21:51:54.622126', 'tharushaw', '2021-03-30 21:51:54.622126', 'tharushaw', 'PYSIC', '56', '4', 'RES', 9),
(116, '2021-03-30 21:51:54.658039', 'tharushaw', '2021-03-30 21:51:54.658039', 'tharushaw', 'PYSIC', '673', '45', 'TENST', 9),
(117, '2021-03-30 21:51:54.718932', 'tharushaw', '2021-03-30 21:51:54.718932', 'tharushaw', 'PYSIC', '567', '487', 'MODULUS', 9),
(118, '2021-03-30 21:51:54.875505', 'tharushaw', '2021-03-30 21:51:54.875505', 'tharushaw', 'PYSIC', '67', '23', 'EAB', 9),
(119, '2021-03-30 21:51:54.921904', 'tharushaw', '2021-03-30 21:51:54.921904', 'tharushaw', 'PYSIC', '56', '23', 'TEARST', 9),
(120, '2021-03-30 21:51:54.998157', 'tharushaw', '2021-03-30 21:51:54.998157', 'tharushaw', 'PYSIC', '56', '23', 'ABRASION', 9),
(121, '2021-03-30 21:51:55.116037', 'tharushaw', '2021-03-30 21:51:55.116037', 'tharushaw', 'PYSIC', '56678', '3456', 'CBD', 9),
(122, '2021-03-30 21:51:55.198316', 'tharushaw', '2021-03-30 21:51:55.198316', 'tharushaw', 'RHEO', '87', '56', 'ML', 9),
(123, '2021-03-30 21:51:55.293352', 'tharushaw', '2021-03-30 21:51:55.293352', 'tharushaw', 'RHEO', '783', '45', 'MH', 9),
(124, '2021-03-30 21:51:55.341906', 'tharushaw', '2021-03-30 21:51:55.341906', 'tharushaw', 'RHEO', '678', '4', 'TS2', 9),
(125, '2021-03-30 21:51:55.408538', 'tharushaw', '2021-03-30 21:51:55.408538', 'tharushaw', 'RHEO', '5.5', '5', 'T90', 9),
(126, '2021-03-30 21:51:55.444897', 'tharushaw', '2021-03-30 21:51:55.444897', 'tharushaw', 'VIS', '78', '56', 'VISCOSITY', 9),
(127, '2021-03-30 21:53:13.730569', 'tharushaw', '2021-03-30 21:53:13.730569', 'tharushaw', 'PYSIC', '34', '23', 'SG', 10),
(128, '2021-03-30 21:53:13.803176', 'tharushaw', '2021-03-30 21:53:13.803176', 'tharushaw', 'PYSIC', '45', '23', 'HARDNESS', 10),
(129, '2021-03-30 21:53:13.848528', 'tharushaw', '2021-03-30 21:53:13.848528', 'tharushaw', 'PYSIC', '56', '2', 'RES', 10),
(130, '2021-03-30 21:53:13.922695', 'tharushaw', '2021-03-30 21:53:13.922695', 'tharushaw', 'PYSIC', '78', '56', 'TENST', 10),
(131, '2021-03-30 21:53:13.947691', 'tharushaw', '2021-03-30 21:53:13.947691', 'tharushaw', 'PYSIC', '34', '23', 'SG', 11),
(132, '2021-03-30 21:53:13.973128', 'tharushaw', '2021-03-30 21:53:13.973128', 'tharushaw', 'PYSIC', '678', '23', 'MODULUS', 10),
(133, '2021-03-30 21:53:13.998615', 'tharushaw', '2021-03-30 21:53:13.998615', 'tharushaw', 'PYSIC', '45', '23', 'HARDNESS', 11),
(134, '2021-03-30 21:53:14.048763', 'tharushaw', '2021-03-30 21:53:14.048763', 'tharushaw', 'PYSIC', '567', '23', 'EAB', 10),
(135, '2021-03-30 21:53:14.097500', 'tharushaw', '2021-03-30 21:53:14.097500', 'tharushaw', 'PYSIC', '56', '2', 'RES', 11),
(136, '2021-03-30 21:53:14.120561', 'tharushaw', '2021-03-30 21:53:14.120561', 'tharushaw', 'PYSIC', '56', '4', 'TEARST', 10),
(137, '2021-03-30 21:53:14.145366', 'tharushaw', '2021-03-30 21:53:14.145366', 'tharushaw', 'PYSIC', '78', '56', 'TENST', 11),
(138, '2021-03-30 21:53:14.170352', 'tharushaw', '2021-03-30 21:53:14.170352', 'tharushaw', 'PYSIC', '6', '4', 'ABRASION', 10),
(139, '2021-03-30 21:53:14.194560', 'tharushaw', '2021-03-30 21:53:14.194560', 'tharushaw', 'PYSIC', '678', '23', 'MODULUS', 11),
(140, '2021-03-30 21:53:14.219487', 'tharushaw', '2021-03-30 21:53:14.219487', 'tharushaw', 'PYSIC', '56', '3', 'CBD', 10),
(141, '2021-03-30 21:53:14.243982', 'tharushaw', '2021-03-30 21:53:14.243982', 'tharushaw', 'PYSIC', '567', '23', 'EAB', 11),
(142, '2021-03-30 21:53:14.301793', 'tharushaw', '2021-03-30 21:53:14.301793', 'tharushaw', 'PYSIC', '56', '4', 'TEARST', 11),
(143, '2021-03-30 21:53:14.301793', 'tharushaw', '2021-03-30 21:53:14.301793', 'tharushaw', 'RHEO', '67', '23', 'ML', 10),
(144, '2021-03-30 21:53:14.337288', 'tharushaw', '2021-03-30 21:53:14.337288', 'tharushaw', 'RHEO', '678', '345', 'MH', 10),
(145, '2021-03-30 21:53:14.337288', 'tharushaw', '2021-03-30 21:53:14.337288', 'tharushaw', 'PYSIC', '6', '4', 'ABRASION', 11),
(146, '2021-03-30 21:53:14.465619', 'tharushaw', '2021-03-30 21:53:14.465619', 'tharushaw', 'PYSIC', '56', '3', 'CBD', 11),
(147, '2021-03-30 21:53:14.465619', 'tharushaw', '2021-03-30 21:53:14.465619', 'tharushaw', 'RHEO', '567', '234', 'TS2', 10),
(148, '2021-03-30 21:53:14.921460', 'tharushaw', '2021-03-30 21:53:14.921460', 'tharushaw', 'RHEO', '5678', '2367', 'T90', 10),
(149, '2021-03-30 21:53:14.921460', 'tharushaw', '2021-03-30 21:53:14.921460', 'tharushaw', 'RHEO', '67', '23', 'ML', 11),
(150, '2021-03-30 21:53:14.993489', 'tharushaw', '2021-03-30 21:53:14.993489', 'tharushaw', 'RHEO', '678', '345', 'MH', 11),
(151, '2021-03-30 21:53:15.017695', 'tharushaw', '2021-03-30 21:53:15.017695', 'tharushaw', 'VIS', '7', '4', 'VISCOSITY', 10),
(152, '2021-03-30 21:53:15.042923', 'tharushaw', '2021-03-30 21:53:15.042923', 'tharushaw', 'RHEO', '567', '234', 'TS2', 11),
(153, '2021-03-30 21:53:15.116112', 'tharushaw', '2021-03-30 21:53:15.116112', 'tharushaw', 'RHEO', '5678', '2367', 'T90', 11),
(154, '2021-03-30 21:53:15.189935', 'tharushaw', '2021-03-30 21:53:15.189935', 'tharushaw', 'VIS', '7', '4', 'VISCOSITY', 11);

-- --------------------------------------------------------

--
-- Table structure for table `user`
--

DROP TABLE IF EXISTS `user`;
CREATE TABLE IF NOT EXISTS `user` (
  `id` int(11) NOT NULL AUTO_INCREMENT,
  `created_at` datetime(6) NOT NULL,
  `created_by` varchar(255) NOT NULL,
  `updated_at` datetime(6) NOT NULL,
  `updated_by` varchar(255) NOT NULL,
  `enabled` bit(1) NOT NULL,
  `password` varchar(255) NOT NULL,
  `username` varchar(255) NOT NULL,
  `employee_id` int(11) NOT NULL,
  `live_dead` varchar(255) DEFAULT NULL,
  PRIMARY KEY (`id`),
  UNIQUE KEY `UK_sb8bbouer5wak8vyiiy4pf2bx` (`username`),
  KEY `FK211dk0pe7l3aibwce8yy61ota` (`employee_id`)
) ENGINE=InnoDB AUTO_INCREMENT=7 DEFAULT CHARSET=utf8mb4 COLLATE=utf8mb4_0900_ai_ci;

--
-- Dumping data for table `user`
--

INSERT INTO `user` (`id`, `created_at`, `created_by`, `updated_at`, `updated_by`, `enabled`, `password`, `username`, `employee_id`, `live_dead`) VALUES
(1, '2021-03-28 18:15:04.366682', 'anonymousUser', '2021-04-03 00:37:14.552522', 'admin', b'1', '$2a$10$kJZupm5kQTz49NybdftdCOy3sVAtu/utgf7zgT6okrp9C/ob9NKEW', 'admin', 1, 'ACTIVE'),
(2, '2021-03-29 16:44:30.243201', 'admin', '2021-03-29 17:21:23.729696', 'admin', b'1', '$2a$10$0SvbPgJAkp9PnLGOYS4pyewvKVtFsBDe0g8WCkmGA5pJaKk.He/Se', 'charithaa', 2, 'ACTIVE'),
(3, '2021-03-29 18:28:47.276087', 'admin', '2021-03-29 18:28:47.276087', 'admin', b'1', '$2a$10$NkmyGV9bvVRiwnDmEZeE1eFWAzI04ouIxzpbBmrF79nLTzQCOy6pm', 'chamodp', 3, 'ACTIVE'),
(4, '2021-03-29 18:29:22.039431', 'admin', '2021-03-29 18:29:22.039431', 'admin', b'1', '$2a$10$WH/.CKPGeM99eHP9u1u8muodOlHOx8sUujDABZg0YymrXLc0p3.9.', 'samindak', 4, 'ACTIVE'),
(5, '2021-03-29 18:30:07.737575', 'admin', '2021-03-29 18:30:07.737575', 'admin', b'1', '$2a$10$9zf6WqeIxs8lr.1N1yatLejKyXWBEymaEvbrG14KShRakGSjCFhRi', 'tharushaw', 5, 'ACTIVE'),
(6, '2021-03-29 18:35:25.475069', 'admin', '2021-03-29 18:35:25.475069', 'admin', b'1', '$2a$10$XHE3KpUhYVpC7CLgaeR5l.fBpkynNU0txKGBSe2OQ8GI/fC31uvqG', 'sarithag', 6, 'ACTIVE');

-- --------------------------------------------------------

--
-- Table structure for table `user_role`
--

DROP TABLE IF EXISTS `user_role`;
CREATE TABLE IF NOT EXISTS `user_role` (
  `user_id` int(11) NOT NULL,
  `role_id` int(11) NOT NULL,
  KEY `FKa68196081fvovjhkek5m97n3y` (`role_id`),
  KEY `FK859n2jvi8ivhui0rl0esws6o` (`user_id`)
) ENGINE=InnoDB DEFAULT CHARSET=utf8mb4 COLLATE=utf8mb4_0900_ai_ci;

--
-- Dumping data for table `user_role`
--

INSERT INTO `user_role` (`user_id`, `role_id`) VALUES
(2, 2),
(3, 3),
(4, 4),
(5, 5),
(6, 6),
(1, 1),
(1, 2),
(1, 3),
(1, 4),
(1, 5),
(1, 6),
(1, 7),
(1, 8);

-- --------------------------------------------------------

--
-- Table structure for table `user_session_log`
--

DROP TABLE IF EXISTS `user_session_log`;
CREATE TABLE IF NOT EXISTS `user_session_log` (
  `id` int(11) NOT NULL AUTO_INCREMENT,
  `created_at` datetime(6) NOT NULL,
  `failure_attempts` int(11) NOT NULL,
  `user_session_log_status` varchar(255) DEFAULT NULL,
  `user_id` int(11) DEFAULT NULL,
  PRIMARY KEY (`id`),
  KEY `FKrhb4wune1hnnhdsbiah2ojo5l` (`user_id`)
) ENGINE=InnoDB AUTO_INCREMENT=172 DEFAULT CHARSET=utf8mb4 COLLATE=utf8mb4_0900_ai_ci;

--
-- Dumping data for table `user_session_log`
--

INSERT INTO `user_session_log` (`id`, `created_at`, `failure_attempts`, `user_session_log_status`, `user_id`) VALUES
(1, '2021-03-28 18:18:27.124339', 0, 'LOGGED', 1),
(2, '2021-03-28 18:57:56.289227', 0, 'LOGGED', 1),
(3, '2021-03-28 20:11:10.263146', 0, 'LOGGED', 1),
(4, '2021-03-29 09:53:13.636290', 0, 'LOGGED', 1),
(5, '2021-03-29 11:11:36.565349', 0, 'LOGGED', 1),
(6, '2021-03-29 12:45:37.335226', 0, 'LOGGED', 1),
(7, '2021-03-29 13:27:16.804707', 0, 'LOGGED', 1),
(8, '2021-03-29 16:22:25.214705', 0, 'LOGGED', 1),
(9, '2021-03-29 16:31:47.711559', 0, 'LOGGED', 1),
(10, '2021-03-29 16:45:15.963326', 0, 'LOGOUT', 1),
(11, '2021-03-29 16:45:22.863211', 0, 'LOGGED', 2),
(12, '2021-03-29 17:19:19.987571', 0, 'LOGGED', 1),
(13, '2021-03-29 17:19:43.877648', 0, 'LOGOUT', 1),
(14, '2021-03-29 17:20:57.916704', 0, 'LOGGED', 1),
(15, '2021-03-29 17:21:28.058710', 0, 'LOGOUT', 1),
(16, '2021-03-29 17:21:35.532203', 0, 'LOGGED', 2),
(17, '2021-03-29 17:32:31.625364', 0, 'LOGGED', 2),
(18, '2021-03-29 17:33:37.820723', 0, 'LOGGED', 1),
(19, '2021-03-29 17:35:15.350309', 0, 'LOGGED', 1),
(20, '2021-03-29 17:38:48.723491', 0, 'LOGGED', 1),
(21, '2021-03-29 17:38:53.108518', 0, 'LOGOUT', 1),
(22, '2021-03-29 17:39:06.303726', 0, 'LOGGED', 2),
(23, '2021-03-29 17:53:48.924938', 0, 'LOGGED', 2),
(24, '2021-03-29 18:02:59.398397', 0, 'LOGGED', 2),
(25, '2021-03-29 18:05:46.292839', 0, 'LOGGED', 1),
(26, '2021-03-29 18:05:51.521906', 0, 'LOGOUT', 1),
(27, '2021-03-29 18:06:04.115363', 0, 'LOGGED', 2),
(28, '2021-03-29 18:10:22.044389', 0, 'LOGGED', 2),
(29, '2021-03-29 18:12:12.462755', 0, 'LOGGED', 2),
(30, '2021-03-29 18:26:35.279716', 0, 'LOGGED', 1),
(31, '2021-03-29 19:44:25.638944', 0, 'LOGGED', 1),
(32, '2021-03-29 19:59:31.161952', 0, 'LOGGED', 1),
(33, '2021-03-29 20:12:14.346396', 0, 'LOGOUT', 1),
(34, '2021-03-29 20:12:25.680192', 0, 'LOGGED', 6),
(35, '2021-03-30 15:54:25.947033', 0, 'LOGGED', 1),
(36, '2021-03-30 18:30:20.008944', 0, 'LOGGED', 1),
(37, '2021-03-30 18:31:25.957810', 0, 'LOGGED', 1),
(38, '2021-03-30 18:32:41.204121', 0, 'LOGOUT', 1),
(39, '2021-03-30 18:32:51.298717', 0, 'LOGGED', 2),
(40, '2021-03-30 19:02:42.833952', 0, 'LOGOUT', 2),
(41, '2021-03-30 19:02:48.211629', 0, 'LOGGED', 1),
(42, '2021-03-30 19:10:57.314476', 0, 'LOGOUT', 1),
(43, '2021-03-30 19:11:02.886605', 0, 'LOGGED', 3),
(44, '2021-03-30 19:19:56.068079', 0, 'LOGGED', 4),
(45, '2021-03-30 21:11:26.632463', 0, 'LOGGED', 4),
(46, '2021-03-30 21:43:24.227981', 0, 'LOGOUT', 4),
(47, '2021-03-30 21:43:29.158051', 0, 'LOGGED', 5),
(48, '2021-03-30 22:13:26.162605', 0, 'LOGOUT', 5),
(49, '2021-03-30 22:13:31.803895', 0, 'LOGGED', 2),
(50, '2021-03-30 22:16:49.283325', 0, 'LOGOUT', 2),
(51, '2021-03-30 22:17:03.778957', 0, 'LOGGED', 1),
(52, '2021-03-30 22:17:29.809551', 0, 'LOGOUT', 1),
(53, '2021-03-30 22:17:35.343060', 0, 'LOGGED', 4),
(54, '2021-03-30 22:23:21.087691', 0, 'LOGOUT', 4),
(55, '2021-03-30 22:23:26.718550', 0, 'LOGGED', 6),
(56, '2021-03-30 22:47:17.249172', 0, 'LOGGED', 6),
(57, '2021-03-31 08:28:14.957088', 0, 'LOGGED', 1),
(58, '2021-03-31 08:33:41.150162', 0, 'LOGOUT', 1),
(59, '2021-03-31 08:33:51.801834', 0, 'LOGGED', 6),
(60, '2021-03-31 08:45:51.096534', 0, 'LOGGED', 6),
(61, '2021-03-31 08:52:33.681314', 0, 'LOGGED', 6),
(62, '2021-03-31 08:55:02.934583', 0, 'LOGGED', 6),
(63, '2021-03-31 08:56:30.232216', 0, 'LOGGED', 6),
(64, '2021-03-31 09:00:58.224920', 0, 'LOGGED', 6),
(65, '2021-03-31 09:22:02.355715', 0, 'LOGGED', 6),
(66, '2021-03-31 09:28:21.653226', 0, 'LOGGED', 6),
(67, '2021-03-31 09:30:18.021788', 0, 'LOGGED', 6),
(68, '2021-03-31 09:31:32.512933', 0, 'LOGOUT', 6),
(69, '2021-03-31 09:31:40.321775', 0, 'LOGGED', 2),
(70, '2021-03-31 09:36:16.187036', 0, 'LOGOUT', 2),
(71, '2021-03-31 09:36:25.792655', 0, 'LOGGED', 1),
(72, '2021-03-31 09:54:54.186760', 0, 'LOGGED', 6),
(73, '2021-03-31 10:12:42.980726', 0, 'LOGOUT', 6),
(74, '2021-03-31 10:13:03.806006', 0, 'LOGGED', 4),
(75, '2021-03-31 10:44:07.520231', 0, 'LOGOUT', 4),
(76, '2021-03-31 10:44:16.048879', 0, 'LOGGED', 5),
(77, '2021-03-31 10:50:36.615189', 0, 'LOGGED', 4),
(78, '2021-03-31 10:55:59.365877', 0, 'LOGOUT', 4),
(79, '2021-03-31 10:56:08.129199', 0, 'LOGGED', 6),
(80, '2021-03-31 11:54:01.257997', 0, 'LOGGED', 6),
(81, '2021-03-31 16:10:06.424156', 0, 'LOGGED', 1),
(82, '2021-03-31 16:10:46.944773', 0, 'LOGOUT', 1),
(83, '2021-03-31 16:10:58.268643', 0, 'LOGGED', 6),
(84, '2021-03-31 17:30:26.993509', 0, 'LOGGED', 6),
(85, '2021-03-31 17:45:30.576469', 0, 'LOGGED', 6),
(86, '2021-03-31 19:08:28.059954', 0, 'LOGGED', 6),
(87, '2021-04-01 15:55:13.929617', 0, 'LOGGED', 6),
(88, '2021-04-01 17:05:03.777719', 0, 'LOGGED', 6),
(89, '2021-04-01 17:41:36.184990', 0, 'LOGGED', 6),
(90, '2021-04-01 17:56:09.199092', 0, 'LOGOUT', 6),
(91, '2021-04-01 17:56:19.049318', 0, 'LOGGED', 4),
(92, '2021-04-01 18:00:13.117618', 0, 'LOGOUT', 4),
(93, '2021-04-01 18:00:22.005537', 0, 'LOGGED', 6),
(94, '2021-04-01 23:54:26.527573', 0, 'LOGGED', 1),
(95, '2021-04-02 00:01:19.709172', 0, 'LOGOUT', 1),
(96, '2021-04-02 00:01:37.160546', 0, 'LOGGED', 6),
(97, '2021-04-02 00:19:17.933186', 0, 'LOGGED', 6),
(98, '2021-04-02 00:27:36.490451', 0, 'LOGGED', 6),
(99, '2021-04-02 16:47:54.999066', 0, 'LOGGED', 6),
(100, '2021-04-02 18:01:27.955231', 0, 'LOGGED', 6),
(101, '2021-04-02 18:58:49.780893', 0, 'LOGGED', 6),
(102, '2021-04-02 20:26:18.605656', 0, 'LOGGED', 6),
(103, '2021-04-02 21:06:41.873959', 0, 'LOGGED', 6),
(104, '2021-04-02 21:15:50.481820', 0, 'LOGGED', 6),
(105, '2021-04-02 22:05:48.827915', 0, 'LOGOUT', 6),
(106, '2021-04-02 22:05:55.414832', 0, 'LOGGED', 1),
(107, '2021-04-02 22:07:12.190179', 0, 'LOGOUT', 1),
(108, '2021-04-02 22:07:21.273067', 0, 'LOGGED', 6),
(109, '2021-04-02 23:53:35.211752', 0, 'LOGGED', 4),
(110, '2021-04-02 23:57:44.084797', 0, 'LOGOUT', 4),
(111, '2021-04-02 23:58:04.098203', 0, 'LOGGED', 1),
(112, '2021-04-03 00:37:30.629993', 0, 'LOGOUT', 1),
(113, '2021-04-03 00:37:37.054188', 0, 'LOGGED', 1),
(114, '2021-04-05 22:11:10.445777', 0, 'LOGGED', 1),
(115, '2021-04-05 22:14:58.533793', 0, 'LOGOUT', 1),
(116, '2021-04-05 22:20:10.781358', 0, 'LOGGED', 6),
(117, '2021-04-05 23:02:34.600740', 0, 'LOGGED', 6),
(118, '2021-04-06 13:04:58.221897', 0, 'LOGGED', 6),
(119, '2021-04-06 18:51:31.555705', 0, 'LOGGED', 6),
(120, '2021-04-06 20:43:38.875738', 0, 'LOGGED', 6),
(121, '2021-04-06 21:16:56.807467', 0, 'LOGGED', 6),
(122, '2021-04-06 21:34:52.251010', 0, 'LOGOUT', 6),
(123, '2021-04-06 21:34:58.319782', 0, 'LOGGED', 1),
(124, '2021-04-06 21:56:30.055138', 0, 'LOGGED', 1),
(125, '2021-04-06 22:18:19.632591', 0, 'LOGGED', 1),
(126, '2021-04-06 23:10:34.581179', 0, 'LOGGED', 1),
(127, '2021-04-06 23:59:49.200017', 0, 'LOGGED', 1),
(128, '2021-04-07 18:15:26.266702', 0, 'LOGGED', 1),
(129, '2021-04-07 19:14:47.371335', 0, 'LOGGED', 1),
(130, '2021-04-07 19:19:07.674393', 0, 'LOGGED', 1),
(131, '2021-04-08 17:21:53.798940', 0, 'LOGGED', 1),
(132, '2021-04-08 17:41:38.125257', 0, 'LOGGED', 1),
(133, '2021-04-08 18:34:50.532886', 0, 'LOGGED', 1),
(134, '2021-04-08 18:38:59.849378', 0, 'LOGGED', 1),
(135, '2021-04-09 22:24:19.499935', 0, 'LOGGED', 1),
(136, '2021-04-12 15:56:52.238124', 0, 'LOGGED', 1),
(137, '2021-04-12 16:14:20.519204', 0, 'LOGGED', 1),
(138, '2021-04-12 17:13:57.955837', 0, 'LOGGED', 6),
(139, '2021-04-12 17:14:29.589412', 0, 'LOGOUT', 6),
(140, '2021-04-12 17:14:37.260946', 0, 'LOGGED', 1),
(141, '2021-04-12 17:15:29.293041', 0, 'LOGOUT', 1),
(142, '2021-04-12 17:16:43.847981', 0, 'LOGGED', 4),
(143, '2021-04-12 20:27:52.614578', 0, 'LOGGED', 1),
(144, '2021-04-12 20:31:40.798030', 0, 'LOGGED', 1),
(145, '2021-04-12 22:54:19.137407', 0, 'LOGGED', 1),
(146, '2021-04-13 01:29:34.564710', 0, 'LOGGED', 1),
(147, '2021-04-13 01:57:08.856902', 0, 'LOGGED', 1),
(148, '2021-04-13 02:20:42.205920', 0, 'LOGOUT', 1),
(149, '2021-04-13 02:20:56.195088', 0, 'LOGGED', 6),
(150, '2021-04-13 02:21:49.499651', 0, 'LOGOUT', 6),
(151, '2021-04-13 02:21:56.587341', 0, 'LOGGED', 4),
(152, '2021-04-13 02:33:37.942164', 0, 'LOGGED', 1),
(153, '2021-04-13 02:44:16.307378', 0, 'LOGGED', 1),
(154, '2021-04-13 17:49:31.705358', 0, 'LOGGED', 1),
(155, '2021-04-13 21:36:31.141734', 0, 'LOGGED', 1),
(156, '2021-04-13 21:42:34.461704', 0, 'LOGOUT', 1),
(157, '2021-04-13 21:42:41.616401', 0, 'LOGGED', 6),
(158, '2021-04-13 22:18:55.062009', 0, 'LOGGED', 6),
(159, '2021-04-13 22:19:35.929663', 0, 'LOGOUT', 6),
(160, '2021-04-13 22:19:45.000359', 0, 'LOGGED', 1),
(161, '2021-04-13 22:20:02.041889', 0, 'LOGOUT', 1),
(162, '2021-04-13 22:20:16.881915', 0, 'LOGGED', 5),
(163, '2021-04-13 22:37:29.442082', 0, 'LOGOUT', 5),
(164, '2021-04-13 22:37:41.688675', 0, 'LOGGED', 5),
(165, '2021-04-13 22:55:19.455686', 0, 'LOGOUT', 5),
(166, '2021-04-13 22:55:26.370897', 0, 'LOGGED', 6),
(167, '2021-04-13 23:01:17.453033', 0, 'LOGOUT', 6),
(168, '2021-04-13 23:01:25.715303', 0, 'LOGGED', 5),
(169, '2021-04-13 23:02:51.901094', 0, 'LOGOUT', 5),
(170, '2021-04-13 23:02:58.478174', 0, 'LOGGED', 6),
(171, '2021-04-13 23:28:56.644325', 0, 'LOGGED', 6);

--
-- Constraints for dumped tables
--

--
-- Constraints for table `employee_files`
--
ALTER TABLE `employee_files`
  ADD CONSTRAINT `FKolualpa5dydj5r06txltc1y6d` FOREIGN KEY (`employee_id`) REFERENCES `employee` (`id`);

--
-- Constraints for table `payment`
--
ALTER TABLE `payment`
  ADD CONSTRAINT `FKjrgj4j0fxoolb4qsx9jjkr5y5` FOREIGN KEY (`sample_receiving_id`) REFERENCES `sample_receiving` (`id`);

--
-- Constraints for table `sample_receiving`
--
ALTER TABLE `sample_receiving`
  ADD CONSTRAINT `FK8x0822y3hdlctbsvffntygivh` FOREIGN KEY (`discount_ratio_id`) REFERENCES `discount_ratio` (`id`),
  ADD CONSTRAINT `FKabotpy92dim50i8xar6dxct27` FOREIGN KEY (`customer_id`) REFERENCES `customer` (`id`),
  ADD CONSTRAINT `FKnx9yk0isw7j2qrdrlmnqfkvw7` FOREIGN KEY (`compound_id`) REFERENCES `compound` (`id`);

--
-- Constraints for table `sample_receiving_lab_test`
--
ALTER TABLE `sample_receiving_lab_test`
  ADD CONSTRAINT `FK8j57592pe714f474p7uyl6o61` FOREIGN KEY (`sample_receiving_id`) REFERENCES `sample_receiving` (`id`);

--
-- Constraints for table `sample_receiving_lab_test_result`
--
ALTER TABLE `sample_receiving_lab_test_result`
  ADD CONSTRAINT `FK69g6rqxksfvbqkdasu077vw2p` FOREIGN KEY (`specification_id`) REFERENCES `specification` (`id`),
  ADD CONSTRAINT `FKtirgedd4r2hfnw8rgjd6qfepo` FOREIGN KEY (`sample_receiving_lab_test_id`) REFERENCES `sample_receiving_lab_test` (`id`);

--
-- Constraints for table `specification`
--
ALTER TABLE `specification`
  ADD CONSTRAINT `FKt2958kvke8lbutj8f93snap0f` FOREIGN KEY (`compound_id`) REFERENCES `compound` (`id`);

--
-- Constraints for table `user`
--
ALTER TABLE `user`
  ADD CONSTRAINT `FK211dk0pe7l3aibwce8yy61ota` FOREIGN KEY (`employee_id`) REFERENCES `employee` (`id`);

--
-- Constraints for table `user_role`
--
ALTER TABLE `user_role`
  ADD CONSTRAINT `FK859n2jvi8ivhui0rl0esws6o` FOREIGN KEY (`user_id`) REFERENCES `user` (`id`),
  ADD CONSTRAINT `FKa68196081fvovjhkek5m97n3y` FOREIGN KEY (`role_id`) REFERENCES `role` (`id`);

--
-- Constraints for table `user_session_log`
--
ALTER TABLE `user_session_log`
  ADD CONSTRAINT `FKrhb4wune1hnnhdsbiah2ojo5l` FOREIGN KEY (`user_id`) REFERENCES `user` (`id`);
COMMIT;

/*!40101 SET CHARACTER_SET_CLIENT=@OLD_CHARACTER_SET_CLIENT */;
/*!40101 SET CHARACTER_SET_RESULTS=@OLD_CHARACTER_SET_RESULTS */;
/*!40101 SET COLLATION_CONNECTION=@OLD_COLLATION_CONNECTION */;
